33.872986000000004,16.5826593,0.30935,0.32380000000000003
33.68014755000001,16.7417477,0.30950000000000005,0.3235
33.48729015000001,16.900812000000002,0.30960000000000004,0.32325000000000004
33.294416250000005,17.059855250000002,0.30975,0.323
33.10152840000001,17.218880600000002,0.30990000000000006,0.32275000000000004
32.90862905,17.3778912,0.31000000000000005,0.3225
32.715720700000006,17.5368901,0.31015000000000004,0.32220000000000004
32.52280590000001,17.6958805,0.3103,0.32195
32.32988710000001,17.854865500000002,0.3104,0.32170000000000004
32.13696685000001,18.0138482,0.31055000000000005,0.32145
31.944047550000004,18.1728317,0.31070000000000003,0.32120000000000004
31.751131800000007,18.3318192,0.3108,0.32095
31.558222050000005,18.4908138,0.31095000000000006,0.32065000000000005
31.365320850000003,18.64981855,0.31110000000000004,0.3204
31.172430600000006,18.80883665,0.31120000000000003,0.32015
30.979553900000006,18.9678712,0.31135,0.3199
30.786693200000006,19.12692535,0.31150000000000005,0.31965
30.593850950000004,19.28600215,0.31160000000000004,0.31935
30.401029750000006,19.445104800000003,0.31175,0.3191
30.208232050000007,19.6042364,0.31190000000000007,0.31885
30.015458950000006,19.763398300000002,0.31200000000000006,0.3186
29.822708550000005,19.9225883,0.31215000000000004,0.31835
29.629978650000005,20.08180355,0.3123,0.31810000000000005
29.437266950000005,20.2410413,0.3124,0.3178
29.244571200000006,20.4002988,0.31255000000000005,0.31755
29.051889100000004,20.5595733,0.3127,0.3173
28.859218400000003,20.71886195,0.3128,0.31705000000000005
28.666556850000006,20.87816205,0.31295000000000006,0.3168
28.473902150000004,21.037470850000002,0.3131,0.3165
28.281252050000006,21.1967855,0.31320000000000003,0.31625000000000003
28.088604350000004,21.35610325,0.31335,0.31600000000000006
27.895956700000006,21.51542135,0.3135,0.31575000000000003
27.703306850000004,21.674737,0.31360000000000005,0.3155
27.510652550000007,21.8340475,0.31375000000000003,0.31525000000000003
27.317991550000006,21.99335,0.3139,0.31495000000000006
27.125321550000006,22.15264175,0.31400000000000006,0.3147
26.932640300000006,22.31192,0.31415000000000004,0.31445
26.739945550000005,22.471181950000002,0.3143,0.31420000000000003
26.547235000000004,22.63042485,0.3144,0.31395
26.354506450000006,22.78964595,0.31455000000000005,0.31365
26.161757550000004,22.94884245,0.3147,0.3134
25.968986050000005,23.10801155,0.3148,0.31315000000000004
25.776189750000007,23.26715055,0.31495000000000006,0.3129
25.583366300000005,23.426256600000002,0.3151,0.31265000000000004
25.390513550000005,23.585327,0.31520000000000004,0.3124
25.197629100000007,23.7443589,0.31535,0.31210000000000004
25.004710750000005,23.903349650000003,0.3155,0.31185
24.811756400000007,24.062296550000003,0.31560000000000005,0.31160000000000004
24.618766150000006,24.22119975,0.31575000000000003,0.31135
24.425741750000007,24.380061400000002,0.3159,0.31110000000000004
24.232684950000007,24.538883600000002,0.31600000000000006,0.3108
24.039597600000004,24.697668550000003,0.31615000000000004,0.31055000000000005
23.846481450000006,24.856418400000003,0.3163,0.3103
23.653338300000005,25.0151353,0.3164,0.31005
23.460169900000004,25.1738214,0.31655000000000005,0.3098
23.266978100000003,25.332478899999998,0.3167,0.30955
23.073764600000004,25.49110985,0.3168,0.30925
22.880531300000005,25.6497165,0.31695000000000007,0.309
22.687279850000003,25.808301,0.3164,0.30895000000000006
22.494012150000003,25.9668655,0.31570000000000004,0.30895000000000006
22.300729950000004,26.1254121,0.31495000000000006,0.30895000000000006
22.107435000000002,26.28394305,0.31425000000000003,0.30895000000000006
21.914129150000004,26.4424604,0.3135,0.30895000000000006
21.720814100000005,26.6009664,0.31275000000000003,0.3089
21.527491750000003,26.759463150000002,0.31205,0.3089
21.334163800000006,26.917952850000002,0.3113,0.3089
21.140832050000007,27.076437650000003,0.31055000000000005,0.3089
20.947498300000007,27.234919650000002,0.30985,0.3089
20.754164350000003,27.39340105,0.30910000000000004,0.3089
20.560831950000004,27.551884,0.3084,0.3089
20.367502950000002,27.710370700000002,0.30765,0.3089
20.174179050000006,27.86886325,0.3069,0.3089
19.980862100000003,28.027363800000003,0.3062,0.30885
19.787553850000005,28.1858745,0.30545,0.30885
19.594256100000003,28.3443976,0.30475,0.30885
19.400970900000004,28.5029355,0.30400000000000005,0.30885
19.207700550000006,28.661491100000003,0.30325,0.30885
19.014447350000005,28.8200673,0.30255000000000004,0.30885
18.821213600000004,28.97866695,0.3018,0.30885
18.62800165,29.137293,0.30105000000000004,0.30885
18.434813850000005,29.295948250000002,0.30035,0.30885
18.241652450000004,29.4546357,0.29960000000000003,0.3089
18.048519850000005,29.6133582,0.29895,0.30920000000000003
17.855418300000004,29.772118650000003,0.29825,0.30945
17.662350200000006,29.9309199,0.29755,0.30975
17.469317800000002,30.0897649,0.29685,0.31005
17.276323450000007,30.248656500000003,0.29615,0.31035
17.083369450000006,30.407597650000003,0.29550000000000004,0.31065000000000004
16.890458150000004,30.56659115,0.2948,0.3109
16.697591900000006,30.72563995,0.2941,0.31120000000000003
16.504772950000007,30.88474695,0.29340000000000005,0.31150000000000005
16.312003650000005,31.043915000000002,0.2927,0.3118
16.119286300000002,31.203147050000002,0.29205000000000003,0.31210000000000004
15.926623300000006,31.36244595,0.29135,0.3124
15.734016900000004,31.521814600000003,0.29065,0.31265000000000004
15.541469450000005,31.681255900000004,0.28995000000000004,0.31295000000000006
15.348983250000007,31.840772750000003,0.28925,0.31325000000000003
15.156560600000006,32.00036805,0.2886,0.31355
14.964203900000005,32.16004465,0.2879,0.31385
14.771915400000005,32.319805450000004,0.2872,0.31410000000000005
14.579697450000005,32.47965335,0.28650000000000003,0.3144
14.387552400000004,32.6395913,0.2858,0.3147
14.195478600000001,32.799617350000005,0.28515,0.315
14.003447900000005,32.95969745,0.28445000000000004,0.3153
13.811421050000003,33.119783850000005,0.28375,0.31555
13.619358750000004,33.279829050000004,0.28304999999999997,0.31585
13.427221650000003,33.43978525,0.28235000000000005,0.31615000000000004
13.234970550000003,33.59960485,0.2817,0.31645
13.042566050000005,33.7592402,0.281,0.31675000000000003
12.849968900000004,33.91864365,0.2803,0.31705000000000005
12.657139800000003,34.07776745,0.2796,0.3173
12.464039400000004,34.23656405,0.27890000000000004,0.31760000000000005
12.270628500000004,34.394985750000004,0.27825000000000005,0.3179
12.076867700000005,34.5529849,0.27755,0.31820000000000004
11.882717750000005,34.7105138,0.27685,0.3185
11.688142250000002,34.86752795,0.27615,0.31875000000000003
11.493549450000003,35.02445735,0.27545000000000003,0.31905000000000006
11.300263900000004,35.182710400000005,0.27480000000000004,0.31935
11.109723300000002,35.3438161,0.2741,0.31965
10.923365400000005,35.50930355,0.27340000000000003,0.31995
10.742627850000005,35.68070175,0.2727,0.32025000000000003
10.568948400000004,35.85953980000001,0.27475,0.34435
10.403899050000007,36.047371350000006,0.32045,0.32845
10.253377400000005,36.2465416,0.3607,0.31885
10.128429100000005,36.460338050000004,0.3642,0.35105000000000003
10.040400450000003,36.692103100000004,0.3643,0.39070000000000005
10.000000000000004,36.942713350000005,0.3751,0.4086000000000001
10.013714800000002,37.19672245,0.3892,0.40970000000000006
10.086316500000006,37.43205105,0.39675,0.40730000000000005
10.221538200000005,37.6279005,0.39020000000000005,0.41485000000000005
10.410245500000002,37.7796541,0.38885000000000003,0.39365000000000006
10.634579000000002,37.89366755,0.3556,0.40335000000000004
10.876514300000004,37.9765048,0.34755,0.3634
11.121623400000004,38.034479250000004,0.3436,0.31525000000000003
11.367511850000003,38.07306575,0.32375,0.29500000000000004
11.614299100000004,38.09756395,0.303,0.30205000000000004
11.862098950000004,38.11319345,0.29385,0.32005
12.110868350000004,38.122947350000004,0.2931,0.32280000000000003
12.360390450000004,38.127353150000005,0.294,0.3153
12.610439450000001,38.126810500000005,0.29495,0.30785
12.860789550000003,38.12171905,0.29755,0.2988
13.111214900000004,38.11247835,0.30015000000000003,0.28975
13.361489700000003,38.09948815,0.30035,0.28435000000000005
13.611398300000005,38.083127000000005,0.29960000000000003,0.2804
13.860844250000003,38.0635269,0.2989,0.27645000000000003
14.109809000000002,38.04065885,0.29085,0.28105
14.358275250000005,38.014491050000004,0.28235000000000005,0.2862
14.606225750000004,37.9849917,0.27494999999999997,0.29145
14.853643300000005,37.95212910000001,0.26975,0.29695
15.100510550000003,37.9158715,0.26625000000000004,0.29775
15.346810300000005,37.87618705,0.2634,0.29685
15.592525250000005,37.83304405,0.26965,0.29045000000000004
15.837638200000004,37.78641075,0.2811,0.281
16.082131800000003,37.73625535000001,0.2925,0.2715
16.325988900000002,37.68254605,0.2864,0.27545000000000003
16.569192150000006,37.62525120000001,0.27905,0.2803
16.811724300000005,37.5643389,0.27290000000000003,0.28435000000000005
17.053509450000004,37.49970265,0.27530000000000004,0.28265
17.294278900000005,37.430990050000005,0.2777,0.28095
17.533724350000004,37.357798100000004,0.28235000000000005,0.2791
17.771537550000005,37.279723950000005,0.28775,0.2767
18.007410250000007,37.196364700000004,0.29740000000000005,0.26720000000000005
18.241034150000004,37.1073174,0.2969,0.2684
18.47210185,37.0121814,0.27635000000000004,0.29065
18.700393150000004,36.910778750000006,0.2782,0.292
18.925849750000005,36.8033445,0.28835000000000005,0.2856
19.148430700000006,36.6901584,0.2816,0.29205000000000003
19.368095100000005,36.5715001,0.26905,0.303
19.584802100000005,36.4476494,0.25905,0.3114
19.798510800000003,36.318886000000006,0.2665,0.30285000000000006
20.00918525,36.185491,0.2739,0.29425
20.216920600000005,36.0477822,0.2788,0.28955000000000003
20.421953750000007,35.906117,0.28340000000000004,0.28535
20.624528600000005,35.76085475,0.28765,0.2818
20.824889150000004,35.612354800000006,0.28965,0.2837
21.02327925,35.4609765,0.2916,0.2856
21.219942800000005,35.307079200000004,0.29275,0.2868
21.415123800000003,35.1510223,0.29005000000000003,0.28490000000000004
21.609066150000004,34.99316515,0.28735,0.28300000000000003
21.802013800000005,34.83386705,0.28465,0.28105
21.994210600000002,34.6734874,0.28195000000000003,0.27915
22.185900550000007,34.512385550000005,0.27930000000000005,0.27725
22.377327500000007,34.350920900000006,0.2766,0.27530000000000004
22.568735500000003,34.18945275,0.2739,0.27340000000000003
22.760339050000006,34.02829735,0.27305,0.27285
22.952180850000005,33.86751785,0.27235000000000004,0.27240000000000003
23.144240750000005,33.707085,0.2717,0.27195
23.336498700000007,33.546969600000004,0.271,0.27155
23.528934550000002,33.3871424,0.27035000000000003,0.2711
23.721528100000004,33.2275741,0.2697,0.2707
23.914259300000005,33.0682355,0.269,0.27025000000000005
24.107107900000003,32.90909725,0.26835000000000003,0.2698
24.300053850000005,32.750130150000004,0.26765,0.26940000000000003
24.493077000000007,32.59130495,0.267,0.26894999999999997
24.686157250000004,32.43259235,0.26635000000000003,0.2685
24.879274350000003,32.2739631,0.26565,0.2681
25.072408250000002,32.11538795,0.265,0.26765
25.265538750000005,31.956837650000004,0.2643,0.26720000000000005
25.458645800000006,31.79828285,0.26365,0.26680000000000004
25.651709200000006,31.63969445,0.263,0.26635000000000003
25.844708800000006,31.481043050000004,0.26230000000000003,0.26595
26.037624500000007,31.322299450000003,0.26165,0.2655
26.230436200000007,31.16343435,0.26095,0.26505
26.423123650000004,31.004418550000004,0.26030000000000003,0.26465
26.615666800000007,30.8452227,0.25965,0.2642
26.808045500000006,30.68581765,0.25895,0.26375000000000004
27.000239550000003,30.52617405,0.25830000000000003,0.26335000000000003
27.192228900000003,30.3662627,0.2576,0.2629
27.383993350000004,30.20605425,0.25695,0.2625
27.575512800000006,30.04551955,0.25630000000000003,0.26205
27.766767100000006,29.88462925,0.2556,0.2616
27.957738550000006,29.723356950000003,0.25495,0.26120000000000004
28.148634250000004,29.561935000000002,0.2543,0.26075
28.340065800000005,29.4010612,0.2536,0.26030000000000003
28.532686900000005,29.241482050000002,0.25295,0.2599
28.727151300000006,29.083944000000002,0.25225000000000003,0.25945
28.924112750000006,28.9291935,0.26125,0.254
29.124225050000007,28.777977,0.27785000000000004,0.24455000000000002
29.328177950000004,28.63119195,0.28075,0.24630000000000002
29.537576700000006,28.493563450000003,0.2615,0.26685
29.754991300000004,28.373852550000002,0.25085,0.27405
29.983038000000004,28.281012850000003,0.25085,0.268
30.223328700000003,28.222705150000003,0.2696,0.24645000000000003
30.471731100000007,28.199194650000003,0.2831,0.24430000000000002
30.722073950000006,28.20812175,0.2666,0.24914999999999998
30.968523450000006,28.247000300000003,0.2509,0.2759
31.208933950000006,28.312006450000002,0.25245,0.27545000000000003
31.443419900000006,28.398496350000002,0.26945,0.25270000000000004
31.672127400000004,28.50181565,0.2595,0.2543
31.893481600000005,28.619579950000002,0.2681,0.25395
32.1006312,28.75636395,0.26065,0.26265
32.2857173,28.91807135,0.27995000000000003,0.24980000000000002
32.442377900000004,29.108843550000003,0.2739,0.26230000000000003
32.57241870000001,29.323205650000002,0.2615,0.266
32.68041745000001,29.5524191,0.25930000000000003,0.26275
32.770926550000006,29.787791700000003,0.2666,0.25445
32.846338200000005,30.0244504,0.25975000000000004,0.2565
32.90537700000001,30.2640071,0.2698,0.25255
32.946411100000006,30.508702300000003,0.26625000000000004,0.25684999999999997
32.967567700000004,30.75925445,0.25985,0.26225000000000004
32.96626185,31.011885550000002,0.25735,0.26035
32.939777750000005,31.261991200000004,0.254,0.2524
32.885615050000006,31.505113050000002,0.257,0.25485
32.806125900000005,31.740084250000002,0.26015000000000005,0.24285
32.70846095,31.9689927,0.2626,0.23210000000000003
32.59997510000001,32.1940648,0.2619,0.23345
32.487178150000005,32.4172833,0.26120000000000004,0.2348
32.372098900000005,32.63933915,0.2605,0.23615
32.255286600000005,32.86049665,0.25985,0.23745
32.13728975000001,33.08101975,0.25915,0.2388
32.01865655,33.30117265,0.25845,0.24015
31.899935500000005,33.5212193,0.25775000000000003,0.24150000000000002
31.781674700000003,33.74142365,0.25710000000000005,0.24280000000000002
31.664243900000006,33.961973900000004,0.2564,0.24415
31.547494400000005,34.1828378,0.2557,0.24550000000000002
31.431183800000007,34.4039433,0.255,0.24685
31.315069800000003,34.6252185,0.25435,0.24815
31.198910100000006,34.846591350000004,0.25365000000000004,0.24950000000000003
31.082462350000007,35.067989850000004,0.25295,0.25085
30.965489550000004,35.2893426,0.25225000000000003,0.2522
30.848137300000005,35.51062005,0.25155,0.2535
30.731184050000003,35.7318617,0.2509,0.25485
30.615467500000005,35.953113650000006,0.2502,0.2562
30.502017650000006,36.17459825,0.24815,0.2521
30.393782450000003,36.398297400000004,0.25385,0.23809999999999998
30.294811500000005,36.62720405,0.25535,0.23945
30.209263150000005,36.86416185,0.24935000000000002,0.26885
30.143381750000003,37.10848825000001,0.26880000000000004,0.27935
30.105440600000005,37.35607095,0.29035000000000005,0.2948
30.103796900000006,37.602656100000004,0.3105,0.30905000000000005
30.144103450000006,37.8446367,0.32620000000000005,0.32395
30.218004300000004,38.081757350000004,0.3256,0.32055
30.312621150000005,38.3148446,0.29945,0.32220000000000004
30.415826600000006,38.5447035,0.28095,0.2942
30.522806000000006,38.77192600000001,0.26825000000000004,0.28265
30.632857050000005,38.99698415,0.26730000000000004,0.28135
30.745323250000006,39.22034875,0.2664,0.27999999999999997
30.859548000000004,39.442490400000004,0.26545,0.27865
30.974874850000006,39.6638799,0.2645,0.27730000000000005
31.090647300000004,39.88498800000001,0.2636,0.27599999999999997
31.206297450000005,40.10622155,0.26265,0.27465
31.321710650000007,40.327661400000004,0.2617,0.27330000000000004
31.436916250000007,40.5492847,0.26080000000000003,0.272
31.551943650000005,40.77106855,0.25985,0.27065
31.666822250000006,40.99299005,0.25895,0.26930000000000004
31.781581500000005,41.215026300000005,0.258,0.268
31.896250900000005,41.43715435,0.25705,0.26665
32.010859800000006,41.659351400000006,0.25615000000000004,0.26530000000000004
32.12543765,41.88159445,0.25520000000000004,0.264
32.240013850000004,42.1038607,0.25425000000000003,0.26265
32.35461790000001,42.326127150000005,0.25335,0.26130000000000003
32.4692792,42.5483709,0.2524,0.26
32.584027150000004,42.77056915,0.25145,0.25865
32.698891,42.992699,0.25055,0.25730000000000003
32.813887400000006,43.21474740000001,0.24960000000000002,0.256
32.92901260000001,43.436716450000006,0.24870000000000003,0.25465
33.0442613,43.6586097,0.24775000000000003,0.2533
33.15962805,43.88043065000001,0.24825,0.2533
33.2751073,44.102182850000005,0.24885000000000002,0.2533
33.390693750000004,44.323869800000004,0.24945,0.25335
33.50638190000001,44.54549505,0.25005000000000005,0.2534
33.6221663,44.76706215,0.25065,0.2534
33.738041550000005,44.98857460000001,0.25120000000000003,0.25345
33.854002200000004,45.2100359,0.25179999999999997,0.2535
33.970042850000006,45.4314496,0.2524,0.2535
34.086158000000005,45.65281925000001,0.253,0.25355
34.20234225000001,45.874148399999996,0.2536,0.2536
34.3185902,46.09544050000001,0.2542,0.2536
34.43489635,46.316699150000005,0.25475,0.25365000000000004
34.55125530000001,46.53792785,0.25535,0.2537
34.6676616,46.75913010000001,0.25595,0.2537
34.78410985000001,46.98030945000001,0.25655,0.25375000000000003
34.900594600000005,47.201469450000005,0.25715,0.25379999999999997
35.01711040000001,47.422613600000005,0.25775000000000003,0.25379999999999997
35.13365185000001,47.643745450000004,0.25830000000000003,0.25385
35.250213450000004,47.8648685,0.2589,0.2539
35.36678980000001,48.0859863,0.2595,0.2539
35.48337550000001,48.307102400000005,0.2601,0.25395
35.59996505000001,48.528220250000004,0.26070000000000004,0.254
35.716553100000006,48.74934345,0.26130000000000003,0.254
35.8331341,48.970475500000006,0.26185,0.25405000000000005
35.949701450000006,49.191620549999996,0.26245,0.2541
36.06623625,49.4127886,0.26305,0.2541
36.18271295,49.63399285,0.26365,0.25415000000000004
36.299106050000006,49.855246550000004,0.26425000000000004,0.2542
36.41539,50.07656285,0.26485,0.2542
36.53153915000001,50.297955099999996,0.2654,0.25425000000000003
36.64752800000001,50.519436400000004,0.266,0.2543
36.76333100000001,50.7410201,0.2666,0.2543
36.878922550000006,50.96271935,0.26720000000000005,0.25435
36.99427705000001,51.1845474,0.2678,0.25435
37.10936900000001,51.40651750000001,0.2684,0.2544
37.224172800000005,51.628642850000006,0.26894999999999997,0.25445
37.3386629,51.85093675,0.26955,0.25445
37.452814000000004,52.07341220000001,0.27015,0.2545
37.566771700000004,52.29598420000001,0.267,0.2566
37.68114795,52.518300100000005,0.263,0.25920000000000004
37.79663355,52.7399621,0.25895,0.2618
37.9139192,52.96057225,0.25510000000000005,0.26465
38.033695650000006,53.17973275,0.25125000000000003,0.2675
38.15665365,53.39704570000001,0.24745,0.27040000000000003
38.283477000000005,53.612117100000006,0.25145,0.26615000000000005
38.41442260000001,53.824786200000005,0.25710000000000005,0.2604
38.54908185000001,54.035256200000006,0.262,0.25595
38.6869883,54.24376185,0.2627,0.2584
38.82767555000001,54.4505379,0.2634,0.2609
38.97067715000001,54.6558191,0.263,0.2634
39.115526700000004,54.8598403,0.26075,0.266
39.26178110000001,55.06282035000001,0.2585,0.2686
39.4094618,55.2646642,0.257,0.2697
39.559017000000004,55.46498785,0.25765,0.2665
39.710910750000004,55.663396750000004,0.25830000000000003,0.26330000000000003
39.865607250000004,55.85949620000001,0.25895,0.2601
40.02357055,56.05289165000001,0.25435,0.26125
40.18526475,56.243188450000005,0.24965000000000004,0.26245
40.35114610000001,56.4299814,0.24495,0.26365
40.521598250000004,56.61276775,0.24245000000000003,0.2636
40.696965750000004,56.79099255,0.25880000000000003,0.2525
40.877588700000004,56.96410395000001,0.26045,0.25085
41.061365650000006,57.133822300000006,0.2621,0.2492
41.23963820000001,57.3079697,0.2637,0.24750000000000003
41.402658800000005,57.495382000000006,0.26120000000000004,0.24480000000000002
41.541607500000005,57.7029689,0.25415000000000004,0.24630000000000002
41.65216095000001,57.92830430000001,0.24960000000000002,0.2553
41.73135640000001,58.1661374,0.25035,0.25070000000000003
41.77629495000001,58.41123655000001,0.25120000000000003,0.24215
41.78774725000001,58.65951055000001,0.25179999999999997,0.24270000000000003
41.77208590000001,58.90860900000001,0.24980000000000002,0.24460000000000004
41.73615480000001,59.15632995,0.23620000000000002,0.23745
41.686287500000006,59.40128355,0.24135,0.2431
41.627477150000004,59.64421415000001,0.24235000000000004,0.24585
41.56449930000001,59.886212650000004,0.24175000000000002,0.2445
41.501973650000004,60.1283339,0.24115000000000003,0.24315000000000003
41.441569050000005,60.370952450000004,0.24055,0.24185
41.3823172,60.61383480000001,0.23995000000000002,0.2405
41.32316480000001,60.856728000000004,0.23935,0.23915000000000003
41.26349245000001,61.09948415000001,0.2388,0.2378
41.20333505000001,61.3421139,0.23820000000000002,0.23645000000000002
41.14278180000001,61.58464095000001,0.2376,0.2351
41.08192175000001,61.827088950000004,0.23700000000000002,0.23375
41.02084405000001,62.06948165,0.2364,0.23245000000000002
40.95963785000001,62.3118427,0.2358,0.2311
40.8983922,62.55419595000001,0.2352,0.22975
40.837196250000005,62.796564950000004,0.23465,0.2284
40.7761392,63.0389735,0.23405,0.22705000000000003
40.71531005000001,63.2814453,0.23345,0.2257
40.65479800000001,63.52400405,0.23285,0.22435000000000002
40.59469215000001,63.766673499999996,0.23224999999999998,0.223
40.535081600000005,64.0094773,0.23165000000000002,0.2217
40.476021300000006,64.2524303,0.2311,0.22035000000000002
40.41726435,64.4954694,0.23050000000000004,0.219
40.35840710000001,64.7384909,0.2299,0.21765
40.299044450000004,64.98139065000001,0.22930000000000003,0.2163
40.238771250000006,65.22406465,0.22870000000000001,0.21495000000000003
40.17718240000001,65.46640880000001,0.22810000000000002,0.2136
40.11387280000001,65.70831905,0.2275,0.21230000000000004
40.04884895000001,65.9497805,0.22694999999999999,0.21095000000000003
39.9840445,66.19119605,0.22635000000000002,0.2096
39.92195695000001,66.43309095000001,0.22575,0.20825000000000002
39.865083750000004,66.6759902,0.21835000000000002,0.21065
39.81592255,66.92041900000001,0.20600000000000002,0.2158
39.77697080000001,67.1669025,0.19755,0.2189
39.750727350000005,67.4159637,0.19645,0.2278
39.740276400000006,67.66715125,0.2015,0.2214
39.750210700000004,67.9175031,0.22385000000000002,0.20875
39.785362500000005,68.16365835,0.24405000000000002,0.1905
39.850293050000005,68.40232560000001,0.22285,0.2235
39.94465240000001,68.63147345,0.2029,0.24825
40.06382060000001,68.85016595,0.2057,0.24820000000000003
40.203035400000005,69.0575036,0.21915,0.22025000000000003
40.35807045000001,69.25268530000001,0.21745000000000003,0.2036
40.527120450000005,69.435354,0.21650000000000003,0.20445000000000002
40.70906360000001,69.60527795,0.2093,0.19175
40.90277795000001,69.76222545,0.205,0.20725
41.10714170000001,69.9059647,0.19615000000000002,0.21375000000000002
41.32103295,70.03626410000001,0.20235,0.21445
41.54332980000001,70.15289085,0.21315,0.20345000000000002
41.77287990000001,70.2552526,0.21765,0.20099999999999998
42.008455700000006,70.3418656,0.20445000000000002,0.20865
42.248818150000005,70.41111040000001,0.2008,0.2189
42.4927282,70.46136745,0.2016,0.22010000000000002
42.73894680000001,70.4910173,0.21095000000000003,0.2096
42.986234950000004,70.4984405,0.21685,0.19945000000000002
43.233346250000004,70.4820468,0.2106,0.19910000000000003
43.47868795000001,70.4416348,0.20715,0.20125000000000004
43.72017795000001,70.3789648,0.1825,0.22870000000000001
43.9556972,70.29594535,0.19255,0.215
44.183453300000004,70.19470090000002,0.20510000000000003,0.21955000000000002
44.40429900000001,70.0791026,0.20535000000000003,0.2277
44.62036870000001,69.9538681,0.20535000000000003,0.22694999999999999
44.83373455,69.82357035,0.2054,0.22625000000000003
45.04529715000001,69.69029700000002,0.2054,0.2255
45.254994,69.55409225000001,0.20545000000000002,0.22480000000000003
45.462734100000006,69.41493965000001,0.20545000000000002,0.22405
45.66842625000001,69.2728227,0.20550000000000002,0.22330000000000003
45.871979450000005,69.1277249,0.20400000000000001,0.22355000000000003
46.07330255000001,68.97962975,0.2014,0.22445
46.272304500000004,68.82852085,0.19885,0.22535
46.46889420000001,68.67438165000002,0.19765,0.22615
46.662980600000004,68.5171957,0.19935000000000003,0.22690000000000002
46.85447250000001,68.35694655,0.20105,0.22765000000000002
47.04327895,68.19361765,0.20385,0.22645
47.22930875,68.0271926,0.20865,0.2217
47.4124709,67.85765485,0.21345000000000003,0.21695000000000003
47.59272800000001,67.6850336,0.21545000000000003,0.213
47.7702723,67.50955295,0.21225000000000002,0.21055000000000001
47.94535735000001,67.33148915000001,0.20910000000000004,0.20815000000000003
48.118236800000005,67.1511184,0.20590000000000003,0.2057
48.289164250000006,66.96871695,0.20379999999999998,0.2046
48.4583932,66.784561,0.2029,0.20510000000000003
48.62617730000001,66.59892675,0.202,0.2056
48.792770100000006,66.41209045000001,0.20110000000000003,0.2061
48.95842520000001,66.2243283,0.2002,0.20665
49.1233962,66.03591655,0.19935000000000003,0.20715
49.287936650000006,65.84713140000001,0.19845000000000002,0.20765
49.452300150000006,65.6582491,0.19755,0.20815000000000003
49.616740300000004,65.46954585,0.19665,0.20865
49.781507950000005,65.2812947,0.19575,0.20920000000000002
49.94673465,65.09363005,0.19485,0.2097
50.1123891,64.90649685,0.194,0.2102
50.278428100000006,64.71982645,0.19310000000000002,0.21070000000000003
50.444808550000005,64.53355005,0.1922,0.21120000000000003
50.61148725000001,64.347599,0.19130000000000003,0.21175000000000002
50.778421050000006,64.1619046,0.1904,0.21225000000000002
50.945566850000006,63.97639805,0.1895,0.21275
51.11288150000001,63.79101075,0.18865,0.21325
51.28032180000001,63.6056739,0.18775,0.21375000000000002
51.447844700000005,63.420318800000004,0.18685000000000002,0.2143
51.61540695000001,63.23487675000001,0.18595,0.21480000000000002
51.7829655,63.04927905000001,0.18505000000000002,0.21530000000000002
51.95047715000001,62.86345695,0.18415,0.2158
52.117885650000005,62.6773304,0.18330000000000002,0.2163
52.2845719,62.49032750000001,0.1824,0.21685
52.449152600000005,62.3012092,0.1815,0.21735000000000004
52.610189950000006,62.10868875,0.1806,0.21785000000000002
52.76472285000001,61.91117270000001,0.1797,0.21835000000000002
52.89793465000001,61.70468005000001,0.16695000000000002,0.2257
52.98945180000001,61.4841107,0.1877,0.20550000000000002
53.019972550000006,61.24508385,0.2178,0.19510000000000002
52.98730760000001,60.99446760000001,0.20325000000000004,0.19245
52.90275360000001,60.7479953,0.20615000000000003,0.19815000000000002
52.77797260000001,60.52164040000001,0.19665,0.20545000000000002
52.624680700000006,60.3258977,0.18935000000000002,0.20785
52.45481405000001,60.14896985,0.18365,0.2053
52.28036470000001,59.9733906,0.19795000000000001,0.1947
52.115966900000004,59.78291900000001,0.20320000000000002,0.194
51.99564620000001,59.57030685000001,0.22320000000000004,0.18420000000000003
51.95454410000001,59.3342155,0.22195,0.19540000000000002
51.973617700000005,59.087028000000004,0.19705,0.20345000000000002
52.019819850000005,58.84143465,0.18565,0.20175
52.081056800000006,58.59788265,0.18045,0.20345000000000002
52.147956050000005,58.3552335,0.18175,0.20255
52.21289480000001,58.11255645,0.18300000000000002,0.20165000000000002
52.274943750000006,57.869715299999996,0.18430000000000002,0.20070000000000002
52.33477430000001,57.626764050000006,0.18560000000000001,0.1998
52.39305780000001,57.38375665000001,0.1869,0.19890000000000002
52.450465750000006,57.1407471,0.1882,0.19795000000000001
52.50766945000001,56.8977893,0.18945,0.19705
52.56533895000001,56.65493705,0.19075,0.19615000000000002
52.62389795000001,56.4122184,0.19205000000000003,0.1952
52.68324480000001,56.16960625,0.19335000000000002,0.19430000000000003
52.74321055000001,55.92706650000001,0.1946,0.19340000000000002
52.803626050000005,55.684565000000006,0.19590000000000002,0.19245
52.86432225000001,55.4420676,0.19720000000000001,0.19155
52.92513015000001,55.19954025000001,0.1985,0.19065000000000001
52.9858806,54.956948749999995,0.1998,0.1897
53.046404550000005,54.71425895,0.20105,0.1888
53.106533000000006,54.47143685,0.20235,0.18785000000000002
53.166096800000005,54.2284482,0.20365000000000003,0.18695
53.22492695000001,53.985258900000005,0.20495000000000002,0.18605000000000002
53.28285435000001,53.741834850000004,0.2062,0.18510000000000001
53.33970995000001,53.498141950000004,0.20750000000000002,0.18420000000000003
53.39545755,53.25418595000001,0.2088,0.18330000000000002
53.45190925000001,53.010528300000004,0.2101,0.18235
53.512231650000004,52.7681377,0.2114,0.18145
53.579622650000005,52.52799215,0.21265,0.18055000000000002
53.65740190000001,52.29136885,0.2143,0.18095000000000003
53.74934995000001,52.060674399999996,0.21475,0.1906
53.85935595000001,51.8385818,0.19820000000000002,0.19795000000000001
53.99121285000001,51.627743949999996,0.20715,0.21545000000000003
54.1454396,51.430126900000005,0.2109,0.21255000000000002
54.3185512,51.246856750000006,0.19610000000000002,0.2189
54.506818550000006,51.07900845,0.19895000000000002,0.21575000000000003
54.70692400000001,50.92817515,0.21595,0.20085000000000003
54.9183596,50.7994894,0.22660000000000002,0.18985000000000002
55.141791850000004,50.699563350000005,0.20600000000000002,0.19355
55.3776797,50.634151349999996,0.19870000000000002,0.2062
55.62366485000001,50.5975256,0.19890000000000002,0.20684999999999998
55.87538680000001,50.5757974,0.19905,0.20750000000000002
56.12844235000001,50.554903949999996,0.19925,0.20815000000000003
56.37936660000001,50.52444150000001,0.19940000000000002,0.2088
56.62811330000001,50.48733850000001,0.1996,0.20950000000000002
56.875414600000006,50.44955895,0.1998,0.21015000000000003
57.12196085000001,50.41629615000001,0.19995000000000002,0.21080000000000002
57.368162700000006,50.387594899999996,0.20015000000000002,0.21145000000000003
57.614316200000005,50.3613902,0.20030000000000003,0.21215000000000003
57.860717150000006,50.33561075,0.2005,0.21280000000000002
58.107661150000006,50.308185050000006,0.20070000000000002,0.21345000000000003
58.35544405,50.277041800000006,0.20085000000000003,0.2141
58.604361450000006,50.2401096,0.20105,0.21480000000000002
58.85407790000001,50.19518574999999,0.20590000000000003,0.20545000000000002
59.10197075000001,50.1395916,0.21885,0.20450000000000002
59.34489975000001,50.0705409,0.19775,0.21635000000000001
59.57972450000001,49.9852473,0.18225000000000002,0.2296
59.80330470000001,49.880924500000006,0.20590000000000003,0.21355000000000002
60.0125,49.75478615,0.2235,0.20550000000000002
60.20417520000001,49.60406125,0.21865,0.20625000000000002
60.375902100000005,49.428055,0.22795,0.20385
60.52667015000001,49.23023755,0.2029,0.21330000000000002
60.655638350000004,49.014576250000005,0.19355,0.22105000000000002
60.76196550000001,48.785038549999996,0.1956,0.2147
60.844810550000005,48.54559195,0.20350000000000001,0.20405000000000004
60.9033323,48.3002039,0.2054,0.2017
60.93676500000001,48.052781800000005,0.21055000000000001,0.20485000000000003
60.94658675000001,47.80544425000001,0.2127,0.20675
60.93684855000001,47.55825900000001,0.2006,0.2028
60.91174260000001,47.31118115,0.2061,0.20255
60.87546110000001,47.064165700000004,0.20665,0.20240000000000002
60.83219630000001,46.8171677,0.20725,0.2022
60.786140450000005,46.5701423,0.20779999999999998,0.20205000000000004
60.74126770000001,46.3230487,0.20835,0.20185
60.69885535000001,46.07589815,0.20895000000000002,0.2017
60.6583607,45.828736750000004,0.20950000000000002,0.2015
60.61920705000001,45.5816114,0.2101,0.2013
60.58081765000001,45.334569,0.21065,0.20115
60.54261580000001,45.08765635,0.21125,0.20095000000000002
60.50402475000001,44.8409204,0.2118,0.2008
60.46454485000001,44.59439795,0.21240000000000003,0.2006
60.42416115,44.3480636,0.21295000000000003,0.20045000000000002
60.38304670000001,44.101867600000006,0.21355000000000002,0.20025
60.341375000000006,43.85576015,0.2141,0.2001
60.29931940000001,43.6096915,0.2147,0.19990000000000002
60.25705345000001,43.363611850000005,0.21525,0.19970000000000002
60.21475050000001,43.117471450000004,0.2158,0.19955
60.17258410000001,42.87122050000001,0.21640000000000004,0.19935000000000003
60.13072770000001,42.62480925,0.21695000000000003,0.19920000000000002
60.089354650000004,42.3781879,0.21755000000000002,0.199
60.04863850000001,42.1313067,0.21810000000000002,0.19885
60.00875270000001,41.88411585,0.2187,0.19865
59.969870650000004,41.6365656,0.21925,0.1985
59.93216580000001,41.38860615,0.21985000000000002,0.19830000000000003
59.8960225,41.140212250000005,0.22040000000000004,0.19815000000000002
59.863140050000005,40.891511050000005,0.21930000000000002,0.19885
59.83572395,40.642688650000004,0.21575000000000003,0.2026
59.81598070000001,40.39393115,0.21695000000000003,0.20710000000000003
59.80611685000001,40.14542465,0.2138,0.21255000000000002
59.80833885000001,39.897355250000004,0.2057,0.2146
59.82485320000001,39.6499091,0.20235,0.2094
59.85721975000001,39.403376550000004,0.19835000000000003,0.21365
59.90480695000001,39.15840115,0.21445,0.20535000000000003
59.9665193,38.9157012,0.21280000000000002,0.2094
60.04126130000001,38.675995,0.20995,0.21685
60.12793755000001,38.440000850000004,0.21530000000000002,0.2122
60.2254525,38.20843715,0.22785000000000002,0.20099999999999998
60.33270945000001,37.98201705,0.21015000000000003,0.21105000000000002
60.44846690000001,37.76088795,0.21040000000000003,0.21305000000000002
60.571209450000005,37.54412500000001,0.20415000000000003,0.21315
60.69939085,37.330683750000006,0.20440000000000003,0.21045
60.831465150000014,37.11951975,0.2034,0.21135000000000004
60.96588620000001,36.9095885,0.2029,0.21190000000000003
61.10110795000001,36.69984565,0.20235,0.21250000000000002
61.2356166,36.489270250000004,0.20179999999999998,0.21305000000000002
61.368789400000004,36.27749105,0.20125000000000004,0.2136
61.500984800000005,36.064852200000004,0.20070000000000002,0.2142
61.63261155000001,35.851734500000006,0.2002,0.21475
61.76407855000001,35.638518950000005,0.19965,0.21530000000000002
61.895794550000005,35.4255863,0.19910000000000003,0.21589999999999998
62.02816850000001,35.2133175,0.19855,0.21645
62.161568900000006,35.00205375,0.19805,0.217
62.29589290000001,34.7916715,0.1975,0.21760000000000002
62.43073140000001,34.5817454,0.19695000000000001,0.21815000000000004
62.56567030000001,34.371845,0.19640000000000002,0.21875
62.70029530000001,34.16153975,0.19590000000000002,0.21930000000000002
62.83419225000001,33.9503993,0.19535000000000002,0.21985000000000002
62.96694690000001,33.737993100000004,0.1948,0.22045
63.09782220000001,33.52384355,0.19425,0.221
63.224140350000006,33.30718875,0.1937,0.22155000000000002
63.342501850000005,33.08716135,0.1927,0.2155
63.44950585000001,32.86289375,0.1805,0.2137
63.541751600000005,32.63351835,0.19055,0.20785
63.615838350000004,32.398167550000004,0.21185,0.19030000000000002
63.66836570000001,32.155974,0.2122,0.1915
63.697422200000005,31.9069423,0.20965,0.19335000000000002
63.70591760000001,31.6539005,0.2057,0.20305
63.697735800000004,31.4002471,0.19905,0.21255000000000002
63.67665620000001,31.149313600000003,0.19505,0.21115
63.64370470000001,30.902662400000004,0.20065,0.20165000000000002
63.596943900000014,30.6599522,0.2008,0.19985
63.534289900000005,30.42074755,0.20015000000000002,0.20240000000000002
63.454017500000006,30.18489505,0.2062,0.20115
63.35650590000001,29.9538955,0.20425000000000001,0.20725
63.24289920000001,29.729851200000002,0.19885,0.21375000000000002
63.11435000000001,29.514849400000003,0.19905,0.21080000000000002
62.97271395000001,29.309477400000002,0.21565,0.199
62.821121600000005,29.111602,0.2142,0.21215000000000003
62.66283795000001,28.9188032,0.21065,0.2175
62.50057265000001,28.72907305,0.20790000000000003,0.2195
62.335264800000004,28.5417185,0.207,0.21645
62.16750125,28.3563079,0.2061,0.2134
61.99786900000001,28.1724096,0.20520000000000002,0.21035
61.82695485000001,27.989592000000002,0.20435,0.20745000000000002
61.65534575000001,27.807423500000002,0.20435,0.20735000000000003
61.483626300000005,27.625474,0.20435,0.20720000000000002
61.31216365000001,27.443464950000003,0.20435,0.20710000000000003
61.1409335,27.2613905,0.20435,0.20695000000000002
60.96987035000001,27.079273450000002,0.20435,0.20684999999999998
60.79890875000001,26.897136550000003,0.20435,0.20675
60.62798335000001,26.71500255,0.20435,0.2066
60.45702865000001,26.5328942,0.20435,0.20650000000000002
60.2859806,26.35083375,0.20435,0.20635
60.114810600000006,26.168830200000002,0.20435,0.20625000000000002
59.94352740000001,25.98687855,0.20435,0.2061
59.77214155,25.80497305,0.20435,0.20600000000000002
59.60066365000001,25.623108100000003,0.20435,0.20585
59.42910420000001,25.441277900000003,0.20435,0.20575000000000002
59.25747390000001,25.2594768,0.20435,0.2056
59.08578320000001,25.0776991,0.20435,0.20550000000000002
58.91404270000001,24.8959391,0.20435,0.20535000000000003
58.74226300000001,24.71419115,0.20435,0.20525000000000004
58.57045465,24.532449500000002,0.20435,0.20510000000000003
58.39862825,24.350708500000003,0.20435,0.205
58.22679425000001,24.1689624,0.20435,0.20485000000000003
58.054963400000005,23.987205550000002,0.20435,0.20475
57.883146100000005,23.805432250000003,0.20435,0.2046
57.71135305000001,23.623636750000003,0.20435,0.20450000000000002
57.53959470000001,23.44181345,0.20435,0.20435
57.36788170000001,23.259956600000002,0.20435,0.20425000000000001
57.196224650000005,23.0780605,0.20435,0.2041
57.024634000000006,22.8961195,0.20435,0.20400000000000001
56.85312040000001,22.71412785,0.20435,0.20385
56.68169445000001,22.532079850000002,0.20435,0.20375000000000001
56.51036665000001,22.3499699,0.20435,0.2036
56.33914755000001,22.1677922,0.20435,0.20350000000000001
56.16804780000001,21.9855411,0.20435,0.20335000000000003
55.997077950000005,21.8032109,0.20435,0.20325000000000004
55.826248500000005,21.6207959,0.20445000000000002,0.20335000000000003
55.65557000000001,21.4382905,0.2054,0.20545000000000002
55.48504270000001,21.255694000000002,0.20635,0.20750000000000002
55.314648950000006,21.07301465,0.20735000000000003,0.2096
55.14436930000001,20.890261600000002,0.20830000000000004,0.21165
54.97418420000001,20.707444000000002,0.20925,0.21375000000000002
54.8040742,20.52457095,0.2102,0.2158
54.63401985,20.34165155,0.21115,0.21789999999999998
54.464001550000006,20.158695,0.21215000000000003,0.21995
54.2939999,19.9757104,0.21309999999999998,0.22200000000000003
54.12399540000001,19.792706850000002,0.21405,0.22410000000000002
53.953968550000006,19.609693550000003,0.215,0.22615
53.78389980000001,19.4266796,0.21595,0.22825000000000004
53.61376975,19.2436741,0.21695000000000003,0.2303
53.44355885,19.06068625,0.21789999999999998,0.2324
53.27324765,18.8777251,0.21885,0.23445000000000002
53.10281665000001,18.694799850000003,0.2198,0.23655
52.93224635000001,18.51191965,0.22075,0.23860000000000003
52.76151725000001,18.32909355,0.2217,0.24065
52.59060985000001,18.14633075,0.2227,0.24275000000000002
52.419504700000005,17.9636403,0.22365000000000002,0.24480000000000002
52.24818230000001,17.78103145,0.22460000000000002,0.2469
52.076623100000006,17.59851325,0.22555000000000003,0.24895
51.904807700000006,17.41609485,0.22650000000000003,0.25105
51.732716550000006,17.233785400000002,0.2275,0.25310000000000005
51.56033020000001,17.051594,0.22845000000000001,0.25520000000000004
51.38762910000001,16.869529800000002,0.22940000000000002,0.25725
51.21459385000001,16.68760195,0.23035000000000003,0.25930000000000003
51.04120485000001,16.505819550000002,0.23130000000000003,0.2614
50.86696045000001,16.325095100000002,0.23690000000000003,0.24965000000000004
50.6861839,16.156035,0.2609,0.242
50.4900535,16.01513675,0.24705,0.2413
50.26970730000001,15.91897795,0.26355,0.24605000000000002
50.022469150000006,15.87947235,0.2412,0.27815
49.764381750000005,15.894421300000001,0.2469,0.27475
49.51501460000001,15.9589672,0.2779,0.2503
49.290685,16.06751595,0.261,0.25070000000000003
49.09026910000001,16.21052365,0.2472,0.26385000000000003
48.90682085,16.377128250000002,0.23820000000000002,0.26775000000000004
48.733416250000005,16.55651105,0.23625,0.26515
48.565045250000004,16.7411317,0.23555000000000004,0.26145
48.39989165000001,16.9289197,0.23485,0.25775000000000003
48.23644230000001,17.118323750000002,0.23415,0.25405000000000005
48.073507250000006,17.30812845,0.23345,0.2503
47.910838000000005,17.49809805,0.23275,0.24660000000000004
47.748356750000006,17.68817425,0.23205,0.2429
47.58598570000001,17.8782988,0.23130000000000003,0.23915000000000003
47.42364705000001,18.0684134,0.23060000000000003,0.23545
47.26126300000001,18.2584598,0.2299,0.23175
47.098755800000006,18.4483797,0.2292,0.22805
46.93604760000001,18.63811485,0.22850000000000004,0.2243
46.77306060000001,18.827607,0.2278,0.22060000000000002
46.60971705000001,19.0167978,0.2271,0.2169
46.44593915000001,19.205629000000002,0.22635000000000002,0.21315
46.28164910000001,19.39404235,0.22565000000000002,0.20945000000000003
46.11676905,19.5819796,0.22494999999999998,0.20575000000000002
45.95120905,19.76936835,0.22425000000000003,0.20205000000000004
45.78460880000001,19.955825750000002,0.22355000000000003,0.19830000000000003
45.616344350000006,20.1406657,0.22285,0.1946
45.44578070000001,20.32318945,0.21425000000000002,0.20525000000000004
45.272282800000006,20.50269825,0.21105000000000002,0.20379999999999998
45.0952156,20.67849335,0.2114,0.19475
44.913944150000006,20.849876000000002,0.21115,0.19285000000000002
44.72784405000001,21.016159000000002,0.21075,0.1937
44.53704375000001,21.17747015,0.21030000000000004,0.19455
44.34290895000001,21.335276800000003,0.20985,0.19540000000000002
44.14692050000001,21.491171100000003,0.20945000000000003,0.19625
43.950559350000006,21.6467451,0.209,0.19710000000000003
43.75530630000001,21.803590800000002,0.20855,0.19795000000000001
43.56264230000001,21.96330035,0.2081,0.19875
43.373916900000005,22.1273211,0.2077,0.1996
43.18763260000001,22.293963,0.20725,0.20045000000000002
42.999537800000006,22.458500800000003,0.2068,0.2013
42.80526805000001,22.616085050000002,0.20640000000000003,0.20215000000000002
42.60092730000001,22.761199050000002,0.2,0.18135
42.38505115000001,22.884860800000002,0.2086,0.18175
42.15696220000001,22.97696715,0.21435,0.2061
41.91635045000001,23.02866635,0.20575000000000002,0.2171
41.66649580000001,23.043350800000002,0.21025000000000002,0.2116
41.41270840000001,23.0313377,0.20995,0.22595
41.16032020000001,23.0030174,0.2175,0.20099999999999998
40.913679,22.96440855,0.2069,0.18775
40.67436060000001,22.9092166,0.20430000000000004,0.19645
40.44345620000001,22.8289949,0.19965,0.2129
40.222502000000006,22.716927000000002,0.19430000000000003,0.21345000000000003
40.015268600000006,22.5743857,0.20179999999999998,0.21785000000000002
39.82622665000001,22.4053097,0.23860000000000003,0.19065000000000001
39.65984730000001,22.213638600000003,0.21065,0.217
39.52060145000001,22.00331205,0.21930000000000002,0.21330000000000002
39.41296020000001,21.778269700000003,0.21315,0.2178
39.341391,21.5424511,0.21145000000000003,0.21445
39.30852815000001,21.299742950000002,0.2194,0.21375000000000002
39.312172450000006,21.05389315,0.22094999999999998,0.20379999999999998
39.3493374,20.808626750000002,0.20710000000000003,0.2066
39.417036550000006,20.56766895,0.22094999999999998,0.20190000000000002
39.51228340000001,20.33474485,0.2082,0.21610000000000001
39.63209150000001,20.11357955,0.22014999999999998,0.20579999999999998
39.773471300000004,19.90785,0.23155000000000003,0.19675
39.93326985,19.718632900000003,0.2016,0.20910000000000004
40.108091200000004,19.5431358,0.21905000000000002,0.2157
40.29451945000001,19.3782515,0.22045,0.2174
40.48913875000001,19.22087285,0.22185000000000002,0.2191
40.68853335000001,19.06789265,0.22325,0.22075
40.889287350000004,18.9162037,0.2247,0.22245
41.088103000000004,18.76280565,0.22610000000000002,0.22415
41.28381400000001,18.60662605,0.2275,0.2258
41.477104350000005,18.4482659,0.22890000000000002,0.2275
41.66871935,18.28838185,0.23035000000000003,0.2292
41.859404500000004,18.127630500000002,0.23175,0.23085
42.04990515000001,17.9666685,0.23315000000000002,0.23255
42.240966650000004,17.8061525,0.23455,0.23424999999999999
42.433257100000006,17.646673500000002,0.236,0.2359
42.626784300000004,17.48826145,0.23740000000000003,0.2376
42.82122090000001,17.330661850000002,0.2388,0.23929999999999998
43.016237100000005,17.17361805,0.24020000000000002,0.24095
43.21150300000001,17.01687325,0.24165000000000003,0.24265
43.40668875000001,16.8601707,0.24305,0.24434999999999998
43.60146445000001,16.703253750000002,0.24445000000000003,0.24605000000000002
43.795517600000004,16.5458758,0.24585,0.2477
43.988846450000004,16.3879725,0.2473,0.24940000000000004
44.18171705,16.22963645,0.24870000000000003,0.25110000000000005
44.374404150000004,16.07096555,0.2501,0.25275
44.56718260000001,15.912057500000001,0.25155,0.25445
44.76032715000001,15.75301005,0.25295,0.25615000000000004
44.954112650000006,15.593921100000001,0.25435,0.2578
45.14822740000001,15.4344573,0.2546,0.25905
45.33739140000001,15.270633,0.24355000000000004,0.25630000000000003
45.513822850000004,15.0966237,0.23095,0.26130000000000003
45.669728600000006,14.90659835,0.2397,0.24085
45.80015540000001,14.6974832,0.24875,0.2479
45.90721465000001,14.47306415,0.2516,0.23870000000000002
45.994097950000004,14.238176000000001,0.2465,0.2439
46.06345660000001,13.9971093,0.24375000000000002,0.24705
46.11562610000001,13.75182275,0.23815,0.25165000000000004
46.150321850000005,13.5036503,0.23740000000000003,0.24865
46.167259050000006,13.253925950000001,0.25825000000000004,0.25670000000000004
46.166153050000005,13.003983700000001,0.25465,0.2519
46.146719100000006,12.755157500000001,0.24620000000000003,0.24580000000000002
46.108673200000005,12.5087814,0.25310000000000005,0.24480000000000002
46.05192585,12.26619165,0.263,0.24385
45.97684650000001,12.02872975,0.24845000000000003,0.2513
45.88387085000001,11.79773815,0.24545,0.25605000000000006
45.77343445,11.574559149999999,0.23410000000000003,0.27825000000000005
45.645973000000005,11.36053515,0.2451,0.26084999999999997
45.501922050000005,11.15700845,0.25335,0.25975000000000004
45.34172625000001,10.96532255,0.2513,0.2695
45.16620375000001,10.786870350000001,0.2801,0.24940000000000004
44.97667465000001,10.62311075,0.27175,0.24765000000000004
44.774494100000005,10.47550745,0.27890000000000004,0.25775000000000003
44.56101735000001,10.345524000000001,0.26295,0.27745000000000003
44.33759975000001,10.234624100000001,0.26075,0.28075
44.10559645000001,10.14427135,0.27605,0.29555
43.86638045000001,10.07584985,0.2959,0.2836
43.62159595000001,10.02952565,0.29395,0.2999
43.37309915000001,10.00451275,0.29095,0.30745
43.12275185000001,10.0,0.2963,0.3135
42.87241600000001,10.015176,0.31685,0.3038
42.623953400000005,10.0492295,0.32075000000000004,0.28135
42.37922590000001,10.10134925,0.30865000000000004,0.28885
42.13992455,10.17065955,0.30510000000000004,0.3144
41.906467000000006,10.2558051,0.30215000000000003,0.32055
41.678695600000005,10.35521375,0.2999,0.3259
41.456449850000006,10.4673123,0.29925,0.3294
41.239569350000004,10.590527699999999,0.3085,0.32200000000000006
41.02789365000001,10.72328675,0.3154,0.31745
40.821262250000004,10.86401625,0.30455000000000004,0.3331
40.61940260000001,11.011223600000001,0.3047,0.33285000000000003
40.42159335000001,11.163738200000001,0.3048,0.3326
40.22700100000001,11.32047,0.30495000000000005,0.33230000000000004
40.034792100000004,11.48032885,0.30510000000000004,0.33205
39.84413310000001,11.6422247,0.3052,0.33180000000000004
39.65419060000001,11.80506745,0.30535,0.33155
39.46413100000001,11.9677671,0.30550000000000005,0.33130000000000004
39.2732091,12.1293486,0.30560000000000004,0.33105000000000007
39.08132855000001,12.289684600000001,0.30575,0.33075000000000004
38.88868285000001,12.44902605,0.30590000000000006,0.3305
38.695466700000004,12.607625550000002,0.30600000000000005,0.33025000000000004
38.50187505,12.76573585,0.30615000000000003,0.33
38.308102600000005,12.9236096,0.3063,0.32975
38.114344200000005,13.08149955,0.3064,0.3295
37.9207588,13.2396119,0.30655000000000004,0.3292
37.72736330000001,13.39796875,0.30670000000000003,0.32895
37.53413915000001,13.5565464,0.3068,0.3287
37.34106795,13.7153212,0.30695000000000006,0.32845
37.1481313,13.8742695,0.30710000000000004,0.32820000000000005
36.95531065000001,14.03336765,0.30720000000000003,0.3279
36.76258765000001,14.19259195,0.30735,0.32765
36.569943800000004,14.351918750000001,0.30750000000000005,0.3274
36.37736065000001,14.51132445,0.30760000000000004,0.32715000000000005
36.184819850000004,14.6707853,0.30775,0.3269
35.992302800000004,14.8302777,0.30790000000000006,0.32665000000000005
35.79979120000001,14.989778000000001,0.30800000000000005,0.32635000000000003
35.60726650000001,15.14926245,0.30815000000000003,0.32610000000000006
35.41471055,15.3087078,0.3083,0.32585000000000003
35.22211385000001,15.46810185,0.3084,0.3256
35.029478250000004,15.62744675,0.30855000000000005,0.32535000000000003
34.836806100000004,15.78674565,0.30870000000000003,0.32505000000000006
34.644100050000006,15.946001650000001,0.3088,0.32480000000000003
34.4513625,16.1052179,0.30895000000000006,0.32455
34.25859595000001,16.2643975,0.30910000000000004,0.32430000000000003
34.065802950000005,16.423543600000002,0.30920000000000003,0.32405
