40.994269450000004,30.77107765,0.31705000000000005,0.31465000000000004
40.814156200000006,30.9446005,0.31770000000000004,0.3153
40.63405315000001,31.11814035,0.31835,0.31595
40.453959350000005,31.2916958,0.319,0.3166
40.273873650000006,31.46526535,0.31965,0.31725000000000003
40.09379500000001,31.63884755,0.32030000000000003,0.3179
39.91372235000001,31.812440849999998,0.32095,0.31855000000000006
39.733654650000005,31.9860438,0.32160000000000005,0.31920000000000004
39.553590750000005,32.1596549,0.32225000000000004,0.31985
39.37352965,32.3332726,0.3229,0.3205
39.1934703,32.5068955,0.32355,0.32115000000000005
39.01341155000001,32.6805221,0.32420000000000004,0.32175
38.833352350000006,32.8541508,0.32485,0.3224
38.65329165000001,33.0277802,0.3255,0.32305000000000006
38.47322835000001,33.201408799999996,0.32615,0.32370000000000004
38.29316145000001,33.3750351,0.3268,0.32435
38.113089800000004,33.54865755,0.32745,0.325
37.933012350000006,33.72227475,0.32810000000000006,0.32565
37.75292805000001,33.8958851,0.32875000000000004,0.32630000000000003
37.572835850000004,34.06948725,0.3294,0.32695
37.392734600000004,34.24307955,0.33005,0.3276
37.212623300000004,34.4166606,0.3307,0.32825000000000004
37.03250080000001,34.5902289,0.33135000000000003,0.3289
36.85236615000001,34.76378295,0.332,0.32955
36.672218150000006,34.93732125,0.33265,0.33020000000000005
36.49205585000001,35.11084225,0.33330000000000004,0.33085000000000003
36.311878050000004,35.28434455,0.33395,0.3315
36.131683800000005,35.45782665,0.3346,0.33210000000000006
35.951471950000006,35.631287,0.33525000000000005,0.33275000000000005
35.771241450000005,35.80472415,0.33590000000000003,0.33340000000000003
35.59099125,35.97813655,0.33655,0.33405
35.41072020000001,36.15152275,0.3372,0.3347
35.23042735000001,36.3248813,0.33785,0.33535000000000004
35.050111550000004,36.4982106,0.33845000000000003,0.336
34.869771750000005,36.67150925,0.3391,0.33665
34.68940690000001,36.84477575,0.33975,0.33730000000000004
34.509015850000004,37.01800855,0.34040000000000004,0.33795000000000003
34.328597650000006,37.191206199999996,0.34105,0.3386
34.14815110000001,37.36436715,0.3417,0.33925000000000005
33.967675250000006,37.53749,0.34235000000000004,0.33990000000000004
33.787168900000005,37.71057315,0.343,0.34055
33.6066311,37.8836152,0.34345000000000003,0.34105
33.42606070000001,38.05661465,0.3432,0.3413
33.24545665000001,38.2295699,0.34305,0.34145000000000003
33.06481790000001,38.4024796,0.3441,0.34040000000000004
32.884143400000006,38.57534215,0.3452,0.3393
32.70343200000001,38.7481561,0.34625,0.33825
32.52268265000001,38.920919999999995,0.34735000000000005,0.33715000000000006
32.341894350000004,39.09363225,0.34845000000000004,0.33605
32.16106595000001,39.26629145,0.34950000000000003,0.335
31.980196400000004,39.43889605,0.3506,0.33390000000000003
31.799284650000004,39.6114446,0.35005000000000003,0.33445
31.618329600000003,39.783935549999995,0.34855,0.33595
31.437330200000005,39.9563675,0.3471,0.33740000000000003
31.256285400000003,40.12873885,0.3456,0.3389
31.075194050000004,40.30104815,0.3441,0.34040000000000004
30.894055200000004,40.47329395,0.34265,0.34185
30.712867650000007,40.6454747,0.34115000000000006,0.34335000000000004
30.531630400000004,40.81758895,0.33990000000000004,0.3446
30.350342350000005,40.98963515,0.3393,0.3452
30.169002450000004,41.16161185,0.33865,0.34585
29.987609650000003,41.333517549999996,0.33805,0.34645000000000004
29.806162850000007,41.50535075,0.33740000000000003,0.3471
29.624660950000006,41.67710995,0.3368,0.3477
29.443102950000004,41.8487937,0.33615,0.34835
29.261487700000004,42.02040045,0.33555,0.34895000000000004
29.079814200000005,42.1919287,0.33635000000000004,0.34815
28.898081300000005,42.363377,0.3372,0.3473
28.71630435,42.5348986,0.338,0.34650000000000003
28.534574800000005,42.7073696,0.3388,0.3457
28.353006500000006,42.88187725,0.3396,0.3449
28.171713200000006,43.0595087,0.34045000000000003,0.34405
27.991294700000005,43.24144215,0.34105,0.34345000000000003
27.821247300000003,43.43052145,0.34165,0.34285000000000004
27.678855800000004,43.631048750000005,0.33805,0.34645000000000004
27.581668200000003,43.84737535,0.32645,0.35805
27.546343950000004,44.08321975,0.3206,0.3639
27.5735576,44.33091495,0.33665,0.34785
27.650129600000007,44.57295445,0.3491,0.33540000000000003
27.759097850000003,44.7996945,0.3452,0.3393
27.875245850000006,45.02187025,0.34135000000000004,0.34315000000000007
27.9809769,45.2487109,0.33745,0.34705
28.080741850000003,45.477967199999995,0.34140000000000004,0.3431
28.178793050000003,45.707395399999996,0.34790000000000004,0.3366
28.270575450000003,45.939094999999995,0.3502,0.33430000000000004
28.351773700000003,46.174949,0.34995,0.33455
28.421961350000004,46.414679750000005,0.34855,0.33595
28.481300300000004,46.6576828,0.34340000000000004,0.3411
28.529952500000004,46.9033536,0.34220000000000006,0.34230000000000005
28.568079750000003,47.15108765,0.34335000000000004,0.34115000000000006
28.595844050000004,47.40028045,0.34550000000000003,0.339
28.613407300000006,47.65032755,0.34850000000000003,0.336
28.620931350000006,47.900624449999995,0.35115,0.33335000000000004
28.618563550000005,48.1505918,0.3489,0.3356
28.606333000000006,48.399855099999996,0.34665,0.33785
28.584211300000007,48.6481392,0.34440000000000004,0.3401
28.552169650000003,48.8951697,0.3489,0.3356
28.510179250000004,49.14067215,0.35365,0.33085000000000003
28.458211400000003,49.384372150000004,0.35745000000000005,0.32705000000000006
28.396237250000006,49.625995200000006,0.35415,0.33035000000000003
28.324228050000002,49.865266899999995,0.35005000000000003,0.33445
28.242157350000006,50.101873999999995,0.34540000000000004,0.3391
28.150017200000004,50.33519305,0.34175,0.34275000000000005
28.047808700000004,50.564452,0.33815,0.34635
27.93553285,50.788877799999995,0.33555,0.34895000000000004
27.813190700000003,51.00769755,0.3421,0.34240000000000004
27.680783350000006,51.22013815,0.34840000000000004,0.33610000000000007
27.538311800000002,51.425426650000006,0.35135000000000005,0.33315000000000006
27.385777150000003,51.6227901,0.35390000000000005,0.3306
27.223203050000002,51.81148345,0.35400000000000004,0.3305
27.051593450000006,51.99197545,0.35415,0.33035000000000003
26.873286600000007,52.16638705,0.35375,0.33075000000000004
26.690716400000007,52.33695765,0.3488,0.33570000000000005
26.506293800000005,52.505905150000004,0.34390000000000004,0.3406
26.321455400000005,52.674532400000004,0.33895000000000003,0.34555
26.136320400000002,52.84290545,0.3371,0.34740000000000004
25.95091465,53.01100275,0.33655,0.34795
25.765264200000004,53.1788034,0.33605,0.34845000000000004
25.579406150000004,53.34632105,0.3355,0.34900000000000003
25.393392100000007,53.51361515,0.33495,0.34955
25.207274750000003,53.68074865,0.33445,0.35005000000000003
25.021106700000004,53.84778435,0.33390000000000003,0.3506
24.834940700000004,54.01478505,0.33340000000000003,0.3511
24.648829450000004,54.1818136,0.33285000000000003,0.35165
24.462825500000005,54.34893285,0.33230000000000004,0.3522
24.276981650000003,54.51620565,0.33180000000000004,0.3527
24.091350500000004,54.683694849999995,0.33125000000000004,0.35325000000000006
23.905984800000002,54.8514632,0.33075000000000004,0.35375
23.720937150000005,55.0195736,0.33020000000000005,0.35430000000000006
23.536260200000005,55.1880889,0.32965,0.35485000000000005
23.352006750000005,55.3570719,0.32915000000000005,0.35535000000000005
23.168229350000004,55.52658545,0.3286,0.35590000000000005
22.984980750000005,55.6966924,0.32805,0.35645
22.802313600000005,55.86745555,0.32755,0.35695000000000005
22.620275500000005,56.038929100000004,0.327,0.35750000000000004
22.438893950000004,56.21113215,0.3267,0.3578
22.258191150000005,56.38407505,0.32825000000000004,0.35625
22.078189400000003,56.557768100000004,0.32975,0.35475
21.898911000000002,56.7322216,0.33130000000000004,0.3532
21.720378150000002,56.9074459,0.3328,0.3517
21.542613200000005,57.0834512,0.33435000000000004,0.35015
21.365638400000005,57.260247899999996,0.33585,0.34865
21.189476000000003,57.43784625,0.33740000000000003,0.3471
21.014148300000002,57.6162566,0.3389,0.3456
20.839677550000005,57.79548925,0.34045000000000003,0.34405
20.666086050000004,57.975554450000004,0.34005,0.34445000000000003
20.493396100000002,58.15646255,0.3386,0.34590000000000004
20.321629950000002,58.3382239,0.33715000000000006,0.34735000000000005
20.15080985,58.52084875,0.33570000000000005,0.3488
19.98095805,58.7043474,0.33425,0.35025
19.812096800000006,58.88873005000001,0.3328,0.3517
19.644222400000004,59.07398725,0.33140000000000003,0.3531
19.477274800000004,59.2600662,0.32995,0.35455000000000003
19.311186550000002,59.4469085,0.3285,0.35600000000000004
19.145890100000003,59.63445565,0.32705000000000006,0.35745000000000005
18.981317950000005,59.82264925,0.3274,0.35710000000000003
18.817402550000004,60.01143089999999,0.32865000000000005,0.35585
18.654076450000005,60.20074205,0.3299,0.3546
18.491272150000004,60.3905243,0.33115000000000006,0.35335000000000005
18.328922100000003,60.58071925,0.33240000000000003,0.3521
18.166958750000006,60.7712684,0.33365,0.35085000000000005
18.005314650000003,60.96211335,0.33490000000000003,0.3496
17.843922300000003,61.153195600000004,0.33615,0.34835
17.682714150000002,61.34445675,0.33740000000000003,0.3471
17.521622750000006,61.535838299999995,0.33865,0.34585
17.360580500000005,61.7272819,0.33990000000000004,0.3446
17.199519950000003,61.918729,0.34115000000000006,0.34335000000000004
17.038395350000002,62.1101383,0.34240000000000004,0.3421
16.877313850000004,62.30158815,0.34365,0.34085000000000004
16.716448100000004,62.493208100000004,0.34445000000000003,0.34005
16.555970800000004,62.68512805,0.34390000000000004,0.3406
16.396054950000003,62.87747775,0.34335000000000004,0.34115000000000006
16.236873250000002,63.070387049999994,0.3428,0.3417
16.078598650000004,63.263985700000006,0.34225,0.34225
15.921403900000001,63.4584036,0.34175,0.34275000000000005
15.765461350000002,63.653770050000006,0.33940000000000003,0.3451
15.610924600000004,63.850197449999996,0.33575,0.34875
15.457924400000003,64.0477775,0.33205,0.35245000000000004
15.306590100000005,64.24660065,0.3284,0.3561
15.157050950000006,64.44675725,0.32475000000000004,0.35975
15.009436300000004,64.64833775,0.32380000000000003,0.3607
14.863875450000005,64.85143260000001,0.32625000000000004,0.35825
14.720497750000003,65.05613215,0.32875000000000004,0.35575
14.579432500000006,65.26252685,0.3312,0.3533
14.440730600000006,65.4706462,0.33365,0.35085000000000005
14.304153250000006,65.6802947,0.33610000000000007,0.34840000000000004
14.169394800000003,65.89122475,0.3386,0.34590000000000004
14.036149550000005,66.10318895,0.34105,0.34345000000000003
13.904111850000003,66.3159397,0.34145000000000003,0.34305
13.772975950000003,66.52922955,0.3413,0.3432
13.642436250000003,66.74281095,0.34115000000000006,0.34335000000000004
13.512187000000004,66.9564364,0.341,0.3435
13.381935100000003,67.16987095,0.34085000000000004,0.34365
13.251554050000003,67.38304625,0.3407,0.34380000000000005
13.121035450000004,67.59601195,0.34055,0.34395
12.990373300000002,67.80882025,0.34035000000000004,0.34415
12.859561700000004,68.0215233,0.34020000000000006,0.34430000000000005
12.728594700000006,68.23417325,0.34005,0.34445000000000003
12.597466400000005,68.44682225,0.33990000000000004,0.3446
12.466170850000001,68.65952255,0.33975,0.34475
12.334708650000003,68.8723258,0.3396,0.3449
12.203165950000002,69.0852771,0.33945000000000003,0.34505
12.071688650000002,69.2984171,0.3393,0.3452
11.940423950000007,69.5117863,0.33915000000000006,0.34535000000000005
11.809518900000004,69.7254252,0.339,0.34550000000000003
11.679120750000003,69.9393744,0.33885000000000004,0.34565
11.549376650000003,70.15367425,0.3387,0.34580000000000005
11.420433700000004,70.3683654,0.33855,0.34595
11.292439150000007,70.58348835,0.34025,0.34425
11.165540050000004,70.79908355,0.34205,0.34245000000000003
11.039883600000007,71.0151915,0.34385,0.34065
10.915617000000001,71.2318528,0.34565,0.33885000000000004
10.792887400000005,71.4491079,0.3466,0.33790000000000003
10.671841850000003,71.6669973,0.34205,0.34245000000000003
10.552627650000005,71.8855616,0.3356,0.3489
10.435391900000006,72.10484120000001,0.3291,0.3554
10.320281700000002,72.32487665,0.32280000000000003,0.3617
10.208626550000002,72.54658665,0.33140000000000003,0.3531
10.109297400000003,72.7764913,0.34005,0.34445000000000003
10.034277400000008,73.0228465,0.3518,0.3327
10.000000000000004,73.28008105,0.34845000000000004,0.33605
10.027451750000004,73.527033,0.33485000000000004,0.34965
10.122183800000002,73.74898005,0.32945,0.35505000000000003
10.271859500000005,73.9395189,0.32220000000000004,0.36230000000000007
10.463170700000006,74.0926982,0.3234,0.36110000000000003
10.682912350000002,74.20290915,0.3413,0.3432
10.920747100000003,74.27408805,0.3551,0.3294
11.169514450000001,74.32074405,0.35400000000000004,0.3305
11.422218700000005,74.3579352,0.34430000000000005,0.34020000000000006
11.672016650000003,74.40040235000001,0.32595,0.33530000000000004
11.916259800000006,74.45416025,0.2916,0.30055000000000004
12.156916900000002,74.5156182,0.26330000000000003,0.27205
12.396194050000002,74.580692,0.24940000000000004,0.2584
12.636254150000006,74.6453673,0.23550000000000001,0.24470000000000003
12.878092350000003,74.70752235,0.22160000000000002,0.23105000000000003
13.121426150000005,74.7671062,0.2077,0.2174
13.365908050000005,74.82417295,0.1975,0.205
13.611190650000001,74.8787768,0.20375000000000001,0.19875
13.85692655,74.9309719,0.20695000000000002,0.19555
14.1027682,74.9808125,0.20955000000000001,0.19295
14.348368250000004,75.02835265,0.21215000000000003,0.19035000000000002
14.593379300000002,75.0736469,0.2147,0.1878
14.837570800000002,75.1175223,0.21730000000000002,0.18520000000000003
15.081091100000002,75.1633097,0.21989999999999998,0.1826
15.324165100000002,75.2148462,0.22245,0.18005000000000002
15.567017650000004,75.27596865000001,0.22505000000000003,0.17745
15.809439900000001,75.35056725,0.22694999999999999,0.17555
16.046297950000003,75.44313600000001,0.2117,0.1908
16.269334900000004,75.55855175,0.1998,0.20270000000000002
16.470244300000005,75.70169745,0.19215000000000002,0.21035
16.641173950000002,75.8768083,0.2034,0.19910000000000003
16.779295250000004,76.08095755,0.21885,0.18365
16.884902350000004,76.30676625000001,0.22505000000000003,0.17745
16.958336350000003,76.54678845000001,0.2082,0.19430000000000003
16.99997125,76.7936062,0.19445,0.20804999999999998
17.012981550000006,77.04219105,0.19720000000000001,0.2053
17.005442850000005,77.29169655,0.19940000000000002,0.20310000000000003
16.9859256,77.54169825,0.19985,0.20265
16.962962950000005,77.79177365,0.20135000000000003,0.20115
16.941984150000003,78.0416566,0.20310000000000003,0.19940000000000002
16.923027450000006,78.2913526,0.2048,0.19770000000000001
16.905592500000004,78.5408942,0.20565000000000003,0.19685
16.889178900000005,78.7903141,0.20379999999999998,0.19870000000000002
16.873286200000003,79.0396449,0.20195,0.20055
16.857413950000005,79.28891920000001,0.2001,0.20240000000000002
16.841061800000006,79.53816965,0.19825,0.20425000000000001
16.823732700000004,79.7874287,0.19640000000000002,0.2061
16.805202700000002,80.03671775000001,0.19555,0.20695000000000002
16.785716200000003,80.2860391,0.19525,0.20725
16.765563750000002,80.53539315,0.195,0.20750000000000002
16.745035700000003,80.7847803,0.19475,0.20775000000000002
16.724422650000005,81.034201,0.1945,0.20800000000000002
16.704015050000002,81.28365565,0.19425,0.20825000000000002
16.68410335,81.53314470000001,0.194,0.20850000000000002
16.664978000000005,81.78266855,0.19375,0.20875
16.646929550000003,82.03222765000001,0.19345,0.20905
16.630248450000003,82.28182235,0.1932,0.2093
16.615225150000004,82.53145315,0.19295,0.20955000000000001
16.602150150000003,82.7811204,0.1927,0.2098
16.591313900000003,83.03082455,0.19525,0.21265
16.5830069,83.28056600000001,0.20299999999999999,0.22040000000000004
16.577519650000003,83.53034525,0.21080000000000002,0.22815
16.575142600000003,83.7801626,0.21855000000000002,0.2359
16.576109950000003,84.0300191,0.22635000000000002,0.24365000000000003
16.579394500000003,84.27992695,0.254,0.25680000000000003
16.582725750000005,84.52990965,0.2746,0.2654
16.583780600000004,84.7799912,0.27645000000000003,0.26355
16.580236700000004,85.03019545000001,0.27490000000000003,0.2661
16.570664700000005,85.2804873,0.26894999999999997,0.27440000000000003
16.556223200000005,85.5306606,0.26295,0.2827
16.538537100000003,85.7804783,0.257,0.29105
16.519239900000002,86.02970185,0.251,0.29935
16.508608300000006,86.27646945,0.24505,0.30765
16.541779150000004,86.51425195,0.24380000000000002,0.31185
16.638087950000003,86.74046335,0.2747,0.2877
16.766752600000004,86.95994745,0.30560000000000004,0.2636
16.920386750000006,87.1580451,0.28395000000000004,0.28555
17.093910850000004,87.3366145,0.2742,0.2953
17.280595250000005,87.5021493,0.26880000000000004,0.3007
17.473712500000005,87.6611409,0.27005,0.29945
17.668108450000005,87.81857035,0.27130000000000004,0.2982
17.863001200000003,87.97522040000001,0.27255,0.29695
18.058362350000003,88.13115055,0.2738,0.2957
18.254163400000003,88.28642035,0.27505,0.29445000000000005
18.450375900000004,88.44108915,0.2763,0.2932
18.6469714,88.59521655,0.27755,0.29195000000000004
18.843921400000003,88.74886194999999,0.2788,0.2907
19.041197500000003,88.90208480000001,0.28005,0.28945
19.238771250000003,89.05494465,0.28130000000000005,0.2882
19.436614100000003,89.20750095,0.28255,0.28695
19.634697700000004,89.35981315,0.28250000000000003,0.28700000000000003
19.832993500000004,89.51194075000001,0.2816,0.2879
20.031473150000004,89.6639432,0.2807,0.2888
20.230108050000002,89.81587995000001,0.27975,0.28975
20.42886985,89.96781055000001,0.27885,0.29065
20.627730050000004,90.11979445,0.27795000000000003,0.29155000000000003
20.826661450000003,90.27188885,0.27705,0.29245000000000004
21.0257089,90.4240166,0.27615,0.29335
21.225029650000003,90.57589185,0.2752,0.2943
21.424790400000006,90.72721080000001,0.2743,0.2952
21.625157950000002,90.87766955000001,0.27340000000000003,0.2961
21.826299100000004,91.0269643,0.2725,0.29700000000000004
22.028380600000006,91.1747912,0.2716,0.2979
22.231569300000004,91.32084645,0.2707,0.2988
22.436031950000004,91.4648261,0.27385000000000004,0.29565
22.641935300000004,91.6064264,0.277,0.2925
22.849446200000006,91.74534345000001,0.28015,0.28935
23.058731350000006,91.8812735,0.28245000000000003,0.28704999999999997
23.269957600000005,92.0139126,0.28285,0.28665
23.483291750000003,92.14295700000001,0.28330000000000005,0.2862
23.698900550000005,92.26810280000001,0.2838,0.2857
23.91695075,92.3890462,0.2844,0.2851
24.137609200000004,92.50548335,0.28500000000000003,0.28450000000000003
24.360970800000004,92.6172245,0.2856,0.2839
24.586789100000004,92.72462225,0.28295,0.28655
24.814716200000003,92.8281901,0.27865,0.29085
25.044404300000004,92.9284416,0.27440000000000003,0.29510000000000003
25.275505600000002,93.02589019999999,0.27740000000000004,0.29209999999999997
25.507672300000003,93.1210495,0.2831,0.2864
25.740556450000007,93.214433,0.28885,0.28065
25.973810350000004,93.30655425,0.29025,0.27925
26.207095750000004,93.3979164,0.2882,0.28130000000000005
26.440253550000005,93.48883105,0.28615,0.28335
26.673282750000006,93.5794407,0.28475,0.28475
26.90618775,93.66988195,0.2852,0.2843
27.138972900000006,93.76029155,0.28565,0.28385
27.371642550000004,93.8508061,0.2861,0.28340000000000004
27.604201150000005,93.94156225,0.2866,0.28290000000000004
27.836653000000005,94.03269675,0.28704999999999997,0.28245000000000003
28.069002550000004,94.12434619999999,0.28750000000000003,0.282
28.301231200000004,94.21664705,0.288,0.28150000000000003
28.533262400000005,94.30973485,0.28845000000000004,0.28105
28.765010350000004,94.40374515,0.2889,0.2806
28.996389300000004,94.49881355000001,0.28940000000000005,0.2801
29.227313450000004,94.59507550000001,0.29055000000000003,0.27895
29.457697050000004,94.69266655000001,0.29165,0.27785000000000004
29.687454300000006,94.79172225,0.2928,0.2767
29.916499500000004,94.89237804999999,0.29395,0.27555
30.144746800000004,94.9947696,0.29510000000000003,0.27440000000000003
30.372110500000005,95.09903235,0.2923,0.2772
30.598504750000004,95.20530185,0.2884,0.2811
30.823843850000003,95.31371365,0.28450000000000003,0.28500000000000003
31.048042000000002,95.4244032,0.28395000000000004,0.28555
31.271013450000005,95.5375061,0.28545,0.28405
31.492672400000004,95.65315785,0.28700000000000003,0.28250000000000003
31.712933100000004,95.77149395,0.2885,0.281
31.931706150000004,95.8926478,0.2891,0.2804
32.14887155,96.016734,0.2882,0.28130000000000005
32.36429425,96.14385804999999,0.28730000000000006,0.2822
32.5778389,96.2741253,0.28645000000000004,0.28304999999999997
32.7893704,96.40764115,0.28740000000000004,0.2821
32.998753400000005,96.544511,0.2906,0.27890000000000004
33.205852750000005,96.6848402,0.2938,0.2757
33.410533150000006,96.8287341,0.29705,0.27245
33.61270425000001,96.97623165,0.30025,0.26925
33.814407800000005,97.12420884999999,0.30350000000000005,0.266
34.02070315,97.26506555,0.29795,0.27155
34.2368783,97.39086239999999,0.26675,0.30275
34.4679464,97.4932457,0.25725,0.31225
34.70620885,97.54471269999999,0.2762,0.2933
34.9265716,97.4921897,0.27765,0.29350000000000004
35.1197516,97.33411455,0.3219,0.33290000000000003
35.29976010000001,97.1412782,0.3453,0.3393
35.47713255000001,96.9577956,0.3687,0.34575
35.65549645,96.78504375,0.3791,0.3569
35.837997,96.62141489999999,0.36085,0.37515000000000004
36.027779450000004,96.46530125,0.36975,0.36625
36.22710485,96.3155085,0.37865000000000004,0.35735000000000006
36.434623300000005,96.1725311,0.38755000000000006,0.34845000000000004
36.64806285,96.0372946,0.38235,0.34465
36.865151450000006,95.91072469999999,0.377,0.34095000000000003
37.083918450000006,95.79283005,0.37165000000000004,0.3372
37.303615150000006,95.6799005,0.3663,0.3335
37.52380265000001,95.56728305,0.3609,0.32975
37.74404200000001,95.45032485,0.35555000000000003,0.32605
37.964206250000004,95.32640235000001,0.3502,0.32230000000000003
38.185425200000005,95.20106645,0.34485000000000005,0.3186
38.40914505000001,95.08192615,0.3395,0.31485
38.636812000000006,94.97659014999999,0.33420000000000005,0.3113
38.8695189,94.89096715,0.33135000000000003,0.31415000000000004
39.106945950000004,94.82416465,0.3285,0.317
39.3484199,94.77359000000001,0.32765,0.31785
39.59326755000001,94.7366505,0.33205,0.31345
39.840815850000006,94.7107534,0.3352,0.3103
40.0903915,94.6933061,0.33335000000000004,0.31215000000000004
40.34132145,94.6817158,0.3315,0.31400000000000006
40.592932450000006,94.67338985,0.32965,0.31585
40.844572400000004,94.66580085,0.32780000000000004,0.31770000000000004
41.09589665000001,94.6573782,0.32595,0.31955
41.346793950000006,94.6472773,0.32315000000000005,0.32235
41.597158900000004,94.63467165,0.32030000000000003,0.3252
41.846886100000006,94.6187347,0.3175,0.328
42.09587015,94.59864,0.31305000000000005,0.33245
42.34400565000001,94.5735611,0.30855000000000005,0.33695
42.591187100000006,94.5426714,0.30575,0.3392
42.83730915,94.50514595,0.313,0.3279
43.0822573,94.4604435,0.32025000000000003,0.31665000000000004
43.32589775,94.40863635,0.31845,0.31520000000000004
43.568094200000004,94.34987705,0.31175,0.31905000000000006
43.8087103,94.284318,0.30510000000000004,0.32285
44.0476097,94.21211175,0.29995,0.32555
44.28465610000001,94.13341075,0.30390000000000006,0.32160000000000005
44.519713100000004,94.04836745,0.30790000000000006,0.31760000000000005
44.75264440000001,93.9571344,0.3113,0.31420000000000003
44.98331365000001,93.85986405,0.31410000000000005,0.3114
45.211584550000005,93.7567089,0.31545,0.31005
45.43732070000001,93.6478214,0.31415000000000004,0.31135
45.66038580000001,93.53335405,0.31285,0.31265000000000004
45.880643500000005,93.41345935,0.31155,0.31395
46.09795750000001,93.28828975,0.309,0.3165
46.3121914,93.1579978,0.30510000000000004,0.3204
46.52320890000001,93.0227359,0.30215000000000003,0.32335
46.730873900000006,92.8826471,0.30310000000000004,0.3224
46.935051650000005,92.73780885000001,0.30405000000000004,0.32145
47.13560820000001,92.5882711,0.30805,0.31745
47.332409500000004,92.43408364999999,0.3147,0.3108
47.52532145000001,92.2752963,0.3174,0.30810000000000004
47.714210050000005,92.11195889999999,0.3123,0.31320000000000003
47.89894125000001,91.9441212,0.30835,0.31715000000000004
48.079381000000005,91.77183305,0.30770000000000003,0.3178
48.25539525000001,91.59514425,0.30710000000000004,0.3184
48.42685,91.41410465000001,0.30645,0.31905000000000006
48.593611200000005,91.22876400000001,0.3032,0.32230000000000003
48.75554480000001,91.03917215,0.29945,0.32605
48.91251675000001,90.8453789,0.2957,0.32980000000000004
49.06439300000001,90.64743405,0.2988,0.3267
49.21103955000001,90.44538745,0.30365000000000003,0.32185
49.352322300000004,90.23928885,0.3085,0.317
49.4881073,90.0291881,0.31360000000000005,0.31190000000000007
49.618251650000005,89.8151693,0.31875000000000003,0.30675
49.742580950000004,89.5974405,0.32235,0.30315000000000003
49.8609136,89.376238,0.32105000000000006,0.30445000000000005
49.97306785000001,89.15179795,0.31930000000000003,0.3062
50.0788622,88.9243567,0.3133,0.31220000000000003
50.178114900000004,88.69415045,0.3073,0.31820000000000004
50.27064430000001,88.4614154,0.3024,0.3231
50.356268850000006,88.2263878,0.30000000000000004,0.3255
50.434853100000005,87.9893041,0.2978,0.32770000000000005
50.506858400000006,87.75040345000001,0.3012,0.32430000000000003
50.573161400000004,87.50992695000001,0.30465000000000003,0.32085
50.6346472,87.26811570000001,0.30710000000000004,0.3184
50.69220095000001,87.0252108,0.3073,0.31820000000000004
50.746707650000005,86.78145330000001,0.30745,0.31805
50.7990525,86.5370844,0.30760000000000004,0.3179
50.8501205,86.29234515,0.3078,0.31770000000000004
50.90075770000001,86.04746614999999,0.30795,0.31755
50.951314550000006,85.80254455,0.30810000000000004,0.3174
51.00180135000001,85.557586,0.3083,0.31720000000000004
51.052221800000005,85.31259435,0.30845,0.31705000000000005
51.10257955,85.06757335,0.3086,0.3169
51.152878300000005,84.82252695,0.30875,0.31675000000000003
51.20312165000001,84.57745890000001,0.30895000000000006,0.31655000000000005
51.253313350000006,84.33237305,0.30950000000000005,0.31600000000000006
51.30345700000001,84.0872732,0.31010000000000004,0.3154
51.35355630000001,83.84216325,0.31070000000000003,0.3148
51.403614950000005,83.597047,0.3113,0.31420000000000003
51.4536365,83.3519283,0.31190000000000007,0.31360000000000005
51.50362475000001,83.1068109,0.3125,0.313
51.55358330000001,82.8616987,0.31315000000000004,0.31235
51.603515800000004,82.61659555,0.31375000000000003,0.31175
51.653425950000006,82.37150525,0.31435,0.31115000000000004
51.70331745000001,82.1264316,0.31495000000000006,0.31055000000000005
51.75319815,81.88137865,0.31555,0.30995
51.803102550000006,81.6363513,0.31615000000000004,0.30935
51.85307525,81.39135495,0.31675000000000003,0.30875
51.90316105000001,81.146395,0.3174,0.30810000000000004
51.95340455,80.9014767,0.31800000000000006,0.30750000000000005
52.00385055000001,80.65660545,0.3186,0.3069
52.05454365000001,80.41178665,0.31920000000000004,0.3063
52.105528650000004,80.16702555,0.31980000000000003,0.3057
52.156850150000004,79.9223276,0.3204,0.30510000000000004
52.20855290000001,79.6776981,0.32105000000000006,0.30445000000000005
52.260681600000005,79.43314240000001,0.32025000000000003,0.30525
52.313280950000006,79.1886659,0.31905000000000006,0.30645
52.36639565000001,78.9442739,0.31785,0.30765
52.42007040000001,78.69997175,0.3167,0.3088
52.47434990000001,78.45576485000001,0.3155,0.31000000000000005
52.52927880000001,78.2116585,0.3143,0.31120000000000003
52.584899300000004,77.96765825,0.3131,0.3124
52.641182050000005,77.72377305,0.31190000000000007,0.31360000000000005
52.6980191,77.4800159,0.31070000000000003,0.3148
52.75529850000001,77.23639990000001,0.30955,0.31595
52.81290810000001,76.9929382,0.30835,0.31715000000000004
52.870735950000004,76.7496439,0.30715000000000003,0.31835
52.928670000000004,76.5065302,0.30595,0.31955
52.986598300000004,76.2636102,0.30475,0.32075000000000004
53.0444085,76.020897,0.30360000000000004,0.3219
53.10116060000001,75.7781281,0.3024,0.3231
53.15320785000001,75.53414025000001,0.3012,0.32430000000000003
53.19635110000001,75.28758640000001,0.30000000000000004,0.3255
53.226391250000006,75.0371194,0.3038,0.32170000000000004
53.2373539,74.7826649,0.30135,0.2988
53.20295010000001,74.53871215000001,0.27875,0.29735
53.08789110000001,74.3282983,0.2819,0.2916
52.90020425,74.1664772,0.2671,0.3064
52.6736743,74.06106765,0.28985,0.28365
52.42988995,73.99689295,0.2928,0.2807
52.18287395000001,73.94525855,0.29245000000000004,0.28105
51.940893800000005,73.88637225,0.29205000000000003,0.28145
51.70260855000001,73.81591470000001,0.29165,0.28185
51.467027200000004,73.7323449,0.29355000000000003,0.27995000000000003
51.235342300000006,73.63628225,0.29565,0.27785000000000004
51.00895810000001,73.5285557,0.2941,0.27940000000000004
50.78926305,73.40999655,0.2923,0.2812
50.576457850000004,73.28161610000001,0.29085,0.28265
50.3687424,73.14472875,0.29340000000000005,0.2801
50.164124550000004,73.0006781,0.29595,0.27755
49.96069010000001,72.85076915,0.3012,0.2723
49.762287050000005,72.6934574,0.30970000000000003,0.2638
49.5824386,72.52239725,0.31815000000000004,0.25535
49.439707850000005,72.3275299,0.32385,0.24965000000000004
49.33716665000001,72.10603505,0.29325,0.28025000000000005
49.2399551,71.87759270000001,0.28035000000000004,0.29315
49.146389600000006,71.6450494,0.28105,0.29245000000000004
49.058947700000004,71.40907615,0.28375,0.29175
48.980107100000005,71.17034375,0.2904,0.29095
48.911733600000005,70.92948415000001,0.2977,0.2892
48.85255025000001,70.68692865,0.30610000000000004,0.28595000000000004
48.80027355000001,70.44304435000001,0.31335,0.28315
48.752619700000004,70.1981984,0.3128,0.2837
48.70756045,69.95272055000001,0.3123,0.2842
48.66437115000001,69.70675,0.31175,0.28475
48.62274145000001,69.4603656,0.31120000000000003,0.28530000000000005
48.58236120000001,69.21364605,0.31070000000000003,0.2858
48.5429201,68.9666701,0.31015000000000004,0.28635000000000005
48.504108050000006,68.7195164,0.30960000000000004,0.28690000000000004
48.465614800000004,68.47226380000001,0.30905000000000005,0.28745
48.42713020000001,68.22499095,0.30855000000000005,0.28795000000000004
48.388352950000005,67.97777445,0.30800000000000005,0.2885
48.34916535000001,67.73064645,0.30745,0.28905
48.30962195000001,67.48359725,0.3069,0.2896
48.269783950000004,67.23661565,0.3064,0.29009999999999997
48.229712500000005,66.9896905,0.30585,0.29065
48.18946890000001,66.74281045000001,0.3053,0.2912
48.14911430000001,66.49596435000001,0.30475,0.29175
48.108709950000005,66.24914100000001,0.30425,0.29225
48.06831700000001,66.0023291,0.3037,0.2928
48.0279967,65.75551745,0.30315000000000003,0.29335
47.987810200000006,65.50869485,0.30265000000000003,0.29385
47.94781875,65.26185005,0.30210000000000004,0.2944
47.90808355000001,65.0149718,0.30155,0.29495
47.8686658,64.76804895000001,0.301,0.29550000000000004
47.829626700000006,64.52107015,0.3005,0.296
47.791027500000006,64.27402430000001,0.3006,0.2959
47.75292945,64.0269001,0.30200000000000005,0.2945
47.71547395,63.77967915000001,0.3034,0.2931
47.67901760000001,63.532323950000006,0.3048,0.2917
47.643953100000004,63.284793750000006,0.30615000000000003,0.29035000000000005
47.610672900000004,63.03704775,0.30755,0.28895
47.579569600000006,62.78904525,0.30895000000000006,0.28755000000000003
47.551035850000005,62.5407455,0.31035,0.28615
47.52546410000001,62.2921077,0.31045,0.28605
47.503247050000006,62.0430911,0.30970000000000003,0.2868
47.4847522,61.793664199999995,0.30895000000000006,0.28755000000000003
47.47012155,61.54387869999999,0.30825,0.28825
47.45937725,61.29383035,0.30750000000000005,0.28900000000000003
47.45254045000001,61.04361555,0.30705000000000005,0.28945
47.44963225000001,60.7933304,0.30655000000000004,0.28995000000000004
47.45067375000001,60.54307125,0.30610000000000004,0.2904
47.455686050000004,60.2929343,0.30560000000000004,0.2909
47.46469030000001,60.04301585,0.30515000000000003,0.29135
47.477706250000004,59.7934114,0.30465000000000003,0.29185
47.494682100000006,59.5441778,0.3065,0.29
47.515458100000004,59.2953134,0.3114,0.2851
47.53986555,59.0468118,0.31635,0.28015
47.567735850000005,58.798666600000004,0.3186,0.2779
47.59890035000001,58.550871349999994,0.31355,0.28295
47.63319035000001,58.3034197,0.3085,0.288
47.67043720000001,58.05630515,0.30345,0.29305
47.710472300000006,57.80952135,0.29845000000000005,0.29805000000000004
47.753163750000006,57.563073849999995,0.29340000000000005,0.30310000000000004
47.79855140000001,57.31702425,0.29525,0.30125
47.846724900000005,57.0714503,0.2978,0.2987
47.89777395000001,56.826429899999994,0.3003,0.2962
47.95178820000001,56.5820408,0.3028,0.2937
48.00885735000001,56.338360800000004,0.3033,0.2932
48.069071050000005,56.0954678,0.30275,0.29375
48.132519050000006,55.8534396,0.3022,0.2943
48.19929065000001,55.61235575,0.30165000000000003,0.29485
48.269474,55.37230395,0.30295000000000005,0.29355000000000003
48.3431568,55.1333743,0.30545,0.29105
48.42042680000001,54.895656849999995,0.30790000000000006,0.2886
48.50137165,54.6592416,0.3104,0.2861
48.586079100000006,54.42421865,0.3124,0.2841
48.674636850000006,54.190678000000005,0.3113,0.2852
48.76713265000001,53.95870975,0.31025,0.28625
48.863644400000005,53.72839905,0.30915000000000004,0.28735
48.964077200000006,53.4997453,0.30810000000000004,0.2884
49.068188150000005,53.27267445,0.30720000000000003,0.2893
49.175729700000005,53.0471101,0.30625,0.29025
49.286454250000006,52.8229759,0.30535,0.29115
49.4001141,52.600195400000004,0.3044,0.29209999999999997
49.516461750000005,52.3786922,0.30350000000000005,0.29300000000000004
49.63524950000001,52.1583899,0.30255000000000004,0.29395
49.756230050000006,51.93921225,0.30165000000000003,0.29485
49.87924435000001,51.72113205,0.3032,0.2933
50.00435110000001,51.504243,0.3063,0.2902
50.13164200000001,51.28865715,0.3094,0.2871
50.261208800000006,51.074486449999995,0.3125,0.284
50.3931431,50.861843,0.3144,0.2821
50.52753665,50.6508388,0.31175,0.28475
50.664481200000004,50.4415859,0.30905000000000005,0.28745
50.804068400000006,50.2341963,0.30635,0.29015
50.94638990000001,50.028782050000004,0.3037,0.2928
51.09153750000001,49.825455149999996,0.30200000000000005,0.2945
51.239602850000004,49.62432765,0.30145,0.29505
51.39067765000001,49.425511549999996,0.30085000000000006,0.29565
51.5448536,49.22911895,0.30025,0.29625
51.702222400000004,49.0352618,0.2985,0.298
51.86287575000001,48.844052149999996,0.29660000000000003,0.2999
52.02690535000001,48.65560205,0.2947,0.3018
52.19437895000001,48.4700088,0.29315,0.30335
52.36517210000001,48.28725165,0.29860000000000003,0.2979
52.53906795,48.1072531,0.30410000000000004,0.2924
52.715849000000006,47.92993525,0.30955,0.28695
52.895297850000006,47.75522025,0.31145,0.28504999999999997
53.07719695000001,47.58303015,0.31115000000000004,0.28535
53.26132890000001,47.41328715,0.31085,0.28565
53.447476200000004,47.245913349999995,0.3105,0.286
53.635421050000005,47.080828249999996,0.3066,0.2899
53.824932450000006,46.9178383,0.30205000000000004,0.29445000000000005
54.015761000000005,46.7565951,0.29755,0.29895
54.20765600000001,46.59673895,0.29300000000000004,0.30350000000000005
54.40036675,46.4379103,0.28845000000000004,0.30805
54.593642700000004,46.2797494,0.2876,0.3089
54.787233050000005,46.1218967,0.2902,0.3063
54.980887200000005,45.9639925,0.29275,0.30375
55.17435685,45.805681050000004,0.29535,0.30115000000000003
55.36749725000001,45.6467717,0.2979,0.29860000000000003
55.5603033,45.48729725,0.3005,0.296
55.7527801,45.32730635,0.30305000000000004,0.29345
55.944932550000004,45.16684755,0.3052,0.2913
56.13676565,45.0059695,0.30295000000000005,0.29355000000000003
56.328284350000004,44.84472085,0.30075,0.29575
56.519493600000004,44.68315025,0.2985,0.298
56.7103984,44.5213063,0.29625,0.30025
56.90100375,44.3592376,0.294,0.3025
57.091314600000004,44.196992800000004,0.2918,0.3047
57.2813359,44.03462055,0.28955000000000003,0.30695000000000006
57.47107260000001,43.87216945,0.28730000000000006,0.30920000000000003
57.66052975000001,43.709688150000005,0.2851,0.3114
57.84971225000001,43.5472253,0.28285,0.31365
58.038625100000004,43.38482945,0.29825,0.29825
58.22727330000001,43.2225493,0.31495000000000006,0.2826
58.41577335000001,43.06042635,0.31125,0.2877
58.60468965000001,42.89847365,0.30755,0.2928
58.79469885,42.7366971,0.30385,0.2979
58.98647760000001,42.575102650000005,0.30015000000000003,0.30305000000000004
59.18077735000001,42.41398045,0.29860000000000003,0.30790000000000006
59.37946265000001,42.2578475,0.30415000000000003,0.30785
59.585251500000005,42.11446145,0.30985,0.30215000000000003
59.80088350000001,41.99166265,0.30825,0.30375
60.02885835000001,41.8968995,0.30525,0.30675
60.268150750000004,41.8318673,0.31110000000000004,0.3009
60.515055800000006,41.79388735,0.31355,0.29845000000000005
60.7658016,41.78017185,0.31495000000000006,0.29705
61.0166236,41.7879275,0.31705000000000005,0.29495
61.26513955000001,41.81336665,0.3158,0.2962
61.511966750000006,41.85054395,0.31455000000000005,0.29745
61.75811575,41.89323125,0.3133,0.2987
62.00459475000001,41.9352126,0.31200000000000006,0.30000000000000004
62.25201260000001,41.9725215,0.31075,0.30125
62.50011715000001,42.0060407,0.30975,0.30225
62.74854425000001,42.03728365,0.31015000000000004,0.30185
62.996929800000004,42.06776385,0.3105,0.30150000000000005
63.244953900000006,42.09890815,0.3109,0.30110000000000003
63.49260935000001,42.1315325,0.31125,0.30075
63.74002325000001,42.16619035,0.31160000000000004,0.3004
63.987323200000006,42.20343405,0.31200000000000006,0.30000000000000004
64.23458985,42.2436711,0.31205,0.29995
64.48157420000001,42.28629505,0.3114,0.3006
64.72788680000001,42.330266449999996,0.31075,0.30125
64.97313745000001,42.3745443,0.31010000000000004,0.30190000000000006
65.2173022,42.4186532,0.30945,0.30255000000000004
65.46289925,42.46604575,0.3088,0.3032
65.71262150000001,42.5180931,0.31005,0.30195
65.9629141,42.550244899999996,0.31215000000000004,0.29985
66.20739940000001,42.53080065,0.29,0.32200000000000006
66.4384533,42.454264550000005,0.28875,0.32325000000000004
66.64823270000001,42.32647775,0.3037,0.31385
66.8387597,42.1628227,0.3104,0.317
67.0236885,41.9896915,0.31705000000000005,0.32010000000000005
67.21077600000001,41.8215181,0.32375,0.32325000000000004
67.39989095,41.657630850000004,0.3304,0.32635000000000003
67.59043820000001,41.4964699,0.3371,0.3295
67.78183050000001,41.33649695,0.34375,0.33265
67.97373215,41.1768639,0.35040000000000004,0.33575
68.1661066,41.0175429,0.35710000000000003,0.3389
68.3589347,40.85855405,0.37250000000000005,0.36665000000000003
68.55219735,40.699917299999996,0.38715000000000005,0.39285000000000003
68.74587545,40.54165265,0.38805,0.39195
68.93994975000001,40.38378015,0.389,0.391
69.13440115,40.2263198,0.38965000000000005,0.39035000000000003
69.32921055,40.06929165,0.38955000000000006,0.39045
69.52434675,39.91269235,0.3895,0.3905
69.7197356,39.75643585,0.3894,0.39060000000000006
69.9152933,39.60041755,0.38935000000000003,0.39065
70.11093625000001,39.444532949999996,0.38925000000000004,0.39075000000000004
70.30658065,39.2886775,0.3892,0.39080000000000004
70.5021428,39.13274655,0.3891,0.3909
70.69753905,38.9766356,0.38905,0.39095
70.89268565,38.820240150000004,0.38895,0.39105
71.08749885,38.66345555,0.3889,0.3911
71.281895,38.5061773,0.38880000000000003,0.3912
71.47579035000001,38.3483008,0.3879,0.3921
71.66910115,38.18972155,0.38695,0.39305
71.86174375,38.03033495,0.38605,0.39395
72.05363445,37.87003645,0.38515000000000005,0.39485000000000003
72.24468945000001,37.70872155,0.38425,0.39575000000000005
72.43482510000001,37.5462856,0.38335,0.39665
72.62398150000001,37.38265325,0.3824,0.3976
72.8123952,37.2181114,0.38195,0.39805
73.00050350000001,37.0531925,0.38495,0.39505
73.1887476,36.8884337,0.3879,0.3921
73.37756860000002,36.724372,0.3909,0.3891
73.56740770000002,36.5615446,0.39390000000000003,0.38610000000000005
73.75870600000002,36.4004885,0.39685000000000004,0.38315000000000005
73.9519047,36.24174085,0.39580000000000004,0.38055
74.14743845000001,36.0858311,0.38535,0.3789
74.34498810000001,35.9323942,0.3749,0.37725000000000003
74.54278355000001,35.7793439,0.36450000000000005,0.37565000000000004
74.73888995000002,35.62439835,0.35405000000000003,0.37400000000000005
74.93137245,35.46527565,0.3436,0.37235
75.118741,35.30021815,0.33315000000000006,0.37070000000000003
75.30226240000002,35.13071565,0.33165,0.3509
75.48425750000001,34.95949985,0.33130000000000004,0.32875000000000004
75.66704945000001,34.78930515,0.3309,0.3066
75.8524696,34.6222924,0.3247,0.3003
76.039333,34.45710535,0.31120000000000003,0.3138
76.2253115,34.2910543,0.2977,0.32730000000000004
76.40807475,34.12144725,0.3002,0.32480000000000003
76.58533870000001,33.9456552,0.30990000000000006,0.3151
76.75610610000001,33.7627987,0.31465000000000004,0.31035
76.92080025000001,33.57393005,0.31135,0.31365
77.0799179,33.380201299999996,0.30805,0.31695000000000007
77.23395200000002,33.1827477,0.30590000000000006,0.3191
77.3832927,32.9822447,0.30785,0.31715000000000004
77.52821740000002,32.77886315,0.3098,0.31520000000000004
77.6689978,32.57274805,0.31055000000000005,0.31445
77.80590550000001,32.36404445,0.30675,0.31825000000000003
77.93921220000001,32.1528974,0.30295000000000005,0.32205
78.06918945000001,31.939451899999998,0.30535,0.31965
78.196109,31.72385305,0.30835,0.31665000000000004
78.3202048,31.5062344,0.3114,0.31360000000000005
78.44070835000001,31.2864234,0.31345,0.31155
78.55576565000001,31.06391635,0.30950000000000005,0.3155
78.66346850000001,30.83819285,0.30550000000000005,0.3195
78.76190905000001,30.60873265,0.30155,0.32345
78.85016015000001,30.37534715,0.30235,0.32265000000000005
78.93045675000002,30.1389171,0.30415000000000003,0.32085
79.00566975000001,29.90053825,0.30590000000000006,0.3191
79.0786698,29.66130635,0.3083,0.3167
79.1517236,29.42208655,0.31135,0.31365
79.22516910000002,29.183008,0.3144,0.3106
79.29896015,28.9440533,0.31745,0.30755
79.37305065000001,28.70520505,0.31755,0.30745
79.44739440000001,28.46644575,0.31745,0.30755
79.52194525000002,28.2277581,0.3173,0.30770000000000003
79.59665700000001,27.9891246,0.31720000000000004,0.3078
79.67148360000002,27.7505278,0.3129,0.31210000000000004
79.7463802,27.51195095,0.30820000000000003,0.3168
79.82131760000001,27.273383799999998,0.30350000000000005,0.3215
79.89627615,27.03482025,0.2988,0.32620000000000005
79.97123640000001,26.79625425,0.3025,0.3225
80.04617885000002,26.5576798,0.31010000000000004,0.3149
80.12108400000001,26.3190909,0.31765,0.30735
80.1959324,26.0804814,0.31705000000000005,0.30795
80.27070455,25.84184535,0.31645,0.30855000000000005
80.345381,25.603176649999998,0.31585,0.30915000000000004
80.41994225,25.36446935,0.31525000000000003,0.30975
80.49436885,25.12571735,0.31465000000000004,0.31035
80.56864125000001,24.886914599999997,0.31410000000000005,0.3109
80.64274005000001,24.648055149999998,0.3135,0.31150000000000005
80.71664575,24.40913285,0.3129,0.31210000000000004
80.79033885000001,24.17014175,0.3125,0.3125
80.8637999,23.9310758,0.31210000000000004,0.3129
80.9370093,23.6919289,0.31170000000000003,0.3133
81.00994035000001,23.452693699999998,0.3113,0.31370000000000003
81.08255395,23.21336045,0.3109,0.31410000000000005
81.15480960000001,22.97391915,0.3105,0.3145
81.22666695000001,22.734359849999997,0.31010000000000004,0.3149
81.29808560000001,22.494672549999997,0.30965,0.31535
81.36902515,22.2548473,0.3088,0.31620000000000004
81.43944515000001,22.014874149999997,0.30735,0.31765
81.50930525000001,21.774743049999998,0.30595,0.31905000000000006
81.578565,21.534444049999998,0.3053,0.3185
81.64718405,21.293967199999997,0.30485000000000007,0.31760000000000005
81.71512195,21.053302549999998,0.30435,0.31675000000000003
81.7823383,20.81244005,0.30385,0.31585
81.84879275,20.57136975,0.3034,0.315
81.91444480000001,20.330081699999997,0.3029,0.31415000000000004
81.9792541,20.0885659,0.30255000000000004,0.31375000000000003
82.04318030000002,19.846812399999997,0.30275,0.3148
82.1061852,19.604811849999997,0.3029,0.31585
82.16828365,19.3625692,0.30305000000000004,0.3169
82.22954330000002,19.120103999999998,0.3032,0.31795
82.29003420000001,18.877436199999998,0.30335,0.31905000000000006
82.34982630000002,18.63458585,0.30355,0.32010000000000005
82.40898965000001,18.391572999999998,0.3037,0.32115000000000005
82.46759420000001,18.14841775,0.30385,0.32220000000000004
82.52571,17.90514005,0.30400000000000005,0.32325000000000004
82.58340700000001,17.661760049999998,0.3042,0.32430000000000003
82.64075525000001,17.4182977,0.30435,0.3254
82.69782475000001,17.17477305,0.3045,0.32645
82.75468545000001,16.9312062,0.30465000000000003,0.3275
82.81140735000001,16.6876172,0.3048,0.32855
82.86806050000001,16.444026049999998,0.30695000000000006,0.32645
82.9247149,16.2004528,0.30990000000000006,0.32295
82.98144055,15.956917449999997,0.3129,0.31945
83.0383067,15.71343995,0.3159,0.3159
83.09469885000001,15.469834949999997,0.3189,0.3124
83.1480248,15.2253243,0.32185,0.3089
83.19533725000001,14.979023199999997,0.31610000000000005,0.31105000000000005
83.2336889,14.730046899999998,0.30215000000000003,0.31845
83.25383875,14.480662799999998,0.28755000000000003,0.333
83.18740930000001,14.263729199999997,0.28975,0.34105
83.0021366,14.11269505,0.2947,0.3045
82.76395785,14.01268425,0.29395,0.29910000000000003
82.5231954,13.927488050000001,0.2927,0.29665
82.28621945,13.84259205,0.29145,0.29425
82.05196095000001,13.75717985,0.29015,0.29185
81.81929450000001,13.67055955,0.2889,0.28940000000000005
81.58710260000001,13.582048799999999,0.2878,0.2872
81.3547121,13.4914944,0.28805000000000003,0.28695
81.12211970000001,13.399540449999996,0.2883,0.2867
80.88937750000001,13.306897099999997,0.28855000000000003,0.28645000000000004
80.6565373,13.21426915,0.2888,0.2862
80.42363685000001,13.122066249999996,0.28905,0.28595000000000004
80.1906926,13.030256399999999,0.2893,0.2857
79.9577194,12.938771199999998,0.28955000000000003,0.28545
79.72473195,12.847542349999998,0.2898,0.2852
79.4917451,12.75650155,0.29005000000000003,0.28495
79.25877360000001,12.66558045,0.2903,0.2847
79.02583220000001,12.5747107,0.29055000000000003,0.28445000000000004
78.79293575,12.483823949999998,0.2908,0.2842
78.56009900000001,12.39285195,0.29105,0.28395000000000004
78.32733675,12.30172635,0.2913,0.2837
78.09466370000001,12.210378749999997,0.29155000000000003,0.28345
77.86209475000001,12.118740899999999,0.2918,0.2832
77.6296446,12.026744449999999,0.29205000000000003,0.28295
77.39732805,11.934321099999998,0.2923,0.2827
77.1651599,11.841402449999997,0.29255000000000003,0.28245000000000003
76.93315495000002,11.7479202,0.2928,0.2822
76.70132335000001,11.653832899999998,0.29305,0.28195000000000003
76.4696547,11.559222049999999,0.2928,0.2822
76.23813245000001,11.464204049999996,0.29225,0.28275
76.00674025000001,11.36889545,0.29175,0.28325
75.7754616,11.273412649999997,0.2912,0.2838
75.54428010000001,11.177872249999997,0.2907,0.2843
75.3131793,11.082390699999998,0.2902,0.2848
75.08214275,10.987084499999998,0.28965,0.28535
74.85115635,10.892048949999996,0.28915,0.28585
74.62024735,10.797008649999999,0.2886,0.2864
74.38947820000001,10.7013714,0.28809999999999997,0.28690000000000004
74.15891250000001,10.604534899999997,0.2876,0.28740000000000004
73.92861290000002,10.5059005,0.28704999999999997,0.28795000000000004
73.6983179,10.406125849999999,0.28550000000000003,0.28950000000000004
73.46696315,10.308979299999997,0.28355,0.29145
73.23336220000002,10.218702249999996,0.2816,0.29340000000000005
72.99633035000001,10.139534849999997,0.2797,0.2953
72.75525475,10.0753101,0.2771,0.2979
72.51092925,10.02885925,0.27730000000000005,0.2977
72.26436005000001,10.002862499999996,0.27925,0.29575
72.0165534,10.0,0.27985000000000004,0.29514999999999997
71.76860555,10.022553699999996,0.28090000000000004,0.2941
71.52234925,10.069553149999997,0.28985,0.28515
71.27997705,10.138439299999998,0.29675,0.27825000000000005
71.04368365,10.2266425,0.28515,0.28985
70.81552780000001,10.331723499999999,0.27635000000000004,0.29865
70.5964721,10.4522935,0.27530000000000004,0.2997
70.38695055000001,10.587470299999996,0.27485,0.30015000000000003
70.18739375000001,10.736374899999998,0.27815,0.29685
69.99823235000001,10.8981283,0.28145,0.29355000000000003
69.81989685,11.071851549999998,0.28295,0.29205000000000003
69.65281795000001,11.2566657,0.28445000000000004,0.29055000000000003
69.49742615000001,11.451691749999998,0.28345,0.29155000000000003
69.35386115,11.655923249999997,0.28245000000000003,0.29255000000000003
69.21997765,11.867352099999998,0.28265,0.29235000000000005
69.0925514,12.083497399999999,0.28325,0.29175
68.9683517,12.3018754,0.28385,0.29115
68.8441852,12.52003105,0.28445000000000004,0.29055000000000003
68.71845,12.736734399999996,0.28504999999999997,0.28995000000000004
68.59169820000001,12.952413749999998,0.28565,0.28935
68.4646348,13.167614999999998,0.2862,0.2888
68.33795655,13.3828782,0.2868,0.2882
68.21200645,13.5984965,0.28740000000000004,0.2876
68.0866523,13.814430600000001,0.288,0.28700000000000003
67.96172820000001,14.0306179,0.2886,0.2864
67.8370685,14.2469958,0.2892,0.2858
67.71250725,14.463501649999998,0.2898,0.2852
67.58787875,14.680072849999998,0.2904,0.2846
67.46301720000001,14.8966468,0.29100000000000004,0.284
67.3377585,15.113161049999999,0.2916,0.28340000000000004
67.212008,15.329563199999999,0.2922,0.2828
67.08576330000001,15.5458137,0.2928,0.2822
66.95902845,15.7618741,0.29340000000000005,0.2816
66.83180745,15.977705849999998,0.294,0.281
66.70410425,16.19327045,0.29460000000000003,0.2804
66.57592295,16.408529299999998,0.2952,0.2798
66.44726745,16.62344395,0.2958,0.2792
66.31814185,16.83797585,0.29565,0.27935
66.18855015000001,17.052086499999998,0.2953,0.2797
66.05849625,17.26573735,0.29495,0.28005
65.9279843,17.478889849999998,0.29455000000000003,0.28045000000000003
65.79701820000001,17.69150555,0.2942,0.2808
65.665602,17.903545849999997,0.29385,0.28115
65.53373970000001,18.114972249999997,0.29350000000000004,0.28150000000000003
65.40143535000001,18.325746249999998,0.29315,0.28185
65.26869285000001,18.53582925,0.2928,0.2822
65.1354651,18.74538805,0.2924,0.2826
65.00150065000001,18.955407549999997,0.29205000000000003,0.28295
64.86649715000001,19.16707695,0.29365,0.28135
64.73015225,19.38158525,0.2957,0.27930000000000005
64.59177695000001,19.599297,0.29775,0.27725
64.44497630000001,19.808408,0.2998,0.2752
64.2790035,19.9878331,0.2977,0.27730000000000005
64.08300195000001,20.11625315,0.29660000000000003,0.2784
63.84816695000001,20.173216449999998,0.30295000000000005,0.27205
63.59507285000001,20.1506893,0.3027,0.2723
63.36611470000001,20.0499942,0.28685,0.28815
63.182489800000006,19.884230499999997,0.2828,0.2922
63.020337600000005,19.690409499999998,0.2846,0.2904
62.859194550000005,19.4962624,0.2857,0.2893
62.69715055,19.30426955,0.28685,0.28815
62.534581300000006,19.113800599999998,0.28795000000000004,0.28704999999999997
62.371861900000006,18.92422595,0.2891,0.2859
62.20928245,18.73502335,0.29025,0.28475
62.046959650000005,18.54588985,0.2905,0.28450000000000003
61.88498895000001,18.3565494,0.29065,0.28435000000000005
61.723465700000006,18.1667259,0.2908,0.2842
61.56248540000001,17.97614325,0.29095,0.28405
61.40214350000001,17.7845254,0.2911,0.2839
61.24253535000001,17.591596199999998,0.2913,0.2837
61.083756400000006,17.39707965,0.29145,0.28355
60.92569900000001,17.200986949999997,0.2916,0.28340000000000004
60.76691715000001,17.005222449999998,0.29175,0.28325
60.605423050000006,16.812456849999997,0.2919,0.2831
60.4392275,16.6253629,0.28875,0.28625
60.266341350000005,16.44661335,0.27655,0.29845000000000005
60.08477525000001,16.27888105,0.2644,0.3106
59.89254000000001,16.124838699999998,0.2721,0.3029
59.68764645,15.987159199999999,0.2803,0.2947
59.4686358,15.868247549999998,0.2883,0.2867
59.23746955000001,15.7687829,0.29100000000000004,0.284
58.997466200000005,15.68875975,0.2817,0.2933
58.75194760000001,15.628170749999999,0.27685,0.29815
58.504192700000004,15.587012849999999,0.27805,0.29695
58.2562056,15.56540665,0.27925,0.29575
58.0085308,15.56361455,0.27595000000000003,0.29905
57.761632600000006,15.5819067,0.27345,0.30155
57.51600125,15.620535899999998,0.2803,0.2947
57.272875150000004,15.679252199999999,0.2872,0.2878
57.03433650000001,15.757238749999999,0.2847,0.2903
56.80251270000001,15.853648249999997,0.27725,0.29775
56.579531,15.96763345,0.2764,0.29860000000000003
56.366713450000006,16.0978525,0.28330000000000005,0.2917
56.16267345000001,16.24130055,0.29345,0.28155
55.96545570000001,16.394623349999996,0.28950000000000004,0.28550000000000003
55.773104950000004,16.5544669,0.28585,0.28915
55.583980600000004,16.71806115,0.284,0.29100000000000004
55.397488900000006,16.8845796,0.2822,0.2928
55.213253550000005,17.053599549999998,0.28045000000000003,0.29455000000000003
55.03089835,17.22469815,0.281,0.294
54.850047,17.397452649999998,0.28155,0.29345
54.67032325,17.571440349999996,0.2821,0.2929
54.49135090000001,17.7462384,0.28265,0.29235000000000005
54.312753650000005,17.9214241,0.2832,0.2918
54.134174200000004,18.096596249999997,0.28375,0.29125
53.95547595000001,18.2716052,0.2843,0.2907
53.77666465000001,18.446463599999998,0.28490000000000004,0.29009999999999997
53.597748450000005,18.6211867,0.28545,0.28955000000000003
53.418735500000004,18.79578995,0.286,0.28900000000000003
53.23963390000001,18.97028855,0.28655,0.28845000000000004
53.060451750000006,19.14469785,0.2871,0.2879
52.881197300000004,19.3190332,0.28765,0.28735
52.70187825000001,19.49330925,0.2882,0.2868
52.522498850000005,19.667532549999997,0.28875,0.28625
52.34306110000001,19.841704699999998,0.28935,0.28565
52.163566800000005,20.015827199999997,0.2899,0.2851
51.98401795000001,20.18990145,0.29045000000000004,0.28455
51.804416350000004,20.363929,0.29100000000000004,0.284
51.624763900000005,20.53791125,0.29150000000000004,0.2837
51.44506255,20.71184975,0.29195000000000004,0.2842
51.26531415000001,20.88574585,0.2924,0.28475
51.08552065000001,21.0596011,0.2928,0.28525
50.90568390000001,21.233417,0.29325,0.28575
50.725805750000006,21.407194949999997,0.29365,0.2863
50.54588820000001,21.58093645,0.2941,0.2868
50.36593305000001,21.754642949999997,0.2945,0.28735
50.185942250000004,21.9283159,0.29495,0.28785
50.00591765000001,22.10195685,0.29535,0.2884
49.825861200000006,22.275567199999998,0.2958,0.2889
49.64577475000001,22.44914845,0.2962,0.28940000000000005
49.465660250000006,22.62270205,0.29665,0.28995000000000004
49.28551950000001,22.7962295,0.29710000000000003,0.29045000000000004
49.105354500000004,22.96973225,0.29750000000000004,0.29100000000000004
48.925167050000006,23.14321175,0.29795,0.29150000000000004
48.7449591,23.3166695,0.29835,0.29205000000000003
48.56473255,23.490106949999998,0.2988,0.29255000000000003
48.38448925000001,23.66352555,0.2992,0.29305
48.20423110000001,23.836926849999998,0.29965,0.2936
48.02396005000001,24.01031225,0.30005000000000004,0.2941
47.84367795000001,24.183683199999997,0.3005,0.29465
47.663386700000004,24.357041199999998,0.3009,0.29514999999999997
47.483088200000005,24.53038775,0.30135,0.2957
47.30278435,24.703724299999998,0.3018,0.2962
47.12247705000001,24.8770523,0.3022,0.29675
46.94216815000001,25.05037325,0.30265000000000003,0.29725
46.761859550000004,25.22368855,0.30305000000000004,0.29775
46.58155235,25.396999349999998,0.30350000000000005,0.2983
46.40124685000001,25.570306249999998,0.30390000000000006,0.2988
46.220943350000006,25.74361005,0.30435,0.29935
46.04064210000001,25.9169113,0.30475,0.29985
45.86034345,26.090210749999997,0.3052,0.3004
45.68004760000001,26.26350905,0.30560000000000004,0.3009
45.49975485,26.4368069,0.30605000000000004,0.3014
45.31946550000001,26.61010495,0.3065,0.30195
45.13917980000001,26.7834039,0.3069,0.30245000000000005
44.958898100000006,26.9567044,0.30735,0.303
44.7786206,27.130007149999997,0.30775,0.30350000000000005
44.59834765000001,27.3033128,0.30820000000000003,0.30405000000000004
44.418079500000005,27.47662205,0.3086,0.30455000000000004
44.23781640000001,27.64993555,0.30905000000000005,0.30510000000000004
44.0575587,27.823253949999998,0.30945,0.30560000000000004
43.877306600000004,27.996578,0.30990000000000006,0.30610000000000004
43.697060400000005,28.16990835,0.3103,0.30665000000000003
43.516820450000004,28.34324565,0.31075,0.30715000000000003
43.336586950000004,28.5165906,0.31120000000000003,0.30770000000000003
43.156360250000006,28.6899439,0.31160000000000004,0.30820000000000003
42.97614060000001,28.86330615,0.31205,0.30875
42.79592825,29.03667805,0.31245,0.30925
42.6157235,29.21006035,0.3129,0.30975
42.43552665000001,29.3834536,0.3133,0.3103
42.255337950000005,29.556858599999998,0.31375000000000003,0.3108
42.075157700000005,29.73027595,0.31415000000000004,0.31135
41.894986200000005,29.90370635,0.3146,0.31185
41.714823700000004,30.077150449999998,0.315,0.3124
41.534670500000004,30.250609,0.31545,0.3129
41.354526850000006,30.424082549999998,0.3159,0.31345
41.1743931,30.5975719,0.3164,0.31400000000000006
