# s_m, x_m, y_m, psi_rad, kappa_radpm, vx_mps, ax_mps2
0.000000,0.590215,-0.134885,-2.122228,0.376227,5.038891,2.349275
0.099963,0.676306,-0.185663,-2.085440,0.359917,5.085283,2.592529
0.199926,0.764181,-0.233318,-2.050255,0.344091,5.135992,2.821461
0.299889,0.853639,-0.277907,-2.016262,0.336136,5.190617,2.839495
0.399852,0.944551,-0.319469,-1.983039,0.328620,5.245016,2.853264
0.499815,1.036773,-0.358024,-1.950682,0.318801,5.299116,2.939306
0.599778,1.130181,-0.393622,-1.919290,0.309321,5.354276,3.021469
0.699741,1.224644,-0.426315,-1.888836,0.300033,5.410392,3.104158
0.799704,1.320043,-0.456159,-1.859296,0.291049,5.467444,3.184140
0.899667,1.416274,-0.483218,-1.830663,0.281825,5.525354,3.277997
0.999630,1.513223,-0.507553,-1.802943,0.272835,5.584344,3.371118
1.099593,1.610808,-0.529238,-1.776118,0.263869,5.644366,3.470281
1.199556,1.708921,-0.548339,-1.750183,0.255093,5.705495,3.570199
1.299519,1.807500,-0.564934,-1.725119,0.246355,5.767707,3.676045
1.399482,1.906446,-0.579096,-1.700925,0.237763,5.831070,3.784285
1.499445,2.005714,-0.590903,-1.677582,0.229241,5.895588,3.897666
1.599408,2.105213,-0.600431,-1.655090,0.220833,5.961309,4.014821
1.699371,2.204912,-0.607761,-1.633422,0.212661,6.028256,4.131427
1.799334,2.304730,-0.612970,-1.612570,0.204577,6.096380,4.253030
1.899297,2.404648,-0.616136,-1.592511,0.196749,6.165723,4.373399
1.999260,2.504596,-0.617336,-1.573233,0.188988,6.236224,4.499821
2.099222,2.604560,-0.616648,-1.554724,0.181317,6.307942,4.631539
2.199185,2.704486,-0.614149,-1.536981,0.173695,6.380916,4.770399
2.299148,2.804362,-0.609915,-1.519997,0.166101,6.455216,4.917499
2.399111,2.904146,-0.604023,-1.503772,0.158541,6.530923,5.072848
2.499074,3.003831,-0.596550,-1.488298,0.151035,6.608112,5.235915
2.599037,3.103386,-0.587574,-1.473575,0.143554,6.686849,5.408281
2.699000,3.202808,-0.577169,-1.459597,0.136105,6.767215,5.429649
2.798963,3.302074,-0.565413,-1.446364,0.128674,6.846950,5.384182
2.898926,3.401185,-0.552381,-1.433871,0.121271,6.925111,5.339565
2.998889,3.500127,-0.538149,-1.422118,0.113880,7.001763,5.295764
3.098852,3.598903,-0.522791,-1.411102,0.106516,7.076966,5.252746
3.198815,3.697509,-0.506382,-1.400822,0.099159,7.150776,5.210483
3.298778,3.795948,-0.488995,-1.391225,0.092866,7.223248,5.168945
3.398741,3.894222,-0.470695,-1.382256,0.086590,7.294431,5.128106
3.498704,3.992331,-0.451539,-1.373707,0.084484,7.364371,5.087942
3.598667,4.090276,-0.431554,-1.365365,0.082420,7.433113,5.048429
3.698630,4.188052,-0.410763,-1.357223,0.080491,7.500699,5.009545
3.798593,4.285659,-0.389185,-1.349273,0.078567,7.567167,4.971270
3.898556,4.383092,-0.366843,-1.341523,0.076489,7.632556,4.933583
3.998519,4.480353,-0.343755,-1.333981,0.074414,7.696899,4.896466
4.098482,4.577438,-0.319946,-1.326647,0.072323,7.760231,4.859901
4.198445,4.674350,-0.295434,-1.319521,0.070235,7.822583,4.823872
4.298408,4.771085,-0.270243,-1.312605,0.068152,7.883986,4.788362
4.398371,4.867649,-0.244394,-1.305896,0.066072,7.944466,4.753357
4.498334,4.964038,-0.217907,-1.299395,0.064001,8.004053,4.718842
4.598297,5.060257,-0.190804,-1.293100,0.061933,8.062772,4.684802
4.698260,5.156306,-0.163106,-1.287013,0.059867,8.120646,4.651226
4.798223,5.252188,-0.134834,-1.281131,0.057804,8.177701,4.618100
4.898186,5.347904,-0.106008,-1.275456,0.055747,8.233959,4.585412
4.998149,5.443458,-0.076649,-1.269986,0.053692,8.289440,4.553151
5.098112,5.538854,-0.046778,-1.264721,0.051641,8.344166,4.521306
5.198075,5.634094,-0.016415,-1.259662,0.049591,8.398157,4.489866
5.298038,5.729182,0.014420,-1.254807,0.047546,8.451431,4.458822
5.398001,5.824123,0.045707,-1.250156,0.045502,8.504006,4.428163
5.497964,5.918920,0.077425,-1.245709,0.043460,8.555900,4.397881
5.597927,6.013579,0.109555,-1.241467,0.041420,8.607129,4.367966
5.697890,6.108104,0.142077,-1.237429,0.039381,8.657710,4.338410
5.797853,6.202500,0.174970,-1.233594,0.037343,8.707658,4.309204
5.897816,6.296773,0.208215,-1.229963,0.035307,8.756987,4.280341
5.997779,6.390927,0.241793,-1.226535,0.033270,8.805713,4.251813
6.097742,6.484970,0.275684,-1.223311,0.031234,8.853848,4.223612
6.197704,6.578906,0.309868,-1.220291,0.029198,8.901406,4.195732
6.297667,6.672743,0.344327,-1.217474,0.027161,8.948400,4.168165
6.397630,6.766484,0.379040,-1.214860,0.025125,8.994842,4.140905
6.497593,6.860139,0.413988,-1.212450,0.023087,9.040745,4.113946
6.597556,6.953713,0.449152,-1.210245,0.021049,9.086118,4.087281
6.697519,7.047213,0.484514,-1.208242,0.019008,9.130975,4.060905
6.797482,7.140644,0.520052,-1.206444,0.016967,9.175325,4.034811
6.897445,7.234017,0.555750,-1.204850,0.014931,9.219178,4.008994
6.997408,7.327335,0.591586,-1.203459,0.012894,9.262545,3.983449
7.097371,7.420608,0.627543,-1.202274,0.010829,9.305436,3.958171
7.197334,7.513840,0.663601,-1.201294,0.008766,9.347860,3.933153
7.297297,7.607042,0.699740,-1.200517,0.006776,9.389826,3.908392
7.397260,7.700219,0.735943,-1.199940,0.004782,9.431342,3.883883
7.497223,7.793379,0.772190,-1.199571,0.002601,9.472418,3.859620
7.597186,7.886529,0.808461,-1.199420,0.000404,9.513062,3.835600
7.697149,7.979679,0.844734,-1.199524,-0.002495,9.553281,3.811819
7.797112,8.072837,0.880985,-1.199918,-0.005403,9.593084,3.788271
7.897075,8.166015,0.917185,-1.200622,-0.008682,9.632478,3.764953
7.997038,8.259225,0.953304,-1.201654,-0.011958,9.671471,3.741861
8.097001,8.352477,0.989311,-1.203007,-0.015115,9.710069,3.718990
8.196964,8.445784,1.025178,-1.204676,-0.018280,9.748280,3.696338
8.296927,8.539157,1.060873,-1.206676,-0.021733,9.786110,3.673901
8.396890,8.632606,1.096366,-1.209021,-0.025175,9.823567,3.651674
8.496853,8.726145,1.131624,-1.211691,-0.028241,9.860656,3.629655
8.596816,8.819783,1.166618,-1.214667,-0.031201,9.897383,3.607839
8.696779,8.913527,1.201324,-1.217766,-0.030815,9.933755,3.586225
8.796742,9.007378,1.235742,-1.220827,-0.030404,9.969778,3.564808
8.896705,9.101333,1.269875,-1.223808,-0.029234,10.005457,3.543586
8.996668,9.195387,1.303734,-1.226672,-0.028076,10.040798,3.522555
9.096631,9.289537,1.337328,-1.229437,-0.027251,10.075806,3.501712
9.196594,9.383777,1.370665,-1.232120,-0.026421,10.110487,3.481055
9.296557,9.478105,1.403754,-1.234714,-0.025480,10.144846,3.460580
9.396520,9.572516,1.436602,-1.237214,-0.024549,10.178888,3.440286
9.496483,9.667009,1.469218,-1.239636,-0.023900,10.212618,3.420169
9.596446,9.761579,1.501608,-1.241992,-0.023257,10.246041,3.400226
9.696409,9.856225,1.533778,-1.244293,-0.022766,10.279161,3.380455
9.796372,9.950942,1.565732,-1.246544,-0.022276,10.311983,3.360854
9.896335,10.045732,1.597476,-1.248747,-0.021799,10.344511,3.341420
9.996298,10.140589,1.629012,-1.250902,-0.021321,10.376750,3.322151
10.096261,10.235514,1.660347,-1.253009,-0.020837,10.408704,3.303044
10.196224,10.330503,1.691484,-1.255068,-0.020353,10.440378,3.284097
10.296186,10.425557,1.722427,-1.257079,-0.019873,10.471775,3.265308
10.396149,10.520671,1.753182,-1.259041,-0.019405,10.502899,3.246674
10.496112,10.615846,1.783752,-1.260969,-0.019163,10.533754,3.228195
10.596075,10.711077,1.814139,-1.262872,-0.018934,10.564345,3.209866
10.696038,10.806367,1.844345,-1.264767,-0.018963,10.594674,3.191687
10.796001,10.901714,1.874371,-1.266664,-0.018991,10.624746,3.173655
10.895964,10.997118,1.904216,-1.268562,-0.018985,10.654563,3.155769
10.995927,11.092578,1.933880,-1.270459,-0.018977,10.684130,3.138027
11.095890,11.188094,1.963363,-1.272354,-0.018936,10.713450,3.120425
11.195853,11.283666,1.992665,-1.274245,-0.018897,10.742526,3.102964
11.295816,11.379293,2.021786,-1.276133,-0.018877,10.771361,3.085641
11.395779,11.474975,2.050727,-1.278019,-0.018864,10.799959,3.068454
11.495742,11.570711,2.079487,-1.279908,-0.018938,10.828323,3.051401
11.595705,11.666502,2.108066,-1.281805,-0.019018,10.856456,3.034482
11.695668,11.762346,2.136462,-1.283715,-0.019192,10.884361,3.017693
11.795631,11.858246,2.164675,-1.285642,-0.019366,10.912041,3.001034
11.895594,11.954199,2.192702,-1.287587,-0.019533,10.939498,2.984503
11.995557,12.050207,2.220542,-1.289547,-0.019701,10.966736,2.968098
12.095520,12.146269,2.248192,-1.291526,-0.019879,10.993757,2.951818
12.195483,12.242388,2.275652,-1.293522,-0.020057,11.020564,2.935661
12.295446,12.338559,2.302918,-1.295536,-0.020250,11.047160,2.919626
12.395409,12.434787,2.329990,-1.297570,-0.020442,11.073548,2.903712
12.495372,12.531069,2.356865,-1.299624,-0.020640,11.099729,-8.510394
12.595335,12.627408,2.383542,-1.301697,-0.020837,11.022819,-9.937876
12.695298,12.723800,2.410018,-1.303789,-0.021035,10.932324,-9.947998
12.795261,12.820249,2.436291,-1.305902,-0.021234,10.840980,-9.958762
12.895224,12.916753,2.462359,-1.308036,-0.021451,10.748759,-9.968165
12.995187,13.013313,2.488220,-1.310190,-0.021507,10.655652,-9.996052
13.095150,13.109927,2.513877,-1.312247,-0.019641,10.561461,-10.239439
13.195113,13.206592,2.539343,-1.314115,-0.017256,10.464097,-10.531292
13.295076,13.303297,2.564651,-1.315419,-0.008840,10.363004,-11.464959
13.395039,13.400027,2.589874,-1.315883,-0.000701,10.251815,-11.956475
13.495002,13.496756,2.615085,-1.315704,0.004290,10.134560,-11.464872
13.594965,13.593479,2.640338,-1.315026,0.009195,10.020837,-11.087489
13.694928,13.690175,2.665678,-1.313909,0.013158,9.909616,-10.727768
13.794891,13.786841,2.691146,-1.312395,0.017111,9.800803,-10.394734
13.894854,13.883461,2.716779,-1.310493,0.020947,9.694202,-10.076030
13.994817,13.980029,2.742614,-1.308207,0.024787,9.589739,-9.769221
14.094780,14.076532,2.768689,-1.305537,0.028650,9.487359,-9.475811
14.194743,14.172959,2.795039,-1.302480,0.032512,9.386987,-9.198161
14.294706,14.269304,2.821704,-1.299038,0.036341,9.288518,-8.932011
14.394668,14.365545,2.848717,-1.295214,0.040177,9.191889,-8.676074
14.494631,14.461685,2.876119,-1.291005,0.044031,9.097046,-8.430570
14.594594,14.557693,2.903940,-1.286411,0.047894,9.003931,-8.195694
14.694557,14.653581,2.932225,-1.281429,0.051760,8.912476,-7.969836
14.794520,14.749303,2.961000,-1.276062,0.055642,8.822633,-7.751537
14.894483,14.844885,2.990314,-1.270304,0.059555,8.734364,-7.540714
14.994446,14.940266,3.020189,-1.264155,0.063497,8.647632,-7.331061
15.094409,15.035485,3.050677,-1.257604,0.067548,8.562469,-7.131103
15.194372,15.130463,3.081798,-1.250649,0.071593,8.478807,-6.958692
15.294335,15.225253,3.113609,-1.243302,0.075375,8.396365,-6.796337
15.394298,15.319759,3.146120,-1.235579,0.079128,8.315058,-6.677347
15.494261,15.414052,3.179393,-1.227505,0.082365,8.234392,-6.562728
15.594224,15.508016,3.213423,-1.219110,0.085638,8.154333,-6.456913
15.694187,15.601742,3.248276,-1.210385,0.088880,8.074791,-6.354508
15.794150,15.695094,3.283938,-1.201339,0.092171,7.995738,-6.254518
15.894113,15.788178,3.320484,-1.191955,0.095528,7.917157,-6.158167
15.994076,15.880840,3.357889,-1.182239,0.098932,7.839018,-6.067097
16.094039,15.973198,3.396239,-1.172175,0.102358,7.761265,-5.978595
16.194002,16.065088,3.435500,-1.161773,0.105851,7.683876,-5.890270
16.293965,16.156628,3.475764,-1.151008,0.109453,7.606861,-5.804909
16.393928,16.247651,3.516994,-1.139888,0.113119,7.530192,-5.721532
16.493891,16.338272,3.559284,-1.128389,0.116869,7.453851,-5.640164
16.593854,16.428324,3.602596,-1.116520,0.120705,7.377824,-5.557374
16.693817,16.517913,3.647025,-1.104251,0.124693,7.302138,-5.478301
16.793780,16.606878,3.692535,-1.091588,0.128740,7.226754,-5.402690
16.893743,16.695308,3.739217,-1.078509,0.132856,7.151631,-5.331757
16.993706,16.783057,3.787040,-1.065024,0.137018,7.076714,-5.267009
17.093669,16.870190,3.836087,-1.051115,0.141199,7.001918,-5.196401
17.193632,16.956579,3.886334,-1.036789,0.145643,6.927335,-5.113411
17.293595,17.042261,3.937854,-1.021985,0.150496,6.853150,-5.027625
17.393558,17.127131,3.990640,-1.006696,0.155569,6.779418,-4.934070
17.493521,17.211190,4.044753,-0.990874,0.160977,6.706270,-4.845350
17.593484,17.294356,4.100203,-0.974510,0.166452,6.633653,-4.760999
17.693447,17.376591,4.157032,-0.957594,0.172005,6.561517,-4.677751
17.793410,17.457839,4.215269,-0.940117,0.177715,6.489861,-4.596017
17.893373,17.538031,4.274932,-0.922061,0.183577,6.418679,-4.520617
17.993336,17.617130,4.336070,-0.903413,0.189479,6.347885,-4.450221
18.093299,17.695034,4.398676,-0.884178,0.195456,6.277415,-4.386187
18.193262,17.771729,4.462816,-0.864335,0.201478,6.207175,-4.328160
18.293225,17.847082,4.528458,-0.843897,0.207559,6.137077,-4.267238
18.393188,17.921093,4.595682,-0.822828,0.213935,6.067172,-4.209448
18.493150,17.993610,4.664436,-0.801125,0.220457,5.997416,-4.165503
18.593113,18.064642,4.734817,-0.778760,0.226841,5.927580,-4.124057
18.693076,18.134006,4.806737,-0.755768,0.233407,5.857619,-4.117391
18.793039,18.201723,4.880306,-0.732133,0.239248,5.786927,-4.117116
18.893002,18.267619,4.955424,-0.707944,0.245009,5.715366,-3.922458
18.992965,18.331671,5.032170,-0.682839,0.257230,5.646345,-3.745289
19.092928,18.393726,5.110532,-0.656527,0.269014,5.579644,-3.614321
19.192891,18.453657,5.190539,-0.629109,0.279621,5.514511,-3.510177
19.292854,18.511330,5.272192,-0.600611,0.289641,5.450510,-3.508474
19.392817,18.566624,5.355488,-0.571360,0.295583,5.385779,-3.537302
19.492780,18.619416,5.440355,-0.541491,0.302317,5.319720,-3.553541
19.592743,18.669630,5.526796,-0.510897,0.309742,5.252521,-3.557309
19.692706,18.717131,5.614727,-0.479554,0.317980,5.184378,-3.528141
19.792669,18.761820,5.704139,-0.447290,0.327560,5.115898,-3.501427
19.892632,18.803555,5.794959,-0.414060,0.337505,5.047018,-3.472701
19.992595,18.842206,5.887141,-0.379799,0.348012,4.977761,-3.435115
20.092558,18.877623,5.980605,-0.344460,0.359383,4.908292,-3.395248
20.192521,18.909664,6.075290,-0.307935,0.371393,4.838650,-3.344140
20.292484,18.938163,6.171083,-0.270179,0.384444,4.769062,-3.289534
20.392447,18.962967,6.267926,-0.231057,0.398249,4.699606,-3.244687
20.492410,18.983890,6.365648,-0.190557,0.412275,4.630075,-3.201950
20.592373,19.000775,6.464191,-0.148609,0.426901,4.560421,-3.168055
20.692336,19.013435,6.563311,-0.105204,0.441870,4.490442,-3.139842
20.792299,19.021710,6.662958,-0.060245,0.457388,4.419992,-3.092474
20.892262,19.025417,6.762795,-0.013687,0.474713,4.349490,-3.048871
20.992225,19.024382,6.862785,0.034683,0.492771,4.278845,-2.994259
21.092188,19.018429,6.962510,0.084887,0.512381,4.208311,-2.940599
21.192151,19.007368,7.061887,0.137149,0.532975,4.137872,-2.882517
21.292114,18.991044,7.160451,0.191487,0.554915,4.067640,-2.821530
21.392077,18.969262,7.258031,0.248125,0.578181,3.997699,-2.744883
21.492040,18.941899,7.354122,0.307154,0.603569,3.928463,-2.659786
21.592003,18.908769,7.448447,0.368838,0.630681,3.860189,-2.545056
21.691966,18.869781,7.540444,0.433350,0.660813,3.793711,-2.413316
21.791929,18.824784,7.629709,0.501014,0.693072,3.729578,-2.241864
21.891892,18.773732,7.715609,0.572039,0.728755,3.668998,-2.070417
21.991855,18.716545,7.797590,0.646746,0.764892,3.612149,-1.870669
22.091818,18.653273,7.874944,0.725071,0.803111,3.560003,-1.625525
22.191781,18.583999,7.946974,0.807405,0.843997,3.514063,-1.307655
22.291744,18.508904,8.012903,0.893954,0.888466,3.476666,-0.890946
22.391707,18.428289,8.071886,0.985104,0.936688,3.450954,-0.313229
22.491670,18.342477,8.123091,1.081392,0.990386,3.441868,-0.092888
22.591633,18.252080,8.165560,1.182087,1.010564,3.439170,-0.045689
22.691595,18.157782,8.198721,1.283272,1.015335,3.437841,-0.045689
22.791558,18.060658,8.222146,1.384934,1.012823,3.436513,-0.006707
22.891521,17.961621,8.235633,1.485866,1.007685,3.436318,0.055326
22.991484,17.861739,8.239090,1.586376,0.999702,3.437927,0.138493
23.091447,17.761999,8.232551,1.686133,0.998125,3.441951,0.129386
23.191410,17.663376,8.216096,1.786045,0.995860,3.445707,0.130357
23.291373,17.566941,8.189926,1.885556,0.997313,3.449486,0.087011
23.391336,17.473628,8.154311,1.985036,0.985621,3.452007,0.208931
23.491299,17.384242,8.109680,2.082320,0.961421,3.458052,0.456980
23.591262,17.299541,8.056710,2.175773,0.892122,3.471237,1.203809
23.691225,17.219839,7.996360,2.260583,0.806501,3.505732,2.040465
23.791188,17.145276,7.929788,2.337388,0.728863,3.563439,2.695739
23.891151,17.075774,7.857987,2.406211,0.648326,3.638275,3.366900
23.991114,17.011075,7.781839,2.467096,0.571118,3.729635,4.001870
24.091077,16.950799,7.702085,2.520490,0.497522,3.835395,4.624456
24.191040,16.894567,7.619436,2.566604,0.424200,3.954087,5.307279
24.291003,16.841891,7.534482,2.605287,0.349852,4.086058,6.094377
24.390966,16.792217,7.447735,2.636566,0.275818,4.232528,6.849371
24.490929,16.744954,7.359651,2.660434,0.201777,4.391316,6.761889
24.590892,16.699472,7.270624,2.676886,0.126988,4.542635,6.678341
24.690855,16.655130,7.181038,2.685810,0.051531,4.687292,6.598306
24.790818,16.611244,7.091213,2.687176,-0.024326,4.825959,6.521433
24.890781,16.567145,7.001509,2.680938,-0.100508,4.959202,6.447427
24.990744,16.522147,6.912230,2.667519,-0.163057,5.087504,6.376036
25.090707,16.475713,6.823717,2.648462,-0.218314,5.211279,5.966154
25.190670,16.427379,6.736227,2.624998,-0.238893,5.324492,5.117728
25.290633,16.376974,6.649915,2.601045,-0.240329,5.419722,4.827173
25.390596,16.324516,6.564847,2.576945,-0.242136,5.508036,4.536692
25.490559,16.270002,6.481055,2.552635,-0.244213,5.589764,4.248669
25.590522,16.213471,6.398630,2.528262,-0.242080,5.665235,4.106388
25.690485,16.154950,6.317580,2.504269,-0.237934,5.737234,4.040939
25.790448,16.094527,6.237958,2.480657,-0.234854,5.807215,3.949472
25.890411,16.032242,6.159764,2.457305,-0.232338,5.874806,3.847816
25.990374,15.968169,6.083051,2.434211,-0.229709,5.939918,3.758858
26.090337,15.902339,6.007816,2.411378,-0.227080,6.002843,3.678073
26.190300,15.834830,5.934107,2.388804,-0.224670,6.063783,3.596871
26.290263,15.765671,5.861920,2.366456,-0.222441,6.122791,3.516095
26.390226,15.694935,5.791299,2.344328,-0.220311,6.179929,3.438346
26.490189,15.622650,5.722244,2.322406,-0.218294,6.235298,3.362671
26.590152,15.548885,5.654791,2.300681,-0.216401,6.288977,3.288161
26.690115,15.473669,5.588941,2.279137,-0.214639,6.341026,3.214209
26.790077,15.397065,5.524727,2.257765,-0.212979,6.391496,3.141604
26.890040,15.319105,5.462153,2.236552,-0.211436,6.440443,3.069420
26.990003,15.239845,5.401245,2.215489,-0.209988,6.487909,2.998249
27.089966,15.159319,5.342010,2.194565,-0.208652,6.533942,-0.390514
27.189929,15.077579,5.284470,2.173770,-0.207401,6.527964,-3.318718
27.289892,14.994661,5.228637,2.153096,-0.206254,6.476945,-3.501814
27.389855,14.910610,5.174524,2.132531,-0.205181,6.422672,-3.687721
27.489818,14.825468,5.122148,2.112070,-0.204201,6.365017,-3.875735
27.589781,14.739273,5.071519,2.091702,-0.203295,6.303855,-4.066909
27.689744,14.652070,5.022654,2.071422,-0.202477,6.239031,-4.260762
27.789707,14.563891,4.975562,2.051219,-0.201705,6.170386,-4.459214
27.889670,14.474786,4.930260,2.031093,-0.201001,6.097717,-4.661646
27.989633,14.384783,4.886755,2.011031,-0.200381,6.020812,-4.867715
28.089596,14.293933,4.845064,1.991028,-0.199846,5.939444,-5.077476
28.189559,14.202262,4.805193,1.971077,-0.199253,5.853364,-5.296427
28.289522,14.109822,4.767159,1.951191,-0.198645,5.762203,-5.523648
28.389485,14.016639,4.730966,1.931353,-0.198355,5.665568,-5.748067
28.489448,13.922762,4.696630,1.911528,-0.198307,5.563225,-5.973827
28.589411,13.828219,4.664161,1.891679,-0.199198,5.454828,-6.179891
28.689374,13.733052,4.633582,1.871687,-0.200796,5.340377,-6.383055
28.789337,13.637279,4.604920,1.851330,-0.209499,5.219529,-6.286623
28.889300,13.540937,4.578274,1.829680,-0.223724,5.097708,-6.101979
28.989263,13.443985,4.553783,1.806479,-0.242009,4.976614,-5.859800
29.089226,13.346505,4.531654,1.781192,-0.264097,4.857485,-5.668316
29.189189,13.248407,4.512094,1.753667,-0.285751,4.739400,-5.507394
29.289152,13.149870,4.495359,1.724018,-0.307815,4.621779,-5.342717
29.389115,13.050778,4.481654,1.692038,-0.331929,4.504742,-5.180486
29.489078,12.951399,4.471258,1.657582,-0.357998,4.388278,-4.999060
29.589041,12.851605,4.464420,1.620347,-0.387321,4.272884,-4.814738
29.689004,12.751761,4.461456,1.580071,-0.419320,4.158720,-4.611496
29.788967,12.651752,4.462683,1.536389,-0.455128,4.046355,-4.418171
29.888930,12.552063,4.468448,1.489037,-0.493342,3.935694,-4.167240
29.988893,12.452629,4.479141,1.437541,-0.538286,3.828387,-3.914558
30.088856,12.354077,4.495139,1.381380,-0.586646,3.724772,-3.689143
30.188819,12.256513,4.516912,1.320251,-0.636526,3.624413,-3.517294
30.288782,12.160614,4.544818,1.254172,-0.686130,3.526070,-2.897085
30.388745,12.066914,4.579252,1.181580,-0.771787,3.442959,-2.281313
30.488708,11.975959,4.620887,1.100034,-0.856541,3.376074,-1.283504
30.588671,11.889141,4.670049,1.009244,-0.965740,3.337854,-0.043037
30.688634,11.807229,4.727529,0.906593,-1.077909,3.336565,-0.043037
30.788597,11.732042,4.793168,0.799821,-1.063517,3.335275,0.126372
30.888559,11.664106,4.866587,0.693415,-1.062927,3.339061,0.105977
30.988522,11.604415,4.946674,0.587719,-1.054903,3.342232,0.173012
31.088485,11.553455,5.032677,0.482055,-1.056291,3.347402,0.120834
31.188448,11.511846,5.123541,0.376894,-1.049887,3.351009,0.167133
31.288411,11.480013,5.218219,0.271692,-1.054756,3.355991,0.077090
31.388374,11.458311,5.315704,0.166450,-1.052007,3.358286,0.091776
31.488337,11.446956,5.414944,0.061467,-1.046593,3.361017,0.133558
31.588300,11.446023,5.514797,-0.042667,-1.040025,3.364987,0.179878
31.688263,11.455477,5.614335,-0.146683,-1.035790,3.370326,0.190450
31.788226,11.475153,5.712271,-0.249721,-1.028714,3.375970,0.231506
31.888189,11.504808,5.807731,-0.352679,-1.027095,3.382818,0.202238
31.988152,11.544063,5.899587,-0.454970,-1.021568,3.388789,0.224025
32.088115,11.592514,5.987015,-0.557043,-1.016378,3.395391,0.237933
32.188078,11.649567,6.069046,-0.658297,-1.011908,3.402389,0.241147
32.288041,11.714637,6.144923,-0.758967,-0.979476,3.409466,0.569186
32.388004,11.786782,6.214075,-0.852890,-0.901464,3.426114,1.373009
32.487967,11.864888,6.276465,-0.939458,-0.826211,3.465942,2.028492
32.587930,11.947854,6.332188,-1.017893,-0.743807,3.523961,2.715175
32.687893,12.034732,6.381587,-1.088414,-0.668736,3.600158,3.282309
32.787856,12.124719,6.425074,-1.151662,-0.596944,3.690170,3.818555
32.887819,12.217124,6.463108,-1.207854,-0.528458,3.792201,4.344769
32.987782,12.311427,6.496217,-1.257323,-0.461414,3.905050,4.904752
33.087745,12.407122,6.524933,-1.300119,-0.395376,4.028648,5.520302
33.187708,12.503911,6.549856,-1.336327,-0.329093,4.163371,6.228598
33.287671,12.601427,6.571570,-1.366128,-0.271773,4.310327,6.806534
33.387634,12.699549,6.590634,-1.390848,-0.222891,4.465391,6.721012
33.487597,12.798131,6.607516,-1.410771,-0.176672,4.613396,6.639211
33.587560,12.896978,6.622648,-1.426308,-0.134419,4.755079,6.560746
33.687523,12.996122,6.636466,-1.437473,-0.084208,4.891057,-0.228966
33.787486,13.095258,6.649437,-1.442943,-0.025096,4.886375,-11.086722
33.887449,13.194498,6.662173,-1.442174,0.046030,4.654045,-9.507706
33.987412,13.293587,6.675361,-1.433402,0.129999,4.445143,-8.396281
34.087375,13.392569,6.689842,-1.416428,0.203179,4.252136,-7.642711
34.187338,13.491138,6.706313,-1.392960,0.267103,4.068500,-6.849660
34.287301,13.589191,6.725408,-1.362682,0.343078,3.896571,-6.142801
34.387264,13.686499,6.747844,-1.324360,0.423582,3.735660,-4.887212
34.487227,13.782591,6.774353,-1.276670,0.551928,3.602510,-3.440738
34.587190,13.877350,6.806204,-1.213919,0.700297,3.505736,-2.050641
34.687153,13.969463,6.844509,-1.137138,0.841339,3.446768,-0.295802
34.787116,14.058334,6.890584,-1.045296,0.993979,3.438178,-0.045663
34.887079,14.142035,6.945004,-0.943244,1.015921,3.436850,-0.045663
34.987041,14.219954,7.007778,-0.842173,1.006420,3.435522,0.075786
35.087004,14.291047,7.077941,-0.741984,0.996903,3.437727,0.172953
35.186967,14.354870,7.154922,-0.642516,0.993553,3.442752,0.178056
35.286930,14.410704,7.237785,-0.543513,0.985505,3.447918,0.238221
35.386893,14.458128,7.325787,-0.445023,0.986609,3.454818,0.177929
35.486856,14.496654,7.418027,-0.346340,0.984638,3.459962,0.166282
35.586819,14.525906,7.513566,-0.247838,0.988098,3.464763,0.091885
35.686782,14.545608,7.611578,-0.148948,0.987189,3.467413,0.084589
35.786745,14.555539,7.710981,-0.050123,0.992553,3.469851,-0.077514
35.886708,14.555578,7.810973,0.049307,0.992523,3.467617,-0.068601
35.986671,14.545715,7.910359,0.148617,0.997267,3.465639,-0.046395
36.086634,14.526009,8.008293,0.248538,0.999885,3.464300,-0.046395
36.186597,14.496633,8.103765,0.348443,0.999779,3.462961,-0.035808
36.286560,14.457929,8.195743,0.448082,0.995383,3.461928,0.024066
36.386523,14.410188,8.283589,0.547500,0.993298,3.462622,0.044257
36.486486,14.354060,8.366161,0.646305,0.983188,3.463900,0.156738
36.586449,14.289985,8.442948,0.744459,0.981213,3.468420,0.149565
36.686412,14.218779,8.513014,0.842355,0.975060,3.472728,0.194316
36.786375,14.141030,8.575856,0.939662,0.972537,3.478317,0.186808
36.886338,14.057604,8.630820,1.036680,0.966711,3.483681,0.221043
36.986301,13.969213,8.677495,1.133221,0.965947,3.490018,0.187463
37.086264,13.876752,8.715423,1.229744,0.962351,3.495384,0.195051
37.186227,13.781070,8.744286,1.325914,0.963331,3.500957,0.145353
37.286190,13.683013,8.763821,1.422344,0.961865,3.505105,0.135262
37.386153,13.583591,8.773834,1.518572,0.965636,3.508961,0.062709
37.486116,13.483618,8.774242,1.614017,0.920284,3.510747,0.609535
37.586079,13.384082,8.765472,1.702057,0.842929,3.528060,1.459768
37.686042,13.285606,8.748362,1.781770,0.735958,3.569181,2.575351
37.786005,13.188681,8.724079,1.848527,0.600019,3.640595,3.996148
37.885968,13.093369,8.694015,1.902159,0.478984,3.748715,5.214582
37.985931,12.999608,8.659424,1.944428,0.366668,3.885279,6.406642
38.085894,12.907171,8.621407,1.976026,0.274600,4.046758,6.951470
38.185857,12.815812,8.580863,1.999651,0.198052,4.214976,6.859029
38.285820,12.725286,8.538505,2.016567,0.155413,4.374623,6.771095
38.385783,12.635426,8.494734,2.031293,0.139198,4.526703,6.687146
38.485746,12.546183,8.449724,2.044130,0.113700,4.672042,6.606751
38.585709,12.457443,8.403696,2.053874,0.081266,4.811324,6.529554
38.685672,12.369076,8.356939,2.060763,0.062437,4.945125,6.455252
38.785635,12.281015,8.309634,2.066585,0.054038,5.073937,6.383591
38.885598,12.193209,8.261850,2.071723,0.051146,5.198181,6.314349
38.985561,12.105654,8.213620,2.076900,0.052433,5.318222,6.247337
39.085523,12.018353,8.164931,2.082197,0.053397,5.434380,6.182385
39.185486,11.931313,8.115777,2.087570,0.054119,5.546937,6.119348
39.285449,11.844540,8.066153,2.093030,0.055335,5.656140,6.058096
39.385412,11.758042,8.016048,2.098641,0.056911,5.762213,5.998511
39.485375,11.671832,7.965453,2.104404,0.058358,5.865352,5.940491
39.585338,11.585916,7.914355,2.110306,0.059715,5.965737,5.883941
39.685301,11.500308,7.862746,2.116342,0.061036,6.063527,5.828778
39.785264,11.415015,7.810615,2.122508,0.062330,6.158871,5.774923
39.885227,11.330050,7.757954,2.128803,0.063635,6.251899,5.722309
39.985190,11.245420,7.704752,2.135230,0.064950,6.342735,5.670871
40.085153,11.161139,7.651003,2.141788,0.066250,6.431488,5.620549
40.185116,11.077213,7.596696,2.148475,0.067542,6.518261,5.571292
40.285079,10.993658,7.541825,2.155293,0.068908,6.603149,5.523049
40.385042,10.910481,7.486378,2.162253,0.070327,6.686238,5.475774
40.485005,10.827698,7.430349,2.169354,0.071773,6.767609,5.429425
40.584968,10.745316,7.373726,2.176602,0.073241,6.847336,5.383962
40.684931,10.663353,7.316503,2.184004,0.074940,6.925489,5.339349
40.784894,10.581820,7.258666,2.191588,0.076794,7.002134,5.295552
40.884857,10.500734,7.200206,2.199330,0.077739,7.077330,5.252538
40.984820,10.420104,7.141117,2.207119,0.078100,7.151134,5.210278
41.084783,10.339937,7.081403,2.214858,0.075633,7.223599,5.168743
41.184746,10.260223,7.021084,2.222205,0.071366,7.294776,5.127908
41.284709,10.180942,6.960198,2.229121,0.066947,7.364710,5.087747
41.384672,10.102069,6.898783,2.235588,0.062436,7.433446,5.048237
41.484635,10.023582,6.836877,2.241608,0.058056,7.501027,5.009357
41.584598,9.945455,6.774516,2.247196,0.053760,7.567490,4.971084
41.684561,9.867665,6.711737,2.252356,0.049473,7.632873,4.933400
41.784524,9.790186,6.648573,2.257087,0.045193,7.697211,4.896286
41.884487,9.712993,6.585060,2.261392,0.040929,7.760539,4.859724
41.984450,9.636061,6.521232,2.265270,0.036674,7.822886,4.823697
42.084413,9.559363,6.457122,2.268725,0.032470,7.884283,4.788190
42.184376,9.482874,6.392764,2.271763,0.028297,7.944760,4.753187
42.284339,9.406566,6.328189,2.274383,0.024144,8.004342,4.718674
42.384302,9.330416,6.263431,2.276590,0.020003,8.063056,4.684637
42.484265,9.254394,6.198520,2.278383,0.015891,8.120927,4.651063
42.584228,9.178477,6.133489,2.279767,0.011796,8.177978,4.617939
42.684191,9.102635,6.068368,2.280742,0.007718,8.234232,4.585253
42.784154,9.026844,6.003189,2.281310,0.003651,8.289710,4.552994
42.884117,8.951077,5.937981,2.281470,-0.000494,8.344432,4.521151
42.984080,8.875307,5.872779,2.281211,-0.004686,8.398419,4.489714
43.084043,8.799505,5.807611,2.280530,-0.008957,8.451689,4.458671
43.184005,8.723646,5.742511,2.279419,-0.013275,8.504261,4.428014
43.283968,8.647700,5.677512,2.277878,-0.017552,8.556152,4.397734
43.383931,8.571641,5.612647,2.275910,-0.021805,8.607378,4.367821
43.483894,8.495440,5.547947,2.273514,-0.026188,8.657955,4.338266
43.583857,8.419070,5.483447,2.270673,-0.030648,8.707900,4.309062
43.683820,8.342503,5.419181,2.267391,-0.034972,8.757227,4.280201
43.783783,8.265712,5.355184,2.263683,-0.039219,8.805949,4.251674
43.883746,8.188669,5.291487,2.259531,-0.044057,8.854082,4.223475
43.983709,8.111348,5.228132,2.254868,-0.049239,8.901637,4.195596
44.083672,8.033716,5.165157,2.249691,-0.054303,8.948629,4.168031
44.183635,7.955744,5.102606,2.244014,-0.059284,8.995068,4.140773
44.283598,7.877400,5.040516,2.237843,-0.064124,9.040968,-2.209833
44.383561,7.798662,4.978931,2.231194,-0.068917,9.016501,-6.307096
44.483524,7.719495,4.917886,2.224023,-0.074995,8.946303,-5.854794
44.583487,7.639880,4.857442,2.216187,-0.081786,8.880643,-5.647194
44.683450,7.559772,4.797647,2.207769,-0.085588,8.816847,-5.572025
44.783413,7.479159,4.738542,2.199105,-0.087757,8.753445,-5.570661
44.883376,7.398021,4.680138,2.190289,-0.087935,8.689596,-5.649358
44.983339,7.316383,4.622456,2.181540,-0.087129,8.624363,-5.806358
45.083302,7.234232,4.565480,2.172813,-0.087992,8.556798,-5.815345
45.183265,7.151601,4.509241,2.163933,-0.089697,8.488590,-5.765317
45.283228,7.068457,4.453737,2.154868,-0.091798,8.420423,-5.705763
45.383191,6.984818,4.399006,2.145577,-0.094089,8.352412,-5.636577
45.483154,6.900656,4.345056,2.136050,-0.096579,8.284678,-5.563345
45.583117,6.815988,4.291928,2.126266,-0.099190,8.217276,-5.436076
45.683080,6.730786,4.239636,2.116190,-0.102665,8.150878,-5.288109
45.783043,6.645064,4.188229,2.105735,-0.106526,8.085764,-5.110895
45.883006,6.558790,4.137732,2.094875,-0.110910,8.022330,-4.924549
45.982969,6.471970,4.088200,2.083558,-0.115513,7.960731,-4.734898
46.082932,6.384576,4.039669,2.071777,-0.120244,7.901051,-4.545758
46.182895,6.296611,3.992196,2.059518,-0.125038,7.843328,-4.358001
46.282858,6.208054,3.945822,2.046777,-0.129875,7.787588,-4.172019
46.382821,6.118907,3.900605,2.033552,-0.134741,7.733849,-3.987677
46.482784,6.029156,3.856591,2.019838,-0.139633,7.682134,-3.805548
46.582747,5.938802,3.813835,2.005636,-0.144533,7.632454,-3.637129
46.682710,5.847838,3.772388,1.990951,-0.149238,7.584669,-3.473222
46.782673,5.756266,3.732303,1.975799,-0.153898,7.538754,-3.316211
46.882636,5.664090,3.693632,1.960186,-0.158465,7.494653,-3.161138
46.982599,5.571309,3.656424,1.944118,-0.163016,7.452370,-3.001224
47.082562,5.477942,3.620735,1.927592,-0.167665,7.412004,-2.839656
47.182525,5.383979,3.586613,1.910597,-0.172347,7.373607,-2.675783
47.282487,5.289457,3.554120,1.893135,-0.177065,7.337242,-2.510360
47.382450,5.194357,3.523299,1.875197,-0.181797,7.302961,-2.342462
47.482413,5.098733,3.494217,1.856790,-0.186549,7.270826,-2.170929
47.582376,5.002559,3.466917,1.837900,-0.191333,7.240918,-1.998683
47.682339,4.905910,3.441469,1.818540,-0.196083,7.213273,-1.824575
47.782302,4.808747,3.417911,1.798699,-0.200810,7.187943,-1.644688
47.882265,4.711172,3.396318,1.778393,-0.205575,7.165034,-1.458984
47.982228,4.613126,3.376724,1.757599,-0.210366,7.144650,-1.216438
48.082191,4.514741,3.359207,1.736296,-0.216129,7.127610,-0.955366
48.182154,4.415944,3.343811,1.714387,-0.222088,7.114198,-0.591887
48.282117,4.316891,3.330622,1.691821,-0.229798,7.105877,-0.195049
48.382080,4.217496,3.319704,1.668440,-0.237838,7.103132,-0.195049
48.482043,4.117931,3.311136,1.645048,-0.227861,7.100387,0.317360
48.582006,4.018138,3.304834,1.622893,-0.215320,7.104853,0.935744
48.681969,3.918272,3.300677,1.602166,-0.198862,7.118007,1.728609
48.781932,3.818320,3.298507,1.583130,-0.182001,7.142242,2.518648
48.881895,3.718355,3.298155,1.565778,-0.165130,7.177406,3.294133
48.981858,3.618401,3.299454,1.550111,-0.148345,7.223139,4.058574
49.081821,3.518466,3.302235,1.536124,-0.131443,7.279090,4.830652
49.181784,3.418595,3.306328,1.523830,-0.114560,7.345130,5.098995
49.281747,3.318752,3.311565,1.513234,-0.097351,7.414199,4.161098
49.381710,3.218998,3.317772,1.504367,-0.080077,7.470091,-7.730717
49.481673,3.119259,3.324779,1.497233,-0.062587,7.365914,-8.801791
49.581636,3.019608,3.332407,1.491856,-0.045022,7.245480,-9.831319
49.681599,2.919950,3.340487,1.488241,-0.027238,7.108548,-10.814684
49.781562,2.820358,3.348834,1.486412,-0.009367,6.954805,-11.733913
49.881525,2.720734,3.357277,1.486409,0.009446,6.784055,-10.921573
49.981488,2.621140,3.365622,1.488303,0.028465,6.621170,-10.158052
50.081451,2.521488,3.373686,1.492118,0.047922,6.465991,-9.460771
50.181414,2.421830,3.381271,1.497885,0.067478,6.318036,-8.821773
50.281377,2.322098,3.388184,1.505614,0.087166,6.176883,-8.239342
50.381340,2.222329,3.394228,1.515311,0.106879,6.042071,-7.697915
50.481303,2.122488,3.399205,1.526994,0.126896,5.913342,-7.202940
50.581266,2.022599,3.402915,1.540681,0.146944,5.790298,-6.745122
50.681229,1.922668,3.405157,1.556378,0.167167,5.672656,-6.326343
50.781192,1.822705,3.405730,1.574101,0.187395,5.560057,-5.938036
50.881155,1.722764,3.404430,1.593849,0.207787,5.452253,-5.581705
50.981118,1.622849,3.401053,1.615643,0.228194,5.348938,-5.249577
51.081081,1.523067,3.395400,1.639477,0.248787,5.249915,-4.942657
51.181044,1.423421,3.387265,1.665384,0.269445,5.154943,-4.656136
51.281007,1.324072,3.376453,1.693350,0.290259,5.063848,-4.388260
51.380969,1.225032,3.362758,1.723419,0.311222,4.976468,-4.139293
51.480932,1.126515,3.345997,1.755570,0.332248,4.892615,-3.902380
51.580895,1.028559,3.325962,1.789854,0.353542,4.812223,-3.677331
51.680858,0.931423,3.302492,1.826256,0.375044,4.735219,-3.455513
51.780821,0.835185,3.275383,1.864853,0.397051,4.661701,-3.243042
51.880784,0.740146,3.244492,1.905637,0.419221,4.591632,-3.025857
51.980747,0.646442,3.209630,1.948692,0.442096,4.525278,-2.806782
52.080710,0.554406,3.170677,1.994036,0.465443,4.462845,-2.566553
52.180673,0.464255,3.127472,2.041791,0.490029,4.404982,-2.313936
52.280636,0.376343,3.079912,2.092022,0.515240,4.352155,-2.023550
52.380599,0.290994,3.027887,2.144859,0.542066,4.305426,-1.743669
52.480562,0.208579,2.971311,2.200331,0.567770,4.264749,-1.403062
52.580525,0.129528,2.910167,2.258455,0.595623,4.231735,-1.097377
52.680488,0.054214,2.844396,2.319252,0.620245,4.205732,-0.701669
52.780451,-0.016823,2.774138,2.382578,0.647722,4.189022,-0.429244
52.880414,-0.083240,2.699364,2.448343,0.666487,4.178766,-0.067453
52.980377,-0.144451,2.620433,2.515957,0.687734,4.177152,-0.067453
53.080340,-0.200202,2.537424,2.583952,0.667273,4.175538,0.298622
53.180303,-0.250245,2.450971,2.649400,0.643315,4.182681,0.677696
53.280266,-0.294663,2.361407,2.712634,0.621662,4.198846,0.971757
53.380229,-0.333410,2.269312,2.773723,0.601239,4.221917,1.214250
53.480192,-0.366565,2.175017,2.832953,0.584094,4.250570,1.377134
53.580155,-0.394157,2.078962,2.890545,0.568567,4.282834,1.500046
53.680118,-0.416246,1.981490,2.946715,0.555590,4.317704,1.570308
53.780081,-0.432891,1.882931,3.001666,0.544055,4.353908,1.613329
53.880044,-0.444150,1.783631,3.055565,0.534738,4.390793,1.616232
53.980007,-0.450088,1.683842,3.108618,0.526785,4.427436,1.598091
54.079970,-0.450764,1.583912,-3.122267,0.520031,4.463372,1.563099
54.179933,-0.446244,1.484043,-3.070554,0.514634,4.498243,1.508577
54.279896,-0.436597,1.384578,-3.019327,0.510723,4.531644,1.432500
54.379859,-0.421880,1.285694,-2.968405,0.508093,4.563134,1.339889
54.479822,-0.402169,1.187726,-2.917712,0.506576,4.592392,1.234755
54.579785,-0.377513,1.090839,-2.867082,0.506384,4.619191,1.112846
54.679748,-0.347997,0.995364,-2.816441,0.507237,4.643211,0.980920
54.779711,-0.313666,0.901472,-2.765626,0.509469,4.664282,0.832123
54.879674,-0.274613,0.809483,-2.714528,0.513261,4.682081,0.663613
54.979637,-0.230878,0.719588,-2.662967,0.518377,4.696228,0.482163
55.079600,-0.182565,0.632099,-2.611112,0.519466,4.706480,0.407699
55.179563,-0.129764,0.547220,-2.559052,0.522309,4.715132,0.301829
55.279526,-0.072655,0.465204,-2.508019,0.498851,4.721526,0.793019
55.379489,-0.011512,0.386118,-2.459281,0.476385,4.738286,1.217709
55.479451,0.053313,0.310058,-2.412544,0.458986,4.763907,1.495672
55.579414,0.121583,0.237027,-2.367490,0.442438,4.795188,1.737773
55.679377,0.192994,0.167115,-2.323886,0.430264,4.831279,1.866853
55.779340,0.267374,0.100313,-2.281442,0.418920,4.869753,1.973841
55.879303,0.344460,0.036707,-2.240087,0.408723,4.910103,2.052840
55.979266,0.424106,-0.023717,-2.199702,0.399281,4.951720,2.115019
56.079229,0.506075,-0.080904,-2.160392,0.387393,4.994234,2.241071
56.179192,0.590215,-0.134885,-2.122228,0.376227,5.038891,2.349275
