-0.4160117958929739,-0.12647056247262256,1.4101305524210195,1.823471510763222
-0.3166720527121091,-0.13772173830449388,1.3988837880317997,1.7746551697969548
-0.21736854878197814,-0.14929145193941507,1.368222548918472,1.7302584598194475
-0.11815538745785471,-0.16161494126936893,1.3385285232079598,1.6829383985271713
-0.019040859621330033,-0.17470779808807774,1.3150183441828405,1.6349619944836609
0.08000857403039799,-0.18828532745145132,1.298313649070152,1.591645725569852
0.17899335917417092,-0.20232564637655637,1.2842677117944532,1.550685511257798
0.2779307131130733,-0.21669317937905866,1.2698950050164373,1.5100311964801265
0.3770272694314024,-0.22992184172003022,1.2566625560525024,1.4715023034905126
0.476377348399864,-0.24106407923520062,1.2455179616228402,1.4368997004409578
0.5758421650601194,-0.2511589181682356,1.2354214082769548,1.4075373227723422
0.6754542834552623,-0.2596585509726346,1.2269206696387864,1.3832171179511537
0.7752260327537182,-0.26592836857073193,1.220650267719773,1.3635898011624614
0.8751510884688988,-0.26896832343989097,1.2176101558712842,1.3478769618698474
0.9751145583557896,-0.27023698484254843,1.2207127608424186,1.3376921366067092
1.0750472966778881,-0.26774860348653323,1.2356476680734845,1.3311800660452546
1.1748273402771696,-0.26160232340539963,1.2582457633946273,1.3284990113188013
1.2743304687546257,-0.2519750830398957,1.2858543438583985,1.329845245518968
1.3732144668758905,-0.23737678901437592,1.3059981259404208,1.33369109673779
1.4713705872859273,-0.2184117694339278,1.337536311968574,1.3368360115371156
1.5685226386280218,-0.19489329071918796,1.3798305032233225,1.3395385901343242
1.664075712676236,-0.16552275689016974,1.4214521045832145,1.3436289052605113
1.7575870046933066,-0.13023557646055337,1.4565939120798628,1.3488857849054072
1.8487259217950778,-0.0891861548331916,1.4975012933214547,1.3553032930218536
1.9362874057683868,-0.04101334597967889,1.5491909190086268,1.3611064260878365
2.0200200137056834,0.013539647388029836,1.6113224203610017,1.366794304477485
2.099096768802992,0.07466248904354067,1.559802147177495,1.3717287607528106
2.1728816903124284,0.14207581326405874,1.502970400172197,1.3757183604188181
2.2402774001041244,0.2158544462703058,1.4493751762915634,1.3779449848465855
2.3006325434689754,0.29549568458548464,1.401766495762491,1.37825529064767
2.3532214488510728,0.3804713962097526,1.3574960262591669,1.3763880743949257
2.3979101910548875,0.46986061098843407,1.3279376244083896,1.372724583655973
2.434439506652291,0.5628865582325473,1.3142182380590606,1.3673975029787904
2.462491497512418,0.6588101921794992,1.3156184608934913,1.3566530180945382
2.482584228348654,0.7567106206596014,1.3200142089626496,1.3420252871634917
2.494787813544657,0.8559024128236031,1.3203279942449002,1.326769681786557
2.4994577571717764,0.9557375825420493,1.3338509339554803,1.3077733335395452
2.496981198038566,1.0556560608556482,1.3615007473925727,1.2872907133745002
2.4878475596167373,1.155191256956057,1.396651475821476,1.267723609559959
2.4723967087092142,1.253944529443006,1.43310116264837,1.2495048079618467
2.4498733866090774,1.3513236799881951,1.4674194684336501,1.231937950063675
2.420878649516381,1.4469784183890833,1.513546171788259,1.215646818247552
2.3861602802189417,1.5407098247859492,1.5694662195854503,1.2014141854388134
2.3461692263419076,1.6323101790061152,1.6196913701456477,1.1897176685329605
2.3015612031259787,1.7217697695846204,1.6681469573400878,1.1812671533425898
2.25313591090418,1.809229112716533,1.6310576567775823,1.1769373428431609
2.201123723225424,1.8946065974144402,1.5909509316965753,1.176945052021117
2.145698731733312,1.9777992181414275,1.5502412211860768,1.1813842289322245
2.086903516493424,2.058645632218092,1.5189563769621046,1.1901438467385432
2.0250786236053018,2.1371993786971943,1.4974393854778385,1.2019873398959529
1.9607819699669886,2.2137572504233183,1.4685035294066926,1.2120544580431185
1.894242412820555,2.2883727964861014,1.4470708803630412,1.2272872596217232
1.8267186393798618,2.3620967197763187,1.4211570898151122,1.2490708049716512
1.7576368007028322,2.434362160907154,1.4036276810937478,1.2704539433139879
1.6873323830043612,2.505441256037874,1.3947698657363994,1.2894885055547023
1.616074990001376,2.5755657382077106,1.3803554680887042,1.3077672953311323
1.544316349936855,2.6451775704577827,1.3604804555906895,1.3249480855990998
1.4725556564223279,2.714787485863909,1.3473448937937513,1.3419503643134936
1.4002332024165465,2.783812129456146,1.3328938589821624,1.3589451903166443
1.3276791945434074,2.8525949717444967,1.3149305283085861,1.3742596519210075
1.255338458737052,2.9216019144864176,1.29995880932452,1.391834684945888
1.1833687038542222,2.9909955262811367,1.2817689125474296,1.4074448212122768
1.1119943121090325,3.0610011365148555,1.2703526747634688,1.4263752390263456
1.04160522410994,3.1319926321944003,1.26446697712396,1.4342236279863907
0.9727615057710333,3.204485999845705,1.2425345994711365,1.4510589279088704
0.9048636832001028,3.277868761035867,1.2270808373719908,1.4757449313421152
0.837846469678771,3.352053249798377,1.2184628781955544,1.5035878444750603
0.7721102018299169,3.4273768489924192,1.2116824574356493,1.5314373539098103
0.7082128430301304,3.5042611956951895,1.207117148821289,1.5629642454120323
0.6467428564246275,3.583091744739979,1.2077113350154243,1.5953751420091569
0.5895939540982055,3.665104787959773,1.2112086974473717,1.6241790444061497
0.5358682210243423,3.7494070954783276,1.2188159482680023,1.655145586512482
0.48537005181954185,3.835678358759516,1.2307769890350557,1.6949160090382207
0.43909303404048183,3.9242826175540473,1.2417102273144818,1.7239616532200734
0.39697564039863775,4.0149356705068575,1.2528065244359574,1.6616017139293158
0.3595468821892037,4.10762263064459,1.266681711819171,1.5946288309991996
0.32784953145983153,4.2024222880794,1.2822317972962889,1.5352801112849381
0.30271909358648663,4.299171883125534,1.2986135680344488,1.4720451233569283
0.28422965632502367,4.397398032356366,1.315764345010056,1.4187991288525117
0.27172952281040325,4.496568695862649,1.334300835748711,1.3762716727223372
0.26548864655481724,4.596324684947742,1.3538806055841308,1.3458607312195008
0.2659540144649316,4.696273561490216,1.373972990439044,1.3289389825102502
0.27341333215039365,4.795943647150853,1.3941848055583792,1.3263901711321227
0.28838325227613376,4.894764607796113,1.4138701213244205,1.3388607918040933
0.3114218712875742,4.9920158721657195,1.4316473624612909,1.3618689130280743
0.34244180821195763,5.087022243179172,1.4423148546488944,1.3698766369760915
0.3816403629026288,5.178947980039489,1.4511419861127453,1.393563130538866
0.42925362221773605,5.266804598535192,1.4574897661203694,1.432536978656691
0.4850119247107875,5.349732787790993,1.4611625665407122,1.4854174667634719
0.5487337799618839,5.426714958008694,1.4617290299631565,1.530896018533806
0.6197980082845773,5.496964340650908,1.4591633212416824,1.5884259134750147
0.6975636685288527,5.559724535599299,1.4533861503351975,1.6517764746036985
0.7801632655185591,5.615984184462725,1.4463674395870774,1.7132736705964455
0.86753875087512,5.664519219132495,1.437155923801272,1.7167520133641492
0.9586154894118768,5.705656584054824,1.4265965090142383,1.6650754625003321
1.0523430899916648,5.7403691245896775,1.416048026546309,1.624243789055512
1.1483350138687776,5.768262424009341,1.4053294226776327,1.5955239476547063
1.245920438157142,5.789873313819916,1.3951983266900017,1.5626950704909475
1.344532436469248,5.806241727944468,1.3868463413126784,1.5187829593522937
1.443948846440908,5.816635035878271,1.3796448384006552,1.483668549328985
1.5437269873786303,5.822763291645063,1.3722254436041474,1.4587430809274382
1.6436904435586015,5.823764861063718,1.3631607155562067,1.4454286938764889
1.7436361843537111,5.821622431218487,1.3582519423637445,1.425519644140012
1.8434558131803302,5.816045690551887,1.3572569050182202,1.4020175881623949
1.943049874663308,5.807359639333946,1.3605042282632047,1.3863090881708091
2.0423829509272022,5.796046857679655,1.3684355546152136,1.3803319472653122
2.141437206215514,5.782537245589868,1.3790397196944597,1.3810300050577233
2.2398613301771038,5.765071674540342,1.3884350483931232,1.3751862607897098
2.337692366207779,5.7444934554395,1.4017851350355366,1.3727781867605997
2.4348849267049513,5.721090621391289,1.4192312991108345,1.3739138141384248
2.531404709371809,5.6950394784524185,1.440769731382121,1.384334598560909
2.627494250062003,5.667437641182994,1.4672789352052968,1.3885237212505845
2.723253785291201,5.638713146696111,1.4989003362486226,1.3924933020044563
2.818865585253612,5.609497605536805,1.535918148537042,1.3947178085935392
2.914578212132181,5.580614758458484,1.5755651743721208,1.4037307521041371
3.0106096985605593,5.552814820313428,1.6041908146564727,1.4186350686620648
3.1071227169690028,5.52673221438142,1.6382830406908324,1.423085663453323
3.2041187931093833,5.50253126557558,1.6750465071491898,1.4190195913392167
3.3016654206761444,5.480645640236608,1.7104539556332499,1.4158943500842043
3.39973161319539,5.461203834834652,1.7506051867772108,1.4173254520060397
3.497884119039598,5.442201054912259,1.7958259492506425,1.4253382754355786
3.5964095754695307,5.425245152740938,1.8471306291346272,1.4382134371014206
3.695331645528212,5.410793127554592,1.8932524715073693,1.4553714478366258
3.7946382985646685,5.399293860547293,1.939380810669341,1.4714623548004173
3.8942833987134353,5.391266275591433,1.9885840528082115,1.4888941377890517
3.994151922770049,5.386712425453241,2.0415367028493665,1.5093785739163965
4.094111260177479,5.385674198758786,2.095967729814725,1.5327317375764433
4.193985069732617,5.389859323456076,2.157295521526561,1.5571585954231655
4.293375131987281,5.400465470730972,2.2201442434341074,1.581374870275558
4.391736445393136,5.418179591901699,2.1596633686729914,1.6045732711736702
4.488714957272491,5.442373013695892,2.064110797515285,1.6272228914919042
4.583039545819626,5.475376092000576,1.9721425277390507,1.6467384194360086
4.673605433137925,5.517589056060767,1.8856351690336728,1.6623335354293802
4.75883011520318,5.569756399969922,1.8071222649990875,1.672628621127535
4.837786504900258,5.63096727132717,1.7385518575001997,1.6778804978220396
4.909214556346047,5.700834999486159,1.682388258260548,1.677604847927801
4.972379075124076,5.778257243939152,1.6362696900474287,1.6720796142156826
5.028028798873233,5.861277946661391,1.5920941303825873,1.663145671118238
5.078412936868995,5.9476115654653885,1.5589639565240125,1.6539728386665902
5.123913613379099,6.036616564759119,1.5331371603254857,1.6452487886422735
5.16436789598907,6.1280189674259695,1.504866716551659,1.6222203853559876
5.199803629893611,6.2214892204864505,1.4855239508464697,1.5991010464104658
5.231251891029436,6.316377767887325,1.4692616303808654,1.5777948112586206
5.258502175242328,6.412557553742279,1.4430579454051171,1.5582576656034532
5.282001197119185,6.509725154152692,1.4261669102938523,1.5411031319861652
5.3017169639310655,6.607734208231364,1.420019528110272,1.5264416147555955
5.317887644316137,6.706384888990707,1.424492298914782,1.514641074790489
5.330461495763778,6.8055581408394366,1.4282885908826455,1.505751344961972
5.339611978049816,6.905106916889665,1.4339237306921342,1.5000266567295935
5.345174072484842,7.004923074999961,1.45000444391816,1.497355918142921
5.347118586777606,7.104872859970177,1.4620756721210917,1.4977373797070934
5.345465852939779,7.204825905841562,1.4728665601006672,1.4960848798363946
5.340107165052281,7.304648106687701,1.4939129294660654,1.495839874001061
5.330767430510281,7.4041780570089815,1.5188502257386491,1.4982820889680768
5.317158543721289,7.503215584797594,1.5357470526053842,1.503090006398708
5.299142786893564,7.601546514116704,1.5631647128461268,1.5100673236763928
5.2756382952584895,7.698707685591052,1.6015587272060714,1.5180286363005135
5.247069985541971,7.79450288599139,1.6497316768163603,1.5272983017223336
5.213268628969002,7.888568825492039,1.7069388486109536,1.5375616652240514
5.174668157643524,7.980779950679816,1.7645147422714174,1.549132600435176
5.130638973260718,8.070501425468334,1.8251418246438484,1.5551949309311128
5.080156616714674,8.15677330721615,1.8178210949923774,1.5603329971050348
5.023063007530056,8.238794474219704,1.7405696948019076,1.56400717209701
4.958825336872411,8.315351776510774,1.67212732565131,1.5650710013246873
4.887878019121751,8.38571568073794,1.6143253867962186,1.5633831026102192
4.810650495852929,8.449158144529948,1.5690195328346963,1.5587333779370733
4.728829239327481,8.50655762218602,1.5327699390824352,1.5528939112406785
4.643306081146892,8.55830625866038,1.5004709688128248,1.5467208142709774
4.554642692943376,8.604441811692828,1.4805604246818065,1.5405638047083987
4.462987184923122,8.644332484307533,1.4707102770118892,1.533954229430403
4.369303358693391,8.679170985340063,1.4616365582498712,1.5284001876032454
4.27390262689371,8.70904024088422,1.454105492161088,1.524115711240267
4.177463471475967,8.735372333306866,1.431156927532526,1.5226965913778447
4.079958696106269,8.757425303156268,1.419009205802143,1.5234300156636875
3.9819296525487684,8.777044421148569,1.416332312327411,1.5282273798064359
3.8834858319241743,8.794463782320802,1.4189903660748775,1.5372971951688756
3.784664254454838,8.80956420981259,1.403883307569921,1.538265601921666
3.685488360349709,8.822176797847757,1.3912666214468534,1.5308282578079047
3.586167614442835,8.833596503786785,1.3798438606629002,1.5285389601596377
3.4867338127753076,8.843982262241367,1.3694557811152976,1.5189704127621546
3.3871168045994815,8.852444342584143,1.360992266093985,1.5082088886873235
3.2874749048819147,8.860608622445055,1.356887294920994,1.5037315277382703
3.1878357990412276,8.86880701932316,1.3538639317201193,1.5040357893150562
3.0881891098598024,8.876899973765333,1.3573400723838909,1.4936839923708294
2.9885089007189443,8.884576149937875,1.3685462083665827,1.48755769054084
2.888914577370144,8.8932914039781,1.385868263708623,1.4847308283660339
2.7894421305747485,8.903303763324939,1.398133900802676,1.4708832680078168
2.690039201394257,8.913969713670397,1.4142603331377377,1.4644054131316326
2.5909055238262755,8.926895256995849,1.4349735524127314,1.4670111189995003
2.4921266717399337,8.94230396115193,1.4524886692200258,1.4641865140685404
2.3933099009254315,8.957466644007365,1.467308411905197,1.4632195955811584
2.29440234290812,8.97204272624098,1.4685283635089537,1.468480281964992
2.195605454478264,8.987334545426487,1.4758121340875434,1.4699059111885002
2.096791602491183,9.002516427494808,1.4642890243301154,1.4634722034376884
1.9978857310004012,9.017103954047801,1.4598572081463546,1.4632527482290372
1.8990886944424032,9.032394213405755,1.461553172683128,1.4624035856794848
1.800400979283107,9.048391155479846,1.4693517491495878,1.4578629320295795
1.7014951800387241,9.062978613515758,1.466365035813283,1.458744960582672
1.6025846111876225,9.077534228828563,1.4699056006131248,1.4664262233274148
1.5038795294451028,9.093421818674399,1.4703939392856518,1.465619793991265
1.4049768776726328,9.108028370375237,1.461439835861199,1.4631879301973498
1.3060679868189975,9.12259540080083,1.4555131967256245,1.4652693473867489
1.207362988724629,9.13848132525916,1.4522913357349765,1.4592413050015844
1.108480616620736,9.153222655142894,1.4570984167275147,1.4557796740328657
1.0095905174887367,9.167916721450922,1.4463368298845056,1.45912799492229
0.9109040659954667,9.183915270581709,1.4371111800784502,1.4621139425956982
0.8121599444245119,9.199544952323846,1.4351822688509046,1.4604994555832613
0.7133727752125667,9.214897886263678,1.4404863200229163,1.465067386409432
0.6147556386298175,9.231324231321452,1.451593452998831,1.4678486671577593
0.516149486912458,9.247816475649408,1.4550979486741578,1.4616665922041245
0.4175271665833021,9.264211643827696,1.451559848970532,1.462211166664982
0.31894100694944577,9.280812221082838,1.4440114051006705,1.4679218882547285
0.22041766292587692,9.297777842920121,1.442994348115185,1.4632640052902406
0.12170883883820217,9.31364397395417,1.4500010309086757,1.464314014910387
0.02281592405250798,9.328305794761377,1.4487073434657427,1.47095681631953
-0.07595843353619496,9.343746033949504,1.4503567468673468,1.4718273248639198
-0.17483016500494178,9.35855168266682,1.4549662661161367,1.4663082956089248
-0.27373730631412163,9.373130579897191,1.4449002573279506,1.4673333132678126
-0.37264892639567204,9.387679009435871,1.4417440138218267,1.4619098470834329
-0.4716308208651009,9.401725790353684,1.446017044234549,1.4566826382768792
-0.5706451565967138,9.415542192667813,1.4482583751802771,1.4580740724292693
-0.6696056227574697,9.42975459041828,1.4340264885138698,1.464509099813301
-0.7684700000355494,9.444604163375883,1.41915584082791,1.4609866471757615
-0.8674308351787732,9.458813971054438,1.404927306606683,1.4611438791745746
-0.9663495006600366,9.47330447600794,1.3904176378430246,1.4639590930353032
-1.065079797461704,9.489036463846425,1.3802838821177716,1.4559143108590336
-1.1639438667636541,9.503889284617808,1.3782403956105307,1.4538228409685723
-1.262900935330146,9.518117595899689,1.3840662607670795,1.4579674693640443
-1.361888297405969,9.532119346137051,1.3972655538705951,1.4536345350031974
-1.4607606059487521,9.546932510352761,1.4090891649527417,1.452495420081076
-1.5596339262130683,9.561733477556073,1.4223467120905156,1.458213692691902
-1.6585503394318075,9.576227256142811,1.4427287331687437,1.458018327793037
-1.7573365396639133,9.591604161108146,1.468310932567967,1.4519221559323015
-1.8561002721266764,9.607124865630423,1.4593412038380464,1.4528424804279294
-1.9549701410644293,9.621936682587139,1.4480919685100055,1.451484918667891
-2.0537016802874524,9.637660717915281,1.4427717108745874,1.4468167945120087
-2.1524056572740617,9.653557000662195,1.4441942887059516,1.4492219505562802
-2.2512156654128512,9.66876357066854,1.44941571923677,1.4577995768804075
-2.3498806826873913,9.684899751142027,1.4447570029088734,1.456830951227172
-2.4485128036949066,9.701235944499345,1.4468048730970229,1.4558676553699221
-2.5471409143919175,9.71759635063101,1.4520226066299369,1.4599662292876796
-2.645881133843958,9.733247220924211,1.4456710445433947,1.453349384029018
-2.7444762714847966,9.749805125671525,1.441945856431993,1.451907488847284
-2.8432593391750154,9.765199103257636,1.4463199025362174,1.4561638760866338
-2.9419298480248193,9.781283657149066,1.4399260303505834,1.4591717955144627
-3.0404315805638737,9.798388424332831,1.436608697006374,1.459233928880004
-3.1389208849677646,9.815564693054759,1.4401680234845513,1.4653655539168575
-3.237427783787505,9.832639662637247,1.4403568203490578,1.4684559029524364
-3.3359434295827652,9.849664151603509,1.4382514137176132,1.4630046323669852
-3.4344437301308623,9.866777245118321,1.4370911318581034,1.4644643275256117
-3.5329554250749773,9.883824550808507,1.432326734845787,1.4705708534386777
-3.631281730933785,9.901903158157591,1.4233824740586667,1.4672358091090105
-3.729774400037911,9.919050618192388,1.4223763979741175,1.4697609589273393
-3.82832187120299,9.93588991273001,1.428695831339632,1.4787445312229799
-3.926691115903136,9.953731568727408,1.4233298626767323,1.4813017847186842
-4.025021262175529,9.971796626652539,1.422526984499212,1.4792658198387736
-4.123395023392997,9.989622362993133,1.4238725831562211,1.4837352934611558
-4.2219464171774534,10.006421704363033,1.41149977219076,1.4802449665842963
-4.320444161600852,10.023539422324513,1.4058205807869946,1.4783492394784172
-4.4191342850781385,10.039521499521523,1.4083889463567334,1.4820568077766512
-4.517836850183606,10.055426444883304,1.4083026805300483,1.492389898022639
-4.616579641351318,10.071079359494934,1.398214267163522,1.4911862620880698
-4.715517675114108,10.085425184218677,1.3965562411865657,1.475765364741795
-4.814547796360376,10.099137200440975,1.4026808691078219,1.4658436299498674
-4.913451759179656,10.113737219357914,1.4004312835476251,1.4636004439592492
-5.012398108419758,10.128047528177424,1.3860948101512167,1.4631107146757862
-5.111355969601913,10.142278033551653,1.3718387077490475,1.4484575439668508
-5.210326525161892,10.156420011184489,1.3644673379163514,1.43832624123368
-5.3092787397162065,10.170689761871442,1.362965958845884,1.4309548219643808
-5.408229935236762,10.184966574074272,1.363079582967836,1.4305564529627655
-5.5072962997381785,10.198399809225636,1.3713512027233605,1.426202594729026
-5.606255925919329,10.212618055099892,1.3754474841101152,1.41987766844549
-5.705210530233041,10.22687123941523,1.383704520795849,1.4206132039260038
-5.8041768741778865,10.241040341368507,1.399158339120638,1.428278819611953
-5.902962032018619,10.256424057893105,1.408296381095411,1.4296263636393074
-6.001881742626681,10.270897318788498,1.4242624586742874,1.4055180573770103
-6.100920431376845,10.284553938601801,1.4335785255545517,1.3873900841648399
-6.199888395900849,10.298698073196377,1.430977294863456,1.3767951555667377
-6.298876518763372,10.312696255202667,1.4354983789589095,1.3732673790111227
-6.397760103941097,10.327432844178157,1.4363879028914512,1.376831397258947
-6.496630654514551,10.342257876295418,1.4273354901287885,1.381676365971474
-6.595515779172564,10.356985298949528,1.425354212014738,1.393597158189592
-6.694401035603265,10.371711826223546,1.4303760229487354,1.4077534275629013
-6.793267215705496,10.386565963929337,1.434715586219762,1.3996339244895062
-6.892137980655104,10.40138953013249,1.4337884156817924,1.3986008802935224
-6.991118496927057,10.415441241184697,1.4405949381618175,1.4039241705894225
-7.089975313067338,10.430357528429075,1.4346527185823719,1.4118852640383226
-7.188827495611212,10.445304538618021,1.4278337789346713,1.4051341830122732
-7.2877828528614454,10.459531993107907,1.4287249803006816,1.4047536030576646
-7.386605126269925,10.474675365831216,1.4356699795954664,1.4123922637038806
-7.4854132799785,10.489910719937077,1.4269987223937055,1.4271028975187685
-7.584300897172793,10.504604533051658,1.421644918003785,1.4417597248985197
-7.683138563945644,10.51963594527236,1.422969606766762,1.456754185744827
-7.78192008785397,10.535042991911023,1.4309162171995429,1.461817569578741
-7.8804964287657615,10.551701805238311,1.4257423348052511,1.458474179192234
-7.9790119309225425,10.568727166365614,1.426170345383625,1.4623464227398508
-8.07753410454868,10.58571383663751,1.4323449561816826,1.4729708058476176
-8.176253211272213,10.601503264523842,1.428341289058171,1.4743968952124966
-8.275040771127133,10.616871483581825,1.4315803310621946,1.449808219009582
-8.373680306197562,10.633151975300049,1.4365490686453022,1.4244813011149993
-8.472436478917865,10.648707374966257,1.4337581033319364,1.405098120354072
-8.571396494267841,10.6629093015094,1.4392933724429255,1.3912768059691454
-8.670402976835867,10.676797556176096,1.4375552305489467,1.384237507493537
-8.76925911515072,10.691702923593342,1.4296632612223295,1.3854281211108288
-8.868082800127096,10.706827331257543,1.4285188199921672,1.3940269638421912
-8.967073133182156,10.720830211163465,1.4354870948666996,1.4080525486999007
-9.066065271167114,10.734820295512504,1.4289628998960138,1.4220654948434714
-9.165110703132996,10.748415752199177,1.4153924321391655,1.4356825468910637
-9.264213645054593,10.761579582996532,1.402253194464468,1.4488665456086465
-9.36322223553847,10.775444290983238,1.3895138901184216,1.46275419220271
-9.462047172433538,10.790570395816879,1.3826236746669285,1.4640554184119134
-9.560998472610166,10.80482946069587,1.383820635874061,1.4592814767880578
-9.660025883699118,10.81856769294214,1.392736861579425,1.4608217934266132
-9.758937033557583,10.833102310858653,1.3922315384912378,1.4529019639830516
-9.857881209419302,10.847410790150084,1.394546212717604,1.4492791978797452
-9.956902122763939,10.861195782649578,1.4010329453551043,1.4520167170329534
-10.055807404700413,10.875769416012691,1.4106025338845158,1.462393215765837
-10.15462663779935,10.89092990435274,1.4265470995886704,1.4571341468829326
-10.25352362341132,10.90555647470406,1.4432842524104301,1.4550488044842582
-10.352285990422782,10.92108579214515,1.448858106263047,1.4564581129405463
-10.451033014006574,10.936712045957862,1.4438818860494338,1.4496292812555407
-10.549868526677848,10.951747823474081,1.4419818383451153,1.449082481571204
-10.648547967974421,10.96779559648487,1.4459824517548607,1.4489714915137093
-10.747200462543097,10.984008310559297,1.4375777812826003,1.4438365486687286
-10.846050288384722,10.998968976584296,1.4366954691622933,1.4443478525134419
-10.944891534247132,11.013988143642052,1.4426982797894545,1.4518190072242303
-11.043638741350591,11.029597479760001,1.4438881255167646,1.4565911362634614
-11.142351152682036,11.045426137729493,1.443262597560663,1.4523121243800559
-11.241179072058088,11.060532728506638,1.4502760694585755,1.4541764718265087
-11.339914208498,11.076218187756263,1.4415489803359538,1.4493866785394345
-11.438591464669294,11.092265496155388,1.4349982292752423,1.4464399558693175
-11.537388225728344,11.107574502349301,1.436144765208932,1.4496487963176583
-11.636181494201727,11.122906071685911,1.4442051373883416,1.4597366551173212
-11.734782712632907,11.139420137068015,1.4383745689036624,1.4588509206806757
-11.833536728511165,11.154994349625023,1.4403526725135933,1.4566573716936826
-11.93231854941034,11.170399514637174,1.4480980384331996,1.459889792393142
-12.03091030081498,11.186968021843487,1.4432747129954893,1.4529606433785887
-12.129632156804263,11.202743610534121,1.446169036152993,1.4520907612589886
-12.228384413258626,11.218337166742552,1.4455862386937846,1.457907705632037
-12.32694755787838,11.235073116754231,1.4348586299177932,1.4700116202145819
-12.425451790558164,11.252163562059472,1.4306922049449162,1.4648710588196294
-12.523975004142411,11.269144105914899,1.4336144992533018,1.4664323742195573
-12.622486028295542,11.28618722380152,1.4282145292670512,1.4670092793860057
-12.7208466316447,11.30408560493813,1.4174220370720754,1.4637954648856841
-12.819419568541557,11.320759577925378,1.4148777079611967,1.4661616252058194
-12.918241918179781,11.335886369421408,1.4209489536493103,1.473757892396243
-13.017149935355446,11.350459206358066,1.4146123624892306,1.477175576983264
-13.116217640520222,11.3638834409075,1.409504209931162,1.4706653464130721
-13.215238487705195,11.377652583703233,1.4111287442628262,1.4712845046183451
-13.314203179412134,11.391835467645587,1.419394172987992,1.4647226564199058
-13.413224914610034,11.40560319328815,1.4199310927416944,1.4596396174038968
-13.512319609987868,11.418829353763309,1.4232468122130701,1.460848313828274
-13.611212724864176,11.433485324844934,1.42955966054733,1.4703094300703394
-13.710036411969863,11.44861377545541,1.4148146645074602,1.4677397549768145
-13.809040790070071,11.46251699292475,1.400909973281394,1.4639994218150423
-13.90802530263291,11.476555711547324,1.3868704376164391,1.4655781163330088
-14.006813130228156,11.491922309782142,1.3751032350323094,1.4575915644128477
-14.105719143542867,11.506491415923506,1.3655697877234203,1.4556338905880077
-14.20470395004968,11.52053010618785,1.3625026676530847,1.4552020324633002
-14.303477568077138,11.535987762774171,1.3653304202911327,1.448382262281998
-14.40225351642901,11.55142922114725,1.375454703374496,1.4484309920111131
-14.501241767114372,11.56544683568939,1.3941065890662883,1.453930928342033
-14.6001243557388,11.580173412182207,1.4188827607027565,1.4604810231450986
-14.69889697570358,11.595637463895008,1.418807182431576,1.4549029419710362
-14.797783042453652,11.610340012714804,1.4113643272828698,1.4554142942044055
-14.896680649745539,11.624964813657758,1.4110618857491048,1.451285426996256
-14.995546942140665,11.639802642182477,1.4176120901541907,1.4461716583115745
-15.094503794161005,11.654040158564296,1.4196148779352533,1.4473526448711151
-15.193453607024672,11.66832657759643,1.4208083736484154,1.4554655915670542
-15.292200635792934,11.683948719862167,1.4276696416502617,1.4563203854529407
-15.391117020999351,11.6984599191428,1.4200173601920159,1.4521033823656972
-15.490038637846503,11.712940284700398,1.4152373340313462,1.4547297951261453
-15.588756555991512,11.728743147967007,1.4161735653832843,1.4474944289804847
-15.687447332862774,11.744721185230846,1.422553430404769,1.4458756042629022
-15.786159234423408,11.760568043893487,1.4175097978747373,1.4510267294578683
-15.884697924193278,11.77745220729425,1.4184565902708623,1.4640457640381743
-15.983307062505709,11.793910587180957,1.4196736225905957,1.4592011334248507
-16.082091331207344,11.80929998815836,1.4092425810883131,1.4582108950550214
-16.180834060208557,11.824941796777985,1.405605661677543,1.4591260000478399
-16.27944484196333,11.84140623090543,1.408239231160952,1.4534828243926083
-16.37809594071035,11.857627051674637,1.4181793182872662,1.4544582040511131
-16.47674499509703,11.873851938033907,1.4294714806693118,1.462288445934548
-16.57527850028431,11.890772368294378,1.4237035674355494,1.4653214865482123
-16.6738809460874,11.907285851892375,1.4144686884604496,1.4663357144015927
-16.772573779412134,11.923249613131247,1.4128253354505709,1.4682481419126825
-16.871197615565343,11.939628451651148,1.4178259414065677,1.4656122830314977
-16.969890723014807,11.955575030722363,1.4180813090386837,1.4618018983176102
-17.068839577155995,11.96986707657619,1.4192801592740627,1.463149211978849
-17.16771266503084,11.98466492163289,1.4269888797586925,1.4662543055181736
-17.266581980502384,11.999497267749147,1.426303013949306,1.4622847361332072
-17.36552994261175,12.013794957162727,1.4286369616896502,1.4646028345845248
-17.464572230186388,12.027423152991304,1.4360163466019635,1.4691820168770182
-17.56372194748943,12.040245463101005,1.4270763883032975,1.4587047420668633
-17.66300770966024,12.051947506822854,1.426239152925376,1.4529197936252136
-17.76254405481921,12.061284953062449,1.4347599881527158,1.4516253977047595
-17.86217860743954,12.069519925741146,1.4441155680915998,1.4376346701851688
-17.961728289383213,12.078721830045858,1.434907583747004,1.4303593481768369
-18.061265309846025,12.0880773898337,1.425545809944737,1.430207254735151
-18.16075916884792,12.09786400582703,1.4209134789528601,1.4282619282158804
-18.260235954610227,12.10783984574399,1.4231160893679873,1.4193845679509625
-18.359662985908656,12.118278646545889,1.4318484286999547,1.414584337380856
-18.458867820940036,12.13064878750738,1.445537136759719,1.4102240803308295
-18.55774174527201,12.145447940901205,1.4583865452985656,1.403871232191745
-18.656535141221358,12.1607785926338,1.4531844672152505,1.4051604778696671
-18.755306882060264,12.176248021360873,1.4383995091629997,1.413676791905625
-18.85393271009035,12.192620600850185,1.4295517489827922,1.4106954850061386
-18.952659314690113,12.208373210556385,1.4282951365999328,1.4133511034680806
-19.051540349536022,12.22312185169858,1.435035322710689,1.4158649299519037
-19.15057576176349,12.236797786948346,1.4497269814031688,1.4237540809274531
-19.2496678758698,12.25004961735132,1.471495627399251,1.4370224445493853
-19.34897995577804,12.261536516114912,1.495537135418471,1.4495891959400606
-19.448516433600712,12.270881444309351,1.527578405598265,1.4667650122385356
-19.548216944810548,12.27829120885595,1.5351475855274732,1.4885877869925093
-19.64804434705518,12.283653511792336,1.52978598805277,1.5147427581738906
-19.747991767420523,12.28574755761797,1.5276921261518621,1.5418224138378902
-19.84794432363158,12.284038076639176,1.5322425260868087,1.5674508335578097
-19.947808084945173,12.279440507950543,1.546122841219502,1.5962021597301344
-20.047352811259326,12.270279915900392,1.5706964541901052,1.6257333820435222
-20.146442778103175,12.257116472874243,1.60491482734475,1.652174100835361
-20.244523654296493,12.237860534577617,1.6293392497965484,1.678284292116585
-20.3410373339386,12.21188680884551,1.6645038714810465,1.6982057863837905
-20.43570132968827,12.179822011665696,1.7104768572203166,1.7172896000424063
-20.52730179937979,12.139865622538816,1.767933204741994,1.7336725346978104
-20.61527553124874,12.092443301245964,1.8321890027227887,1.7474799660184575
-20.698802854645987,12.037560140761887,1.8454912887408252,1.7582966813736824
-20.77729910887837,11.975724272185543,1.7785567045824733,1.763995205301402
-20.85050035464576,11.90766298711519,1.7101539488614035,1.7638536151771955
-20.9178329988216,11.833824827955754,1.6515803881142186,1.7611390649482794
-20.976823995525617,11.753161783436468,1.6065995508057067,1.7533122502832712
-21.028191366323536,11.667441142481037,1.5753501939870953,1.7420205880405961
-21.07226769686564,11.577746076028506,1.5413448075420815,1.7281315540700497
-21.109381200773107,11.484945893711105,1.519771870058845,1.712354326232052
-21.140170735800115,11.389853655373663,1.511243307854045,1.6956187404805845
-21.164420075909984,11.292885476864395,1.4995587308971938,1.6778977167611842
-21.18238867995405,11.194557437419878,1.4922355654108224,1.6596165449423417
-21.194538084016024,11.095340343729209,1.4974672675336864,1.6413668363099132
-21.200777750631296,10.995579247238151,1.5048221210712422,1.6231672681390719
-21.201187379389477,10.895623836902827,1.5160079418144843,1.605184568885104
-21.195941467219797,10.795806158129482,1.5391388460745208,1.5876627822144718
-21.18509024025512,10.69644084733886,1.5735853090227285,1.5707074778007806
-21.168846726424622,10.597812552185314,1.616491657781193,1.553993724818437
-21.147313149721704,10.50020310007206,1.6550604230896508,1.5343088519825796
-21.120284431724574,10.403969192592442,1.6883817748530139,1.5153345355157484
-21.08763003448465,10.30949612385577,1.7321598862547547,1.4969325816495473
-21.049078870041356,10.217274223973238,1.785826043109231,1.4787769745025345
-21.004464868302836,10.127827537186409,1.8234767427005036,1.460597817528495
-20.95424069492082,10.041410171003799,1.7434785948599099,1.4427661284803297
-20.898296524479377,9.958586522921914,1.670155891115045,1.4249926824297525
-20.83589051901288,9.880534274289646,1.605776976371131,1.406098872068052
-20.768446579782772,9.806752478984883,1.543806152895905,1.3875676964129453
-20.696257755281383,9.737636909301829,1.4742496207009694,1.3694564012710937
-20.619459438300535,9.673670696439066,1.4129554796131287,1.3516035757812952
-20.538896214198985,9.614500233209322,1.361484758906195,1.3349146848380264
-20.45447263845983,9.561006279623086,1.321913396749317,1.3187382430105834
-20.366583058920256,9.51338302135132,1.2954676052751903,1.3032132719696214
-20.276293986317235,9.470482913390791,1.2815785334552523,1.2899536279627934
-20.183715009272976,9.432801783031435,1.2605856187037632,1.2786672839532014
-20.089475757973055,9.39945056856567,1.247646483841116,1.2705029824027214
-19.993823865779518,9.370413969597639,1.2350190139241028,1.2656384277370574
-19.897222207068396,9.344700205107387,1.2338649878775667,1.2652050925790463
-19.799712135865523,9.322648178497419,1.2388802249340936,1.2688931467638211
-19.70173403848029,9.302774202426946,1.242481528313085,1.273531436562705
-19.603381093848213,9.284842212559774,1.2320698902077738,1.2812304861438915
-19.504724360720083,9.268661319582494,1.2271537542613786,1.2948678578553214
-19.405661822307803,9.255189920438895,1.2330978473588519,1.308327354263467
-19.306405503056737,9.243252125966318,1.2342389931200568,1.297400295988383
-19.206979144959167,9.232785823233069,1.236257756254183,1.2912221449235786
-19.10751096530568,9.222724316267204,1.246721743716615,1.2923627315105652
-19.008008015704277,9.213020203047996,1.255674861339024,1.283570089869817
-18.908400800675494,9.204443566050175,1.260899633569072,1.2765506182098598
-18.80883727734899,9.195374682331611,1.273485550500997,1.2764213958920776
-18.709289881461135,9.186138993068681,1.2807095649076534,1.269728695220266
-18.60977952622117,9.176509807269884,1.286133919829527,1.257398882723473
-18.510245553062596,9.167124417116717,1.2994927387378123,1.2527047872933323
-18.41067083594066,9.158177889846002,1.304880047303432,1.2466957368801497
-18.3114765640867,9.145779562680373,1.3087363705755937,1.238239383211482
-18.212956754922693,9.128835967070827,1.3124686258070504,1.2424116091757222
-18.114958619852594,9.109058120305054,1.3028602467667652,1.2573996915583436
-18.017181510631808,9.088219508546686,1.2919074635888066,1.259450806115409
-17.91961514982294,9.066402733413698,1.287639840044602,1.2620430125404754
-17.82224244523556,9.04374208013948,1.2836321114001934,1.2733651371953087
-17.724878824601223,9.021041214630317,1.2718227279662442,1.27322694436171
-17.627616610551616,8.997909249729084,1.2673681286809138,1.2784349104637094
-17.530439945884726,8.974419834275748,1.265337968464668,1.2911595078525206
-17.433243684053572,8.951014210930454,1.2539581493098397,1.2901443856782775
-17.335967816070948,8.927939840199635,1.250833292741541,1.2965197414266365
-17.23870414466941,8.904817181190934,1.255636141428724,1.310561905895968
-17.141097854924247,8.883183657740714,1.26983076391849,1.3280234111823848
-17.04335564564278,8.862178919907286,1.2592973557208131,1.3260515064928882
-16.94549973907609,8.841717235080338,1.2556067037541754,1.3310510398469106
-16.847444011320732,8.822228156112926,1.2608525498363323,1.3348368991705812
-16.748957100810298,8.805050858284849,1.2762592803360797,1.3263730141254821
-16.650103046091907,8.790116328204162,1.3013826896462766,1.3129969551724014
-16.550983393166902,8.777080937653892,1.3353316170264113,1.299583200500571
-16.451489990532785,8.767332138718084,1.3786773655509659,1.2819244050424936
-16.351817481671745,8.759576278627492,1.4294230876292062,1.2699047274368562
-16.252039714270712,8.753298655499302,1.4863739775627072,1.2642097442532954
-16.152184062764253,8.748412726842865,1.5487660171698179,1.265014361834423
-16.052266098838956,8.74516079805331,1.6161294545596998,1.2502185188999209
-15.95229897758647,8.743883762268165,1.6880892806957153,1.223718495948536
-15.852329451322477,8.743233901451132,1.7631874063192194,1.1987523624332224
-15.752358170107224,8.744142501330746,1.8416106876101452,1.1801985413157743
-15.652400579535584,8.74602145154497,1.9225958319207028,1.1677932788645653
-15.552461409693548,8.748714501715552,2.0037367438776226,1.1401280938067382
-15.452590591889173,8.753204138643104,2.0868594627170984,1.1189547802477826
-15.352804603449131,8.759296930735752,2.1722327867484243,1.1013083829379857
-15.253080428225411,8.766368261988308,2.2592835044838018,1.0697496946277947
-15.153386426830167,8.773862809322493,2.3475609385394804,1.046406041601746
-15.053962210812644,8.784331902635795,2.438027269236107,1.0271250863581722
-14.955102562842914,8.799022087541365,2.5308171143504294,0.988284543693614
-14.8575736929573,8.820841669914653,2.6264393170963465,0.9513910926858891
-14.765413544066607,8.857995701014715,2.725043947377837,0.8952296623264798
-14.835235051669198,8.875207034820614,2.672708209230242,0.8950555926523468
-14.931756890965241,8.849514588341899,2.5763925327857176,0.934175497929878
-15.024575293634822,8.812550847508906,2.4777193986158834,0.9917421807832618
-15.112433741576426,8.764943289930585,2.377887362167196,1.051418827407814
-15.196138419838215,8.71031472459023,2.278004746359862,1.1149760880932023
-15.276177433315462,8.650438643375763,2.178597513833029,1.18795277809775
-15.353901617134293,8.587560710000593,2.079726750925114,1.2669406576225153
-15.429388189244676,8.522020357625715,1.9815873029978333,1.346439764104914
-15.503202253175832,8.454596551993575,1.8841862917911363,1.3746584632194225
-15.575609988031948,8.385660675553265,1.7875915531885462,1.3771134296476173
-15.646838099570736,8.315510714632914,1.6918805771608318,1.3778756430119994
-15.716462040335703,8.243765203775821,1.5974272832904994,1.3791508886025814
-15.784980287148262,8.170963476192153,1.5042478106901427,1.386127215079173
-15.852711812388156,8.0974294803935,1.41243145574777,1.399165900095382
-15.918806338219769,8.02242313319831,1.3227847003466664,1.398249938987436
-15.982987806362571,7.9457720647305035,1.2359893233422687,1.3894319576520662
-16.046012720487067,7.868164570484336,1.152168912512178,1.3791197781242988
-16.10724233511215,7.789134432828342,1.0725379212195447,1.3665321342153014
-16.166054043225856,7.708295155650266,0.9986554402308486,1.3509559472896016
-16.221723970836205,7.625259214104631,0.9325879543702925,1.3351967084436314
-16.27688675653465,7.541879420794365,0.8734988515068661,1.326191008497368
-16.332907692719555,7.459074095974703,0.8214460752183947,1.3257228719449632
-16.389740957744948,7.376828651471431,0.7778933192613481,1.3101191853106413
-16.448438859147224,7.295899873533909,0.7430921661073926,1.294393624775031
-16.509071439759886,7.216415311862569,0.7182078607694294,1.2743662088751475
-16.572438427166134,7.139094978759163,0.703235577891273,1.2260120619465396
-16.63889356049839,7.064410511328642,0.6912403403903954,1.1763105634462028
-16.70799568350772,6.992194171440351,0.6836852236948949,1.1234921363286794
-16.781065154169177,6.9239757493006975,0.6850712860477246,1.0813378350629732
-16.85785665806447,6.859990555204966,0.695336692059452,1.0524849366011724
-16.938415792444193,6.8008317407747825,0.7135937349615605,1.0275224846517497
-17.022972861150038,6.747562083948302,0.7382367315610461,1.0007171229258724
-17.111862024440057,6.701875154346647,0.7670253718416533,0.9766014796111715
-17.204166493396535,6.663519233535452,0.7999071933868657,0.9703875010212885
-17.298806859876773,6.631337969821244,0.8321003056959484,0.9809926808627549
-17.394793875991567,6.603414488748018,0.8600537076883689,0.9851299138674103
-17.492014081464472,6.5801618249051375,0.883336274167117,0.9970348510646599
-17.589780485911568,6.559271795835384,0.9042550738540447,1.0209912912728372
-17.688258698696046,6.542092724048266,0.921455609185964,1.0389024192551595
-17.7871749368263,6.527594482301038,0.9359697388642553,1.0613599194415386
-17.88637771083036,6.515205848387231,0.9518561048988277,1.0857562622437227
-17.98578427500583,6.504569697397037,0.9760740730646982,1.1045660578115646
-18.085341581613672,6.495442916383697,1.008246689289613,1.1333620774566528
-18.185064733718203,6.4884010988186125,1.0301425777897693,1.1668357597042116
-18.28486479467455,6.482477541241889,1.0506201026898967,1.1916360896511067
-18.38468747041734,6.476946687865363,1.0796301238372572,1.2126071902039375
-18.48451560461344,6.471514326529231,1.0987904670962616,1.2385068420575975
-18.584334518909642,6.465916049559102,1.1126916229497414,1.2716050124672396
-18.684121451175155,6.459775601589492,1.1343653295217186,1.3100208523376466
-18.783849415276592,6.4527492325455675,1.1614676692848283,1.335392760106677
-18.883520425260006,6.444952974363491,1.1771333820265792,1.3668968867809075
-18.983098293266977,6.436078746782977,1.2019821350140836,1.3852424389348483
-19.082482094393427,6.425224069145204,1.23630010935139,1.4078379565415262
-19.182032585121153,6.416074801463602,1.2577999950368552,1.43866343172965
-19.281806466411673,6.409792487230913,1.2786710752207402,1.4676855782492246
-19.38168949224187,6.405508514985576,1.2997287276920146,1.4960201741982861
-19.48160594198866,6.402109888731471,1.3138853760684617,1.5209207737695378
-19.581560066558158,6.400068808677122,1.3259187885518722,1.5531490848659673
-19.681529683202367,6.398991205293703,1.3443553950980176,1.5918957914471557
-19.781494039906313,6.397577528236837,1.3697090464486625,1.6273054692850486
-19.88145489331912,6.395846943716237,1.382523272754264,1.6639320647385714
-19.98141335943682,6.393984754811498,1.4024933683218748,1.6929799774240515
-20.081343168534,6.391075834264252,1.4276901334190617,1.7198025386232998
-20.181217244729417,6.386577895586917,1.4442062040740309,1.743179191105522
-20.281034907042862,6.380973195801432,1.4684301876318653,1.767822591049276
-20.380767217744115,6.374020037596521,1.4963068017278895,1.7964144148503691
-20.48026298779072,6.364321849945169,1.518677044038166,1.8274423757504368
-20.579466443984668,6.351946706094525,1.5497412050875343,1.8544744214513176
-20.678323604630542,6.337062402393317,1.5846504107711563,1.8743259537405343
-20.776497045313555,6.318245486644646,1.6149751216242363,1.8775235654684126
-20.87390055728715,6.295744062944169,1.6500094160017096,1.8822740690617474
-20.970384104748383,6.269583358037732,1.6936188183019023,1.8885499567506179
-21.065589631130663,6.239138078158646,1.7326359688955004,1.8956311727802293
-21.158933774648222,6.20336690868739,1.779633093023371,1.9023305407429236
-21.25029977183464,6.162807466351975,1.835200237729616,1.9090900109762032
-21.338510122063187,6.115829215348443,1.8999169603699926,1.9139226003931074
-21.423233430279595,6.0627872045107045,1.9663751018062374,1.9169774246885636
-21.504003474389588,6.003942893162865,1.9541935521937246,1.918220293531965
-21.57939071121842,5.938339748341799,1.8887211519276554,1.916027443125671
-21.6488154485265,5.866452807422665,1.8315534259485773,1.9103816515373244
-21.711811956874193,5.788872105845852,1.7857221384070938,1.901370173734073
-21.76698224532484,5.705555659236,1.7535338740035538,1.8879014786950077
-21.814591684849933,5.6176808072378535,1.7324985905833934,1.870870191530217
-21.855095929147886,5.526310291123059,1.6989635025424181,1.851212812180655
-21.888913838173597,5.4322533536138975,1.67416220332266,1.8296697524904082
-21.915946007567953,5.336022859541364,1.6621027845782699,1.8063674054193857
-21.935992268145913,5.23809120476618,1.6631894960087286,1.7812941320451752
-21.95025837138829,5.1391523090583195,1.6544554163227494,1.7557952636713026
-21.958387531634827,5.039518541778404,1.6565705227765395,1.7258108417577305
-21.96085251163967,4.939584113196984,1.6703137343979124,1.689336724588472
-21.957846871828934,4.839667376612829,1.6951644762090603,1.6528985123569835
-21.94948831932677,4.740056831102242,1.7176704583357576,1.6167132765519237
-21.935960069377725,4.6410183926898165,1.7475235284132489,1.5810577082873645
-21.91755953406596,4.542765155329204,1.7837515259677896,1.5463183895670094
-21.894531865564133,4.445493699230899,1.8124741663837898,1.5128429790818325
-21.866714792986436,4.349477542149241,1.8507430544956966,1.480581373264767
-21.834452698935056,4.254858618855011,1.897636440230178,1.4499777234102869
-21.7975147196236,4.161970332124263,1.8676761103652877,1.4208946210709918
-21.75603115987166,4.071021205162244,1.817169219103798,1.3935427113618581
-21.710269972137546,3.982150111286922,1.7678291077572172,1.3682768040177113
-21.660343310331548,3.895547442558601,1.7264205715445906,1.3452841983084851
-21.606170617264752,3.811547009137487,1.6852060895078356,1.3245050950168749
-21.54750477778539,3.7306155182716494,1.6536692328890603,1.3056382249922325
-21.48504733293896,3.6525606523740652,1.6217941506894835,1.2895014142414096
-21.419802815882914,3.5768185825074807,1.5937627500926372,1.2773711964689776
-21.35186297860889,3.5034903967433553,1.5669876990616745,1.2646040667709717
-21.28022231476768,3.433782970651087,1.5401593963153257,1.2531289508333554
-21.204906983151652,3.36806228494341,1.5056042722667369,1.2441489661402578
-21.12614968119768,3.306507538418401,1.4796269751614999,1.2377631886662186
-21.044401165136797,3.2489795505915557,1.4605984395694829,1.2344186741129886
-20.960683039709888,3.1943375709689397,1.449910299751506,1.2356706522634395
-20.874982650488583,3.1428822268416834,1.4498231150575558,1.2412457605408014
-20.786927734652732,3.0955669384133273,1.4613372538447702,1.2437924357173287
-20.696804603818496,3.052318290895605,1.483963767446743,1.2486594610259658
-20.60488478359569,3.013029408093188,1.5169604245708705,1.2571524190772325
-20.51142057757221,2.97756697801915,1.5547544191739737,1.2694020537524622
-20.416952079241927,2.9448666218903,1.566523497940907,1.2864438924648167
-20.321203188454575,2.9161191007766933,1.5660100511032218,1.303191927388295
-20.22478520826913,2.889712651936128,1.5555312976306013,1.3078825465415786
-20.12748566693366,2.866764656251679,1.5515449745027976,1.3166158478742314
-20.029422856865935,2.847325518064302,1.541667030737298,1.3292799373478767
-19.93079424190735,2.830991833535391,1.5361418838005918,1.3461733038097485
-19.831886658849978,2.816442887960875,1.5389166947209394,1.3684296725636707
-19.732582829241736,2.804896699238851,1.5472778484976029,1.3946200029763034
-19.633005919397803,2.7960065286110916,1.550267015549891,1.4248423083398196
-19.533250251025756,2.789410389156751,1.561951104947369,1.4591679567933227
-19.43346558851779,2.7832334786219888,1.5773233267660587,1.4990064330590234
-19.333643851491363,2.7777010907576396,1.5814032591380232,1.5437309972616038
-19.23383797520032,2.7718767964309516,1.5886896632408145,1.5937302738228618
-19.134062209137163,2.7655569721233575,1.601703626175397,1.6486914136224702
-19.034312215137184,2.758842316647691,1.6048457221249903,1.7080546218138442
-18.934588199908845,2.7517522953997657,1.6116912830358248,1.7713617440053726
-18.834893677207987,2.7442593372490554,1.6242727487655533,1.8180313587778074
-18.735155281082214,2.73740288475719,1.6354786206793543,1.865515305521761
-18.635317184814014,2.7323599297974392,1.6453163137363744,1.9154930891221642
-18.535358479519658,2.730590598760288,1.6643315551468079,1.9521531584944138
-18.435384505651378,2.730393581978879,1.6714825013438275,1.9889667719973536
-18.335447657309896,2.7329293306518694,1.68379654505331,2.0275572758712417
-18.235651291683617,2.738841522865922,1.7051960869334937,2.067213134918687
-18.136039208764267,2.747262672994077,1.7345024176947894,2.0985831270651825
-18.03686891321531,2.759805540809934,1.7619102899455523,2.1237312836139064
-17.93831678553548,2.77660111376775,1.794155531182405,2.145110798114186
-17.8403577362286,2.7965469357906616,1.8342202161719425,2.159185602538181
-17.74334576152457,2.82065001484775,1.8736688350549484,2.1697446336372628
-17.64730768868605,2.848418387193238,1.9160767680361313,2.176449663129461
-17.552130418691693,2.879010264730331,1.965224471482808,2.1847771621458114
-17.458296074190578,2.9135014630168694,2.0059579963169045,2.1883526013674888
-17.365308176243623,2.9502143231303375,2.05165015947788,2.1835780246432863
-17.273585053750814,2.98997182310663,2.1039098570033583,2.1704481263602737
-17.182402996546866,3.030969637601195,2.16064317131276,2.160515720010641
-17.091918512415393,3.0734815067008787,2.22173893657071,2.153514372880995
-17.00230370362428,3.1177989947901836,2.2784348619333934,2.1477575046641784
-16.913852169166866,3.164384585413593,2.3387442962705838,2.1326116728017968
-16.82606305647096,3.2122185133459267,2.3736743128323083,2.120664176093751
-16.73894410520618,3.2612606403317885,2.3102920642981317,2.1046954972855465
-16.652591787747006,3.3116416596217078,2.250817292037216,2.0893834156991713
-16.56705888638622,3.3634014165084096,2.19563427048844,2.073893233840844
-16.482276819638372,3.4163813020291465,2.144939753610677,2.0535395458809003
-16.3982445185978,3.470542791385669,2.085664717091765,2.02264447410861
-16.315508323363165,3.5266656425665337,2.030113037217649,1.9868036949413177
-16.23330388658706,3.583564951307268,1.9788732244817062,1.930107974972921
-16.151050074503992,3.6403931953536155,1.9303923993615582,1.8736625287471578
-16.069153435252666,3.6977344820793565,1.876642717342789,1.815997279799066
-15.987804044183449,3.7558472696537546,1.824193825335773,1.7576403536599468
-15.907775590185388,3.8157639761665827,1.7727452653159068,1.697670012498879
-15.828624888003482,3.8768393717383227,1.7198952257657418,1.638256177196524
-15.75000902435628,3.9386021271803795,1.6585038282104694,1.5821960434216862
-15.671942470675015,4.001057780826329,1.6017443105415912,1.5298514751169177
-15.594303219101054,4.064043966630376,1.549953633063645,1.481801318464706
-15.517111585092152,4.127578084622142,1.5036715155858464,1.4384542777697262
-15.440250563778102,4.191511762285292,1.4632480261558967,1.4004264365529422
-15.364193673945492,4.256392752341517,1.4298721286158085,1.3674717421456732
-15.288527602687287,4.321735978971725,1.4034281462890308,1.3344056084720863
-15.213360110257481,4.387646935622915,1.3844650863242811,1.3040486256032229
-15.138811325608538,4.4542625944543275,1.3695368978966265,1.269305163561662
-15.064227242909839,4.520838722206125,1.35869634373832,1.2417111219650119
-14.989540031113478,4.58729909617101,1.3550093602209186,1.221851751668488
-14.914678077950986,4.653562541255202,1.3584262241533513,1.2102158941300714
-14.83966776716946,4.719657711335369,1.3689322429031816,1.207002529140995
-14.765120326803423,4.786274373161993,1.373223446332015,1.2113606822403482
-14.690437893600318,4.852739656583096,1.377807273743383,1.2240972505760097
-14.615274372205445,4.918660381534631,1.3888690311790517,1.2454622942931943
-14.53949596493185,4.983872833189209,1.4009648836109607,1.2752202333784652
-14.46306380294501,5.048317862887803,1.410818394722036,1.3095607411942238
-14.3870533195037,5.113260415965556,1.4219115709098942,1.319190426326574
-14.310734370636137,5.177839288146441,1.4326524387784092,1.3353990061611705
-14.234262877860479,5.242238648911152,1.4424054035340579,1.3524662462641828
-14.15784973557801,5.306707222654102,1.4536993210683455,1.3765137507784875
-14.081535748689884,5.371293130587274,1.4630776371531278,1.386825556670016
-14.005353883550395,5.4360347929316735,1.470417445345012,1.3967759032032472
-13.929628608950813,5.501308039253912,1.4706983520384107,1.4130568818095275
-13.854891941454804,5.567710892222894,1.4792500428474984,1.4346781068990286
-13.78096635741639,5.635016338692351,1.4956469262371777,1.4505619314438964
-13.707828873856563,5.703177418820515,1.508567424476094,1.4569016787765703
-13.63531529982939,5.77200225992469,1.5275393388876037,1.4691298199093221
-13.562535433259923,5.840543730100005,1.540506362532785,1.4883682286704436
-13.490503340846233,5.909872723841599,1.5598047687881358,1.5129357553466793
-13.418830475551745,5.979573067289065,1.5747594416337911,1.5431124727486132
-13.347438144318629,6.049560831159572,1.5792391377430834,1.5650637663832327
-13.276267109431716,6.119773648988262,1.5785614619893176,1.5891255670986744
-13.20526796782733,6.190160329672794,1.5781282700464137,1.6047256029604802
-13.134377861717601,6.260656839455146,1.5823194897508277,1.6050044233723677
-13.063560027818069,6.331225964902201,1.5928888118171678,1.6051808472339029
-12.992379397247657,6.401428153380527,1.6091039282254924,1.6058729442846833
-12.920925055613711,6.4713526912190815,1.6261312809087094,1.613083639376798
-12.848991298772281,6.540782355895459,1.6438827460045842,1.627098560467929
-12.776430995655168,6.609556715332746,1.664548833210752,1.6464245376056161
-12.703126553277976,6.677538975029692,1.6841294037984624,1.650188065948957
-12.628820353865486,6.744423510627285,1.7027987909389262,1.6554372924012324
-12.553945188599716,6.810671515668622,1.7258103065161927,1.6615397842136217
-12.478180160591965,6.8758954351851775,1.7481838751014873,1.669764332347664
-12.401206354018273,6.939691990726241,1.7605305175498525,1.6857348688459244
-12.32296812982152,7.001925768416417,1.7648695768239817,1.7093626269881492
-12.243358449504159,7.0623988642087285,1.7661360469239138,1.7382771997838717
-12.162588822574522,7.121314652660039,1.7711132960375686,1.753745568504055
-12.080623424331309,7.178553257896287,1.7694333240640636,1.771250899644417
-11.997503561614622,7.234102044755672,1.7601150501167682,1.7907741773698196
-11.912833464652358,7.287248941228099,1.7535887723547328,1.8131034098443943
-11.826702858658114,7.338007037882563,1.7494678855705772,1.83816879917267
-11.739581467664607,7.387036241122498,1.7387679764602546,1.8657909816967717
-11.651067850648829,7.433508039508286,1.7249240971359714,1.832617934360933
-11.561120425957473,7.477141396284796,1.703179703625174,1.7792402691170337
-11.46983626424114,7.5178994972945,1.6839529598804142,1.72139715583078
-11.377171307083549,7.555388703403557,1.666977042466644,1.6706198196313498
-11.282950187902566,7.588793405584428,1.6383830306361535,1.622111044832974
-11.187681587909974,7.619090635657034,1.60314928204637,1.5721303483738494
-11.091640174948976,7.646852921626417,1.570943438663511,1.5294792752017046
-10.994755322514647,7.671493941388099,1.5414183367508933,1.4913017985978343
-10.897016893751701,7.692500134843831,1.5142744878226246,1.44879562159706
-10.798583374749304,7.709969509893271,1.4898072670556515,1.4155150346235885
-10.699791355882317,7.725280188824982,1.4695775899050891,1.3907812797426902
-10.600518324878825,7.737082291850076,1.447403998835172,1.3757596664192275
-10.500909287158983,7.745601173744244,1.4274134903304656,1.3443638964352909
-10.40117118246614,7.752446632105863,1.412554895788965,1.321455613670128
-10.301224770753397,7.754721532613406,1.4001065070178442,1.3103736987944608
-10.201269850968398,7.753308192302511,1.39104530397959,1.3105546441701972
-10.101419048482192,7.748356393896881,1.3766294172592304,1.3155021342255158
-10.00171667676899,7.740989566250834,1.3484745288260522,1.3001800704999185
-9.902180537855452,7.731635290268574,1.325311304716488,1.2942590988403964
-9.802800997820114,7.720738243654764,1.3078539914584892,1.2975934086248466
-9.70357997489747,7.708482371169922,1.2965196649781316,1.3058075419154307
-9.604510332093952,7.695054780104299,1.2916582384498247,1.3192584921114057
-9.505535090082898,7.680946239837121,1.2938366329217483,1.3333935337714773
-9.406593403381889,7.666603725437264,1.303341610745137,1.3477347623724014
-9.307667881588106,7.652150087296243,1.288907262448785,1.3513451350528343
-9.208692631569775,7.638042222375474,1.2769547630992752,1.3454625037403667
-9.10959083024649,7.624856692498164,1.2736977497029558,1.3451085679931194
-9.010298436642705,7.613201192227432,1.2798107583640153,1.3372124742481566
-8.910834018926021,7.603107149592438,1.2896877660815196,1.3274972815838026
-8.811401857587501,7.592695909331029,1.2792784903341534,1.3255927223454202
-8.711889200874737,7.583090540694202,1.269675024202897,1.3273597103654005
-8.612416012190787,7.573079500067484,1.2596662745469975,1.3184817846881272
-8.512911707960747,7.56341199433302,1.2500011496176717,1.314417641532601
-8.413461424952898,7.553190799795848,1.2397828588807356,1.3136461935426362
-8.313968986483673,7.5433729762446635,1.2299679673784758,1.299329081268527
-8.214524911997572,7.533076275714423,1.2231346514198114,1.2922297893963746
-8.115120450609064,7.52240351419138,1.224075657771955,1.293223386015634
-8.015745730358875,7.5114569952642665,1.2328751108100673,1.285353695706811
-7.916390069067992,7.500338629314176,1.2369629489111986,1.2801667770535423
-7.8169239479719685,7.490267814390261,1.2268879240362893,1.2817228565500893
-7.717456648502794,7.480197107804079,1.2168131702401495,1.2781855872903076
-7.61800293302142,7.4699929405771766,1.2066050079732216,1.2657354305637774
-7.518551268446443,7.459768771913837,1.1963769985366375,1.2611324315047885
-7.419184198248645,7.448774774189903,1.1853787503049402,1.2567545769427317
-7.319765955277992,7.438231170724784,1.1797450726849024,1.245772107379398
-7.220375703187698,7.427426551870685,1.182304988566787,1.2430233450931045
-7.121001603585685,7.41647417457769,1.1884352110323233,1.248449337251639
-7.021631333908735,7.405487054928871,1.1923610881285525,1.2411029654273196
-6.922144219083862,7.395631182588632,1.1824965236001201,1.2339407541200522
-6.822631804727149,7.386016265568256,1.172873478580472,1.2314319799614908
-6.723244081864663,7.375207220128847,1.162053938799122,1.2205836056768014
-6.623903650342308,7.363953544101683,1.1507889752379525,1.2128844465592727
-6.52456559719344,7.35267886522272,1.1395031069719121,1.2134226786276157
-6.425217184066304,7.341495960296997,1.1283093556432475,1.2114257734897242
-6.325741921683948,7.331525599952873,1.1248138138994668,1.2035286693406317
-6.226222991882153,7.321978421922529,1.1306092026662957,1.2023165775798093
-6.126688417125858,7.312596035845017,1.145299464715258,1.200264643439195
-6.027142987827778,7.303329247161509,1.1406796783053046,1.1849411654836373
-5.927609187763086,7.293938360720111,1.1312784842787111,1.1780576360183292
-5.828078894142351,7.284510323313827,1.1218400457421345,1.178531906042036
-5.728458174163808,7.276115237324285,1.1134371881991358,1.1634210548009838
-5.628740391877049,7.268974651185625,1.106291546420697,1.1555263070299304
-5.528902491188886,7.263760158705702,1.1010751070299978,1.154325588771132
-5.429009774472556,7.259704624761772,1.0970188591147783,1.1441605877735628
-5.329127654470552,7.255382726937323,1.1009171886232072,1.1262370455730797
-5.22922819883677,7.251476272873098,1.114221417292241,1.1165925593747545
-5.129324764779291,7.2476722192287735,1.1349253866438442,1.102168046159477
-5.029427274155503,7.243716492693657,1.1309751329714195,1.0849263243853198
-4.929547637514182,7.239334825053238,1.1265998696732258,1.0771554605170468
-4.829697281522189,7.234332002787494,1.121604931361995,1.0758072642132208
-4.729897170355596,7.228414992170823,1.115698261319655,1.061412849900976
-4.630272050113224,7.220093228581493,1.1073948715855497,1.05568544215885
-4.530804869043619,7.210040204267906,1.0982179577980662,1.0551828191898924
-4.431535582901706,7.198195829182689,1.093743964690767,1.043544646421783
-4.332551572817098,7.184188182907097,1.0898962287243281,1.0390496177173014
-4.23410917037556,7.166764396926813,1.0917513951296876,1.047586598297098
-4.136200975288555,7.146552061988592,1.0998935322146093,1.0494848917437967
-4.038993730268574,7.123203454840199,1.1138102564327126,1.0558655576167122
-3.9426638051719807,7.09647107143288,1.1288312002457117,1.0749858130832521
-3.847443686513278,7.066025500835052,1.1308892528355614,1.093917891499826
-3.7535285925572603,7.031759736387324,1.1377291907463798,1.1041511433601532
-3.6615646782433524,6.992600903192009,1.1480350128839807,1.128307832847859
-3.5722021105834973,6.947806918303356,1.1607627956418243,1.16222210529096
-3.4856963962582466,6.897729361394118,1.1759806836410311,1.1904839212786662
-3.4026957606562203,6.842050734974401,1.192950420966713,1.2322494158503752
-3.323319732241439,6.781291726107107,1.2118875836902596,1.2857393569035578
-3.248318395357304,6.7152278214088135,1.2248238175089596,1.3498292373442897
-3.1784970819095655,6.6437014483627905,1.2381042607521926,1.4032543570016482
-3.113899194389917,6.567423046945848,1.2523075053180623,1.4658377238566325
-3.0546084166963423,6.486956428175691,1.2676272732062734,1.5371670150324825
-3.0013273670043965,6.402386527058017,1.2834496476104844,1.6132005823958169
-2.9535659345661123,6.314581156320907,1.3005346694728153,1.6875051409240376
-2.911482019444369,6.223917890040643,1.3188053929604462,1.739119271014574
-2.875269223001573,6.1307547012038475,1.3381164868729833,1.6790872000579726
-2.845407684612833,6.035371083627605,1.35800795939701,1.6287829759603047
-2.8219537774280803,5.938209397660779,1.378444341355887,1.5892902214601574
-2.8049736476404825,5.839711220243931,1.39935079605202,1.5575144865416735
-2.7947162569356987,5.7402899022414955,1.4204465339955827,1.5247713955696511
-2.7914466146940238,5.64039696517786,1.441416333680186,1.504852636340352
-2.795293327970765,5.540525759295102,1.462055359346874,1.4946895136266285
-2.806396736726262,5.4412016085095365,1.4821179234728752,1.4833013187912536
-2.824963787192733,5.3430008117546794,1.5012589198810835,1.4820449236671187
-2.8511926342218437,5.246564467187134,1.5190982922194165,1.4868193724569647
-2.885265542691509,5.152610735354531,1.5352148361377105,1.5046821549666838
-2.9271704896083066,5.061870674561525,1.5465890205589357,1.5205626402615022
-2.9767553266045885,4.975104515322381,1.5524742970032708,1.5510293213610549
-3.034160507358415,4.893314288552892,1.5555173853506938,1.595575151178932
-3.0985490724664184,4.816885605135916,1.5561746912345877,1.6465918863201308
-3.1703638720874556,4.747409682395834,1.5530735818397114,1.7016794825302433
-3.2491760005951544,4.685976962691964,1.5457344330655354,1.6727078008534397
-3.332743236111048,4.631148174710004,1.5367006609090563,1.6177353065614273
-3.4204252789521608,4.583183036906594,1.5261409097261003,1.5697675835274711
-3.5112511946999607,4.5414516661388245,1.5151086643522422,1.5280981435229612
-3.6046335446612443,4.505801776772858,1.5040334067794008,1.4925299925616782
-3.699989324757626,4.4758135466993805,1.4935629123908245,1.4626196150047734
-3.796963294742246,4.45157522678011,1.4837713010214895,1.438442280426518
-3.895122572147995,4.432680046074302,1.4752065053205041,1.4195888540372548
-3.994111553082647,4.418739661073406,1.4683655992756885,1.3905264714553534
-4.093598076569928,4.408917925777661,1.4641661925784046,1.3620075400149338
-4.193374773886397,4.402669862116553,1.4632020477001764,1.343892720483024
-4.293296459605205,4.399463088883215,1.464999822430649,1.3360888730226586
-4.3932686403243375,4.398867616722754,1.4652453391212514,1.33549326867356
-4.4932299250130665,4.400491771506197,1.4636211702172224,1.3371173014743802
-4.593146223246398,4.403905813713518,1.4602065764346377,1.3405315478569206
-4.69300248655953,4.408773687743915,1.4553369942052896,1.34540009855629
-4.792797019988623,4.414781015669878,1.4493266009841497,1.3514086090054491
-4.892537992602203,4.421625126954253,1.4424781759319527,1.3582543594180754
-4.992241072430106,4.429003858879954,1.4350942217850018,1.3656350715024748
-5.09193286255185,4.436534657112847,1.4275579296669278,1.37316797299091
-5.191637437408576,4.443893863505164,1.4201935425147316,1.3805291967602
-5.291379398585432,4.450725534022215,1.4133575880417,1.3873625754679018
-5.391181475039509,4.456606755296389,1.3943290921051965,1.3932449862516199
-5.491058207749651,4.461023285067489,1.3729172154267582,1.397662059964906
-5.591005244164309,4.463293487251343,1.3570154186158214,1.3999322292362983
-5.690980142014387,4.463425999998461,1.3504940931600384,1.4000645402227314
-5.790955976056014,4.463425999998461,1.3504943850037117,1.4000643359105809
-5.890931810097639,4.463425999998461,1.350494676933503,1.400064131922312
-5.990907644139246,4.463425999998461,1.3504949689494132,1.4000639282579248
-6.090883478180879,4.463425999998461,1.3504952610514407,1.4000637249174195
-6.190859312222513,4.463425999998461,1.3504955532395864,1.400063521900796
-6.290831108285533,4.462854446416075,1.3510672987064085,1.3994918299100458
-6.390799394567751,4.461629310047831,1.3522924822932154,1.3982666181894452
-6.490770701050095,4.460681813875666,1.3532400458205853,1.397319005377906
-6.590744177996751,4.460000346115095,1.3539216197138546,1.3966373883826728
-6.690715860147584,4.460791591391275,1.3531310691259957,1.3974284352740856
-6.790687634456943,4.461692460465614,1.3522309335382798,1.3983291006148422
-6.890641093120614,4.463769764513154,1.350155295975636,1.4004063219515257
-6.99059873414682,4.46567424172961,1.3482523130445836,1.4023106849277656
-7.0905344817086124,4.468481833433725,1.34544715589269,1.4051183289638043
-7.190481900903458,4.470858207730016,1.3430727459004104,1.4074946647951154
-7.290411229179403,4.473887726949057,1.3400459439756973,1.4105242870799157
-7.390358788506779,4.4762512538301635,1.3386610681195263,1.412887774947689
-7.490295095012343,4.479041344432147,1.3443034366127817,1.415677913625663
-7.590239360867168,4.481516599973462,1.3576166079277523,1.4181531564083352
-7.690191254605859,4.483667167427046,1.3756924404542121,1.4203036539481533
-7.790155164927663,4.485160359208127,1.3852486981018668,1.421796692319214
-7.890124989250115,4.486157055269818,1.3939988514568162,1.4227932017654035
-7.990099996975628,4.486333703569522,1.410606088176694,1.4229696512068657
-8.090073465662343,4.485864931516237,1.4346283702689637,1.4225007230001232
-8.190038502733838,4.484437327503668,1.465994912213712,1.4210730831502318
-8.289988703625706,4.4822394836362305,1.4971405305935623,1.4188753754506518
-8.389910433645188,4.478967982903252,1.5122869793436715,1.415604325277212
-8.489798831090493,4.474827250900677,1.534655452215393,1.4114644002652084
-8.589665077410677,4.470169997910008,1.5626391222122122,1.4068081970507027
-8.689434958532773,4.463783940234885,1.587610066451516,1.4004242164504765
-8.78916675798614,4.4568185563657945,1.606974823093167,1.3934613594858105
-8.888758983474853,4.448090474966987,1.6157093553561934,1.3847373822411413
-8.988295635811234,4.438741641914843,1.625065723357544,1.357486067022039
-9.087649915972628,4.427628403781893,1.6361900989143985,1.3285064696070887
-9.186931067054198,4.415872415059695,1.6479587799321762,1.3059170005596148
-9.286058217176487,4.402877783060941,1.6609693731125643,1.28945793235449
-9.385263097081928,4.3904887371234205,1.6733729563589368,1.2770668284486741
-9.484538486321945,4.378675528318131,1.685199376249655,1.2652521049484298
-9.583824254571278,4.366949570730801,1.6969384405300663,1.253524987560938
-9.683078972096837,4.3549645601734825,1.663261424190484,1.2415391255677601
-9.782266853172255,4.342439031504656,1.6168385408199077,1.2290131026601427
-9.881347312942975,4.329093996153164,1.5737319079091785,1.2156680816262142
-9.980267313786152,4.314609535366121,1.5284516573080107,1.2011844599967247
-10.078992002447956,4.2988471929992205,1.488189024497585,1.1854243141554983
-10.17743284173881,4.281400233119994,1.4450419238872454,1.1679819072180915
-10.275516572872258,4.2620497471240935,1.408311015960475,1.1486399699450731
-10.37321434548766,4.240839266065892,1.3619293755850568,1.1274442725130176
-10.470382968577619,4.217329763930337,1.323696539097921,1.1039600470472815
-10.566900465196111,4.191279822227718,1.2946110069343293,1.0779524893312031
-10.662692300109311,4.162680333466328,1.2656320221653485,1.0494217995313049
-10.75758966590367,4.131236898582,1.2277609065670023,1.0180892263617414
-10.851438573172402,4.096797900723967,1.2001327636963373,0.9838266629451765
-10.944020383226077,4.0590870236927,1.1823238928645725,0.9463956746203193
-11.035306479381463,4.018334305682633,1.1617448273075985,0.9060742524864627
-11.125020825543228,3.974237769544928,1.1458788532297337,0.8619234994130514
-11.212872774567774,3.9265401673059435,1.125162946228404,0.8236972697861826
-11.29904505333021,3.8758571754992905,1.1164917568602135,0.7929266384756809
-11.383709337204902,3.822706952076067,1.1196241498197703,0.7710748971696822
-11.466524729602604,3.766707420623251,1.1191304889921265,0.7584242503330648
-11.548029659622015,3.708820869384141,1.1119853556773727,0.7565521575755413
-11.626687615318863,3.647139186684763,1.1185287570893305,0.7612503933276343
-11.702732631902752,3.582250571786672,1.1292573796642542,0.7647685214628661
-11.775900221787218,3.514141671060923,1.1450673712426898,0.7769426813037043
-11.846768711164744,3.443627227268968,1.1510312846945452,0.7983123135439394
-11.91489701782468,3.370473047348403,1.1661500211390232,0.827692980092326
-11.979841351528348,3.2944717079582833,1.1935908835255868,0.8638063053712565
-12.0416834488634,3.2159354534264164,1.2272314871097374,0.9060156412045516
-12.100041095495367,3.1347719570457104,1.262761998806876,0.953145821197407
-12.15503409696128,3.051297097051329,1.2950920216442359,1.0046531084590975
-12.206006986375483,2.9653040244473807,1.3383128929635113,1.055691635172024
-12.252845633243172,2.8769942585707144,1.368602654962898,1.1051038452819315
-12.295675043611894,2.786668593601443,1.4016726260087835,1.1573580011779276
-12.333426744917647,2.694111284382053,1.440215469140912,1.2111146718387984
-12.365651229230266,2.5994856768429577,1.4847952204602823,1.2657404641111571
-12.391801634962567,2.5030134205825667,1.5341728924752291,1.320577876257442
-12.411319229651284,2.404986956497839,1.5938080118226705,1.3750147083394606
-12.423504385566089,2.3057913683510227,1.662767072210719,1.4283466233056425
-12.427724564216437,2.205941902607944,1.7292123696000095,1.4778750846250865
-12.422731245055868,2.106137460129215,1.80181881901575,1.5210745928222509
-12.407811017379263,2.00733289568003,1.8830090529666934,1.5606276628276379
-12.381800495718341,1.9108779604084742,1.9708888025841083,1.5951564420772104
-12.34453909148227,1.8181840616603617,1.972896234400018,1.6240578766740539
-12.295420721001209,1.7311923591140037,1.8943137384211117,1.6459749224171034
-12.234818632195097,1.6518109496997213,1.8276133506514443,1.6601913754405042
-12.16360296542227,1.5818087643850556,1.7757828355004361,1.6662512259691784
-12.083839301853677,1.5216599536436248,1.726194017323464,1.6652477168988955
-11.99649937284174,1.473100459369861,1.689802107150407,1.6563847360443718
-11.905082909092947,1.4327191521173575,1.6656562056924191,1.6443953248312289
-11.810793868750244,1.3995689008176766,1.642308043742408,1.630661994857343
-11.714593811707818,1.3724092808073136,1.6265445468905682,1.6167086475078614
-11.617075482905125,1.3504280226732748,1.6221578154485345,1.6035275163593494
-11.518655932733457,1.3329343011074115,1.620444384292673,1.5919405830640747
-11.419521552252686,1.3200275812445348,1.6139851550621682,1.5819413912594409
-11.320066145101162,1.3098786303323215,1.6164792071813756,1.575448033920075
-11.220405842020762,1.301970575334631,1.6273628922169876,1.573035308508197
-11.120616709629465,1.295885647893453,1.6383706826807571,1.571360599367855
-11.020745326909626,1.2913326410570047,1.6414783034061087,1.5721228764618633
-10.92084597907604,1.2874378880165105,1.6513001147633901,1.5760178948891685
-10.820931896634765,1.2839418237743891,1.667462023571141,1.579514141892053
-10.721000019605906,1.2810030475509435,1.6788517824115992,1.5824530019587344
-10.621075231908398,1.2778194959862086,1.6901893460108492,1.585636676446478
-10.521134568482928,1.275177552579034,1.7078463619786006,1.5882786551791515
-10.4212227417531,1.2716018414602877,1.7216245394452347,1.5918545618499729
-10.32130703272772,1.268135116631988,1.7287906873262044,1.5953214605461499
-10.221448772699365,1.2633164710501632,1.7395129743634876,1.6001406112466614
-10.121626281662044,1.2577881890233813,1.7495884837400932,1.6056696118931229
-10.021943870401106,1.2501885020304593,1.752564228945176,1.6132708766447577
-9.922343030158368,1.241544973530607,1.7601784425192675,1.6219165289393551
-9.822671727040646,1.2337554861925086,1.771178984663762,1.629707736265628
-9.722949795872397,1.226665012037338,1.7700012003010108,1.6367996310062596
-9.623132758282246,1.2210450266052366,1.775933082560625,1.6424204315685578
-9.523330463683992,1.2151700520325286,1.7871929298560871,1.6453039743774034
-9.423467759288933,1.2104301843446208,1.8000683506446091,1.629156104699094
-9.323567096015374,1.2066250324326468,1.8032263094437888,1.6180991750134155
-9.223614355879448,1.2045162929755635,1.8135879083383348,1.6114770895987969
-9.123646387429483,1.2035641357742648,1.8304976041941163,1.6098872434363485
-9.023682665496269,1.2048991487316083,1.8518062825682482,1.6085523031765234
-8.92377376042882,1.2084721375654444,1.86852224511074,1.60497911437251
-8.823861828650015,1.2119602372764018,1.8903020679125693,1.6014908307034597
-8.724009686698448,1.216876763381278,1.9146284050231306,1.5965738103895644
-8.624210941798456,1.2228057047868883,1.9292969577295882,1.5906441006075351
-8.52454420785987,1.2306220130296592,1.950830329324252,1.5828263537385145
-8.424971732874306,1.2395799201601652,1.9782858937540113,1.5738665776110647
-8.325599196002612,1.2505158684132542,2.0009319744387435,1.5629278900116546
-8.226369657785527,1.2626982292068334,2.0270093737785695,1.550742354958791
-8.127251095702547,1.2757559809564079,2.0584511796643685,1.5376812979144632
-8.028319498675891,1.2901617428794592,2.0540592990533533,1.5232720310711418
-7.929534026973429,1.3055250825406717,2.0202782023046737,1.5079054507808114
-7.830854725771268,1.3215699371876102,1.982801032501411,1.4918580292979255
-7.732218816701596,1.3378703899959303,1.9405247124864573,1.475556022743436
-7.6338873217468555,1.355918639472335,1.9003558854146247,1.4575074530731051
-7.535860191588033,1.375554632450193,1.8662156676438255,1.4161515975007242
-7.438130506110139,1.3966226281835656,1.8383001018070242,1.3791155334477978
-7.340685456296931,1.4189714164927352,1.8064425489130784,1.3472295308367561
-7.2435072419835365,1.442454332139509,1.771234549994666,1.321015434724854
-7.146573879455075,1.4669291041962027,1.7369960996289031,1.2965199516989077
-7.049669955977337,1.491516238674665,1.7080435840714008,1.2719183765565496
-6.952727890691052,1.515957853743494,1.684388165114887,1.2474692626668669
-6.855867395948967,1.5407208604456135,1.6534793270027721,1.22270597005263
-6.75905310389649,1.5656639719329448,1.6195746791077892,1.1977707285899901
-6.662249509770948,1.5906485961276846,1.5859632331346993,1.172802788271717
-6.565420989805539,1.6155363837144305,1.5520292406763272,1.1479408202736971
-6.468532253169755,1.6401885326765995,1.518068053652609,1.1233235702867934
-6.371446463793496,1.6640390269563117,1.4892548709314029,1.0995149746819795
-6.273960939162946,1.6862119426416953,1.4650136448231696,1.0773859703270887
-6.176263625611085,1.7074312397176763,1.4282059045712474,1.0562136701611327
-6.078330270635326,1.7275318088680718,1.389758649125404,1.03616126501627
-5.9801415630106405,1.746343972113425,1.3500448508095975,1.017396403238627
-5.881848834308959,1.7646075196290976,1.3162070636455547,0.9991820469456273
-5.783523178154225,1.782693970432257,1.2886445774249364,0.9811483966845485
-5.6853378493534805,1.801529681275918,1.2486376495924223,0.9623750056288818
-5.587372512432057,1.8214667858312246,1.2107363780970692,0.9167002798673307
-5.489458194125171,1.841663767749604,1.1716421469455127,0.8791357367118044
-5.3915620768019545,1.8619446414903298,1.1400819887981706,0.8516265896039799
-5.293516799314625,1.8814879845882646,1.1141823690652706,0.8321249338811766
-5.195257218427329,1.8999308609951808,1.073160693974782,0.8137247963610745
-5.096788656072999,1.9172175554682542,1.0336302957970922,0.7964805398119629
-4.998050207172763,1.9328974442980718,0.9894156602592514,0.7808394840737791
-4.899032434854041,1.9466753772944976,0.9518502532564677,0.7670946154078904
-4.7996298936997395,1.9573139573671248,0.9205615945819242,0.7564778359622755
-4.700017758523399,1.9657890006951062,0.8972110367081362,0.7480177828369766
-4.600177580444281,1.970834289478969,0.8811838417377413,0.7429787619214341
-4.500235454236015,1.9732198788209285,0.8697613596372493,0.7405948213355844
-4.400298601712103,1.971373732794386,0.8585207441518125,0.742440572546075
-4.30054548788058,1.9649312486660593,0.8520912189485708,0.7488862008973703
-4.201380495925871,1.9523870851012244,0.8416777165785982,0.7614494291531777
-4.102774858863435,1.935982280335042,0.8391740619581896,0.7778900984045813
-4.005215803382129,1.9142327990043886,0.8409992387039172,0.799709957300902
-3.909373357424535,1.8858846047034066,0.8389032242220946,0.8281934032509972
-3.8149569807168437,1.8530213820037431,0.8439660889286617,0.8612608547041689
-3.7221082410461523,1.8160146652983342,0.8457289956542892,0.8766958229749348
-3.631284945283546,1.774241459916776,0.8538630263546005,0.8992062187507187
-3.5419351428723136,1.7294102880988904,0.8701379219302575,0.935076412461567
-3.454437756031452,1.681060865401863,0.8935347044461616,0.9833045381560789
-3.3686462640232957,1.6297415280161813,0.9239936433435466,1.0340858375805804
-3.2840041253386896,1.576539932638961,0.9619187888120101,1.0869698566052897
-3.200862249854745,1.521034207091945,1.005968752122256,1.1423966070683975
-3.119227975811334,1.4633241143553595,1.0554176051642832,1.2002969160115324
-3.038791822839196,1.4039526105263096,1.1100190039871258,1.260145613502142
-2.9593079957628134,1.3433104332460815,1.1693912890113471,1.320671872627503
-2.8806977873627844,1.2815399008783168,1.2329521079396395,1.3819904696245762
-2.802633099063929,1.2190819157575818,1.2972778334815622,1.4443524147158886
-2.7251614839208824,1.1558916082632293,1.3642109126219653,1.5077831639751174
-2.6484143010394456,1.0918217311757044,1.4342041843069255,1.5723791724995984
-2.571824897178775,1.027563488201594,1.5074184902563617,1.636069015828467
-2.495795500266095,0.962643063856617,1.583011604522551,1.7007841939472852
-2.420114165924996,0.8973170453738061,1.6608575085094899,1.7662485358854647
-2.3445689190289016,0.831833598650095,1.7408435179185238,1.8321854691955815
-2.2689737941474113,0.766407786347095,1.8228467518608038,1.8782629902423653
-2.193145417721947,0.7012525751257862,1.906756549618199,1.915161372554152
-2.116861377713187,0.636631700431395,1.9925049452877506,1.9558439778697172
-2.039943388387905,0.5727675194436593,2.064536828047496,1.9998249862612743
-1.9622093665834415,0.5099002602413932,2.0090129591518298,2.0466246935256374
-1.8834688626587348,0.44829915122373504,1.9584305578821568,2.0957638728498513
-1.8035270140736923,0.3882651221943016,1.9135173963207144,2.1441133063896216
-1.7221194754153368,0.3302351673318549,1.866869641290724,2.1701331603022056
-1.639102851901224,0.2745357028266939,1.8113923153721063,2.1708904764105186
-1.5543023231251385,0.2215971616483559,1.7588041431139292,2.171950384550819
-1.4675520642345272,0.17192425029843195,1.708956373237439,2.165341880884025
-1.3787180197274844,0.12608910329452475,1.6629058970560944,2.155289907226109
-1.2877176619713342,0.08473018421863929,1.6214205943879896,2.136399429309626
-1.1949147544712695,0.047575151779986335,1.5841964783942535,2.116650104202805
-1.1002965650007337,0.01533420374233648,1.5519234401140807,2.0884877178658168
-1.00450547472921,-0.01326472974009936,1.5233116300848204,2.059880450215136
-0.9078314777583106,-0.0387229460146085,1.4978511870236264,2.0250369664320633
-0.8104189114675132,-0.06119420748011918,1.475383274440879,1.9905460167693918
-0.712403083325087,-0.08087347298797239,1.4557097296168162,1.9500482568450601
-0.6139307471238716,-0.09813576285484304,1.4384537962877488,1.9109795399143423
-0.5151224930114533,-0.11335676105855794,1.4232389916477461,1.8660178187660919
