s_m,x_m,y_m,psi_rad,kappa_radpm,vx_mps,ax_mps2
0.000000,-0.505095,0.082224,1.305700,-0.290327,5.141123,4.224144
0.099924,-0.601220,0.109794,1.277563,-0.272392,5.222579,4.464978
0.199848,-0.696413,0.139924,1.251258,-0.254508,5.307320,4.722212
0.299772,-0.790948,0.172513,1.226674,-0.237191,5.395495,4.982509
0.399695,-0.884551,0.207284,1.203854,-0.219884,5.486994,5.263553
0.499619,-0.977494,0.244155,1.182676,-0.203762,5.582026,5.530508
0.599543,-1.069546,0.282860,1.163133,-0.187651,5.680165,5.820833
0.699467,-1.160967,0.323335,1.145120,-0.172778,5.781657,5.987579
0.799391,-1.251573,0.365335,1.128605,-0.157926,5.884230,5.929862
0.899315,-1.341597,0.408805,1.113518,-0.143994,5.984081,5.873598
0.999238,-1.430902,0.453523,1.099831,-0.130072,6.081369,5.818705
1.099162,-1.519693,0.499438,1.087500,-0.116718,6.176237,5.765106
1.199086,-1.607876,0.546350,1.076508,-0.103354,6.268816,5.712734
1.299010,-1.695628,0.594201,1.066843,-0.090039,6.359224,5.661526
1.398934,-1.782896,0.642812,1.058517,-0.076655,6.447571,5.611424
1.498858,-1.869833,0.692114,1.051558,-0.062470,6.533958,5.562376
1.598782,-1.956424,0.741937,1.046035,-0.048096,6.618476,5.514332
1.698705,-2.042806,0.792193,1.041977,-0.033024,6.701213,5.467248
1.798629,-2.128996,0.842718,1.039437,-0.017797,6.782247,5.421081
1.898553,-2.215119,0.893410,1.038414,-0.002700,6.861652,5.375794
1.998477,-2.301209,0.944114,1.038898,0.012394,6.939496,5.331349
2.098401,-2.387378,0.994721,1.040872,0.027047,7.015844,5.287713
2.198325,-2.473670,1.045088,1.044303,0.041634,7.090755,5.244854
2.298248,-2.560182,1.095102,1.049169,0.055665,7.164284,5.202743
2.398172,-2.646961,1.144629,1.055427,0.069608,7.236486,-6.672061
2.498096,-2.734090,1.193557,1.063051,0.082887,7.143762,-7.431702
2.598020,-2.821615,1.241757,1.071991,0.096065,7.039043,-6.950843
2.697944,-2.909604,1.289119,1.082226,0.108709,6.939670,-6.497668
2.797868,-2.998098,1.335520,1.093717,0.121285,6.845471,-6.082777
2.897792,-3.087152,1.380847,1.106449,0.133502,6.756097,-5.687599
2.997715,-3.176797,1.424980,1.120397,0.145691,6.671446,-5.322027
3.097639,-3.267080,1.467806,1.135551,0.157578,6.591251,-4.970466
3.197563,-3.358021,1.509204,1.151890,0.169457,6.515463,-4.632368
3.297487,-3.449653,1.549056,1.169414,0.181290,6.444027,-4.302597
3.397411,-3.541990,1.587242,1.188121,0.193151,6.376960,-3.934423
3.497335,-3.635044,1.623635,1.208062,0.206115,6.315009,-3.564127
3.597258,-3.728835,1.658107,1.229315,0.219248,6.258359,-2.974855
3.697182,-3.823348,1.690506,1.252118,0.237844,6.210679,-2.347782
3.797106,-3.918621,1.720654,1.276852,0.257183,6.172790,-1.347709
3.897030,-4.014628,1.748330,1.303908,0.285419,6.150935,-0.238427
3.996954,-4.111395,1.773258,1.333913,0.315131,6.147061,-0.145963
4.096878,-4.208888,1.795162,1.365681,0.317820,6.144687,-0.145963
4.196802,-4.307023,1.813958,1.397429,0.317717,6.142313,-0.132686
4.296725,-4.405715,1.829646,1.428700,0.307000,6.140154,0.279889
4.396649,-4.504822,1.842296,1.458788,0.295345,6.144708,0.702579
4.496573,-4.604284,1.852020,1.487694,0.283061,6.156122,1.126077
4.596497,-4.703951,1.858924,1.515366,0.270928,6.174373,1.524055
4.696421,-4.803804,1.863130,1.541835,0.258734,6.198989,1.908971
4.796345,-4.903692,1.864752,1.567079,0.246676,6.229684,2.276731
4.896268,-5.003633,1.863912,1.591124,0.234452,6.266096,2.642714
4.996192,-5.103481,1.860732,1.613938,0.222300,6.308098,3.000379
5.096116,-5.203281,1.855333,1.635540,0.209962,6.355448,3.363117
5.196040,-5.302898,1.847845,1.655900,0.197655,6.408107,3.724782
5.295964,-5.402396,1.838387,1.675032,0.185169,6.465928,4.096777
5.395888,-5.501653,1.827095,1.692907,0.172685,6.528932,4.474163
5.495812,-5.600750,1.814086,1.709535,0.160046,6.597053,4.866371
5.595735,-5.699577,1.799501,1.724891,0.147389,6.670355,5.270118
5.695659,-5.798227,1.783455,1.738984,0.134597,6.748841,5.440119
5.795583,-5.896605,1.766091,1.751790,0.121773,6.828913,5.394472
5.895507,-5.994810,1.747524,1.763316,0.108865,6.907397,5.349681
5.995431,-6.092764,1.727898,1.773545,0.095918,6.984358,5.305714
6.095355,-6.190566,1.707325,1.782479,0.082847,7.059857,5.262537
6.195278,-6.288158,1.685952,1.790101,0.069744,7.133953,5.220119
6.295202,-6.385628,1.663892,1.796413,0.056568,7.206700,5.178433
6.395126,-6.482950,1.641288,1.801405,0.043374,7.278147,5.137452
6.495050,-6.580182,1.618258,1.805108,0.030725,7.348342,5.097150
6.594974,-6.677345,1.594930,1.807545,0.018063,7.417330,5.057505
6.694898,-6.774457,1.571428,1.808721,0.005477,7.485153,5.018492
6.794822,-6.871570,1.547870,1.808640,-0.007100,7.551850,4.980093
6.894745,-6.968673,1.524387,1.807302,-0.019676,7.617460,4.942286
6.994669,-7.065858,1.501086,1.804710,-0.032049,7.682019,0.101789
7.094593,-7.163062,1.478108,1.800959,-0.043045,7.683342,-9.125921
7.194517,-7.260442,1.455530,1.796110,-0.054103,7.563726,-8.533287
7.294441,-7.357874,1.433496,1.790095,-0.066324,7.450141,-7.952898
7.394365,-7.455514,1.412094,1.782850,-0.078930,7.342699,-7.289802
7.494288,-7.553259,1.391478,1.774229,-0.093655,7.242816,-6.688184
7.594212,-7.651237,1.371769,1.764142,-0.107771,7.149948,-6.265208
7.694136,-7.749346,1.353127,1.752823,-0.118861,7.061846,-5.902408
7.794060,-7.847770,1.335633,1.740405,-0.129099,6.977829,-5.704480
7.893984,-7.946277,1.319428,1.727157,-0.136264,6.895656,-5.601788
7.993908,-8.045156,1.304541,1.713196,-0.141668,6.813997,-5.593001
8.093832,-8.144000,1.291077,1.699230,-0.138219,6.731479,-5.901118
8.193755,-8.243346,1.278938,1.685606,-0.132815,6.643304,-6.289689
8.293679,-8.342525,1.268144,1.673027,-0.119531,6.548016,-7.026288
8.393603,-8.442186,1.258501,1.661677,-0.108772,6.439901,-7.635427
8.493527,-8.541703,1.249983,1.650601,-0.113127,6.320316,-7.554113
8.593451,-8.641423,1.242584,1.639037,-0.119534,6.199736,-6.560357
8.693375,-8.741303,1.236408,1.625545,-0.150386,6.093082,-5.529415
8.793298,-8.840961,1.231750,1.608924,-0.183501,6.001718,-3.359101
8.893222,-8.941043,1.228960,1.587313,-0.248309,5.945528,-1.149790
8.993146,-9.040766,1.228655,1.559326,-0.312817,5.926173,-1.046261
9.093070,-9.140393,1.231289,1.530156,-0.269602,5.908505,-2.617117
9.192994,-9.240396,1.236625,1.505672,-0.218720,5.864077,-4.497209
9.292918,-9.339786,1.244078,1.487405,-0.148261,5.786938,-7.095627
9.392842,-9.439558,1.253052,1.475881,-0.082469,5.663091,-5.876613
9.492765,-9.539464,1.263124,1.462532,-0.202058,5.558433,-1.302227
9.592689,-9.638356,1.275124,1.435039,-0.353056,5.534973,-0.153302
9.692613,-9.737233,1.290538,1.396831,-0.390946,5.532205,-0.118224
9.792537,-9.835016,1.309703,1.357658,-0.392392,5.530069,-0.118224
9.892461,-9.932335,1.332560,1.325613,-0.226760,5.527932,-2.931187
9.992385,-10.029049,1.357604,1.312311,-0.039351,5.474691,-9.444532
10.092308,-10.126066,1.383438,1.307446,-0.094857,5.299507,-6.789967
10.192232,-10.221978,1.409958,1.292893,-0.198795,5.169895,-4.110620
10.292156,-10.317841,1.438531,1.267524,-0.308401,5.089825,-1.536503
10.392080,-10.412464,1.469932,1.231500,-0.412608,5.059571,-1.408213
10.492004,-10.506330,1.505190,1.192463,-0.360186,5.031682,-2.873249
10.591928,-10.598241,1.543556,1.159018,-0.312850,4.974295,-4.226001
10.691852,-10.689929,1.585206,1.130998,-0.242000,4.888666,-6.232862
10.791775,-10.779237,1.628406,1.110646,-0.187985,4.759562,-6.538779
10.891699,-10.868293,1.673731,1.088185,-0.259701,4.620246,-5.662468
10.991623,-10.955897,1.721198,1.059363,-0.317372,4.496114,-4.808024
11.091547,-11.042205,1.771566,1.024698,-0.377394,4.387958,-4.416311
11.191471,-11.126636,1.825202,0.984349,-0.416660,4.286208,-4.404581
11.291395,-11.208679,1.882238,0.942039,-0.429976,4.182264,-4.290944
11.391318,-11.288051,1.942652,0.897680,-0.467323,4.078456,-3.964183
11.491242,-11.364729,2.006878,0.848672,-0.511127,3.980147,-3.587019
11.591166,-11.437752,2.074681,0.795392,-0.560107,3.889050,-3.196758
11.691090,-11.507270,2.146883,0.736657,-0.611579,3.806028,-2.911200
11.791014,-11.571849,2.222715,0.673442,-0.657546,3.728813,-2.626047
11.890938,-11.631682,2.303128,0.605167,-0.704500,3.657764,-2.351513
11.990862,-11.685367,2.387010,0.532687,-0.751272,3.592951,-2.035258
12.090785,-11.732885,2.475197,0.454961,-0.800882,3.535895,-1.537335
12.190709,-11.772984,2.566442,0.372145,-0.861790,3.492180,-0.957288
12.290633,-11.805228,2.661229,0.282552,-0.923784,3.464680,-0.543452
12.390557,-11.828534,2.758227,0.188333,-0.966973,3.448971,-0.045950
12.490481,-11.842400,2.857295,0.088945,-1.009573,3.447640,-0.045950
12.590405,-11.846281,2.957032,-0.010852,-0.991552,3.446308,0.177387
12.690328,-11.840257,3.056819,-0.109570,-0.973008,3.451447,0.363008
12.790252,-11.824667,3.155436,-0.202662,-0.892585,3.461941,1.256004
12.890176,-11.800318,3.252380,-0.288331,-0.822880,3.498005,1.883909
12.990100,-11.768111,3.346919,-0.367285,-0.758365,3.551413,2.386342
13.090024,-11.728816,3.438790,-0.440065,-0.700079,3.617933,2.785749
13.189948,-11.683216,3.527634,-0.507518,-0.650739,3.694072,3.067147
13.289872,-11.631902,3.613387,-0.570175,-0.604290,3.776126,3.328233
13.389795,-11.575565,3.695792,-0.628492,-0.563967,3.863194,3.525509
13.489719,-11.514576,3.775025,-0.682911,-0.526340,3.953332,3.713499
13.589643,-11.449620,3.850786,-0.734208,-0.501788,4.046105,3.721950
13.689567,-11.380784,3.923368,-0.783236,-0.478929,4.137003,3.737072
13.789491,-11.308748,3.992384,-0.830053,-0.459632,4.226303,3.721168
13.889415,-11.233383,4.058226,-0.875106,-0.440559,4.313386,3.731344
13.989338,-11.155481,4.120463,-0.917967,-0.419151,4.398978,3.814191
14.089262,-11.074687,4.179643,-0.958898,-0.398594,4.484781,3.905217
14.189186,-10.991900,4.235334,-0.998207,-0.389926,4.570964,3.772238
14.289110,-10.906765,4.287904,-1.036945,-0.384949,4.652696,3.583090
14.389034,-10.819823,4.337062,-1.075485,-0.387045,4.729023,3.257796
14.488958,-10.730975,4.382858,-1.114304,-0.389644,4.797366,2.943482
14.588882,-10.640541,4.425127,-1.152521,-0.373535,4.858288,3.092232
14.688805,-10.548450,4.464054,-1.188909,-0.354298,4.921478,3.324930
14.788729,-10.455053,4.499684,-1.223562,-0.340520,4.988529,3.429807
14.888653,-10.360513,4.532106,-1.257138,-0.332040,5.056764,3.410592
14.988577,-10.264960,4.561364,-1.290193,-0.330667,5.123715,3.217689
15.088501,-10.168545,4.587437,-1.323141,-0.328526,5.186088,3.060144
15.188425,-10.071347,4.610343,-1.355169,-0.305720,5.244718,1.095782
15.288348,-9.973413,4.630288,-1.384051,-0.272530,5.265554,-4.528278
15.388272,-9.874660,4.647596,-1.410440,-0.266655,5.178908,-4.520993
15.488196,-9.775680,4.662214,-1.438321,-0.292435,5.090931,-3.929408
15.588120,-9.676774,4.673875,-1.469126,-0.324990,5.013213,-3.849112
15.688044,-9.577456,4.682352,-1.502391,-0.338425,4.935895,-3.722632
15.787968,-9.478102,4.687502,-1.534663,-0.274226,4.859949,-5.413811
15.887892,-9.378433,4.689985,-1.554752,-0.131438,4.747333,-9.085086
15.987815,-9.276939,4.691156,-1.562398,-0.069206,4.552091,-8.480820
16.087739,-9.175395,4.691466,-1.575092,-0.188826,4.361956,-4.576698
16.187663,-9.077222,4.689852,-1.602966,-0.413721,4.255822,-0.069964
16.287587,-8.978354,4.684144,-1.658170,-0.663055,4.254179,-0.069964
16.387511,-8.880917,4.672412,-1.719555,-0.421176,4.252535,4.313527
16.487435,-8.782847,4.656525,-1.735125,0.073159,4.352712,6.783175
16.587358,-8.681532,4.640811,-1.709344,0.311060,4.505741,5.606462
16.687282,-8.581830,4.628242,-1.685432,0.168934,4.628406,6.630906
16.787206,-8.482802,4.617465,-1.675086,0.052661,4.769414,6.552798
16.887130,-8.382787,4.607255,-1.670085,0.045842,4.904781,6.477671
16.987054,-8.284224,4.597644,-1.666110,0.030536,5.035020,6.405255
17.086978,-8.184233,4.588129,-1.666322,-0.034986,5.160572,6.335322
17.186902,-8.085277,4.578360,-1.673267,-0.106935,5.281818,6.267671
17.286825,-7.985296,4.567393,-1.688253,-0.191468,5.399090,6.202129
17.386749,-7.886926,4.554702,-1.711239,-0.261148,5.512682,3.946330
17.486673,-7.788293,4.539542,-1.734387,-0.202196,5.583755,5.575326
17.586597,-7.689806,4.522364,-1.751583,-0.145497,5.682653,6.043211
17.686521,-7.591907,4.503782,-1.764687,-0.117623,5.787941,5.984046
17.786445,-7.493702,4.483945,-1.775035,-0.082751,5.890345,4.843395
17.886368,-7.396083,4.463424,-1.779797,-0.013280,5.971943,-10.740596
17.986292,-7.298069,4.442682,-1.777851,0.041440,5.789440,-10.738968
18.086216,-7.200214,4.422330,-1.773928,0.037149,5.601023,-10.748774
18.186140,-7.102342,4.402355,-1.770296,0.046682,5.405862,-8.835863
18.286064,-7.004477,4.382928,-1.762005,0.119103,5.239992,-6.822948
18.385988,-6.906183,4.364626,-1.746521,0.202266,5.108225,-3.023932
18.485912,-6.807778,4.348435,-1.718659,0.356012,5.048726,-0.098463
18.585835,-6.708274,4.335684,-1.675523,0.471143,5.046777,-0.098463
18.685759,-6.608140,4.327366,-1.633554,0.368232,5.044827,2.530006
18.785683,-6.508712,4.322800,-1.601377,0.251888,5.094693,-1.150068
18.885607,-6.408000,4.320350,-1.595571,-0.147775,5.072086,-0.099376
18.985531,-6.309430,4.316490,-1.630653,-0.466813,5.070128,-0.099376
19.085455,-6.210703,4.308741,-1.662809,-0.177571,5.068169,-6.004699
19.185378,-6.110710,4.299099,-1.666483,0.092800,4.948365,-4.599729
19.285302,-6.011203,4.290392,-1.645949,0.317875,4.854593,-0.091036
19.385226,-5.910599,4.284845,-1.602083,0.509578,4.852719,-0.091036
19.485150,-5.810456,4.284215,-1.552717,0.472777,4.850844,0.784265
19.585074,-5.711143,4.288260,-1.508587,0.392955,4.866972,2.600336
19.684998,-5.611621,4.296121,-1.478376,0.211708,4.920070,6.469176
19.784922,-5.512167,4.306101,-1.465682,0.087716,5.049746,2.434746
19.884845,-5.412953,4.317150,-1.452705,0.172059,5.097697,-5.629933
19.984769,-5.313698,4.329934,-1.431252,0.260089,4.986119,-3.234744
20.084693,-5.214968,4.345289,-1.399997,0.365843,4.920867,-1.717416
20.184617,-5.116888,4.364238,-1.358437,0.434609,4.885868,-1.472624
20.284541,-5.019805,4.387206,-1.320272,0.329759,4.855657,-4.175157
20.384465,-4.923233,4.413440,-1.292383,0.252637,4.768964,-4.840890
20.484388,-4.827585,4.442227,-1.263190,0.332634,4.666430,-3.321510
20.584312,-4.732824,4.474225,-1.225695,0.414939,4.594755,-2.352024
20.684236,-4.639538,4.510062,-1.181393,0.471267,4.543317,-1.528284
20.784160,-4.548105,4.550220,-1.131662,0.518793,4.509579,-1.467714
20.884084,-4.458889,4.594947,-1.080824,0.499984,4.476940,-1.997944
20.984008,-4.371808,4.644192,-1.031715,0.483075,4.432122,-2.371424
21.083932,-4.287391,4.697538,-0.982354,0.506145,4.378331,-2.066773
21.183855,-4.205690,4.755150,-0.930418,0.533448,4.330905,-2.020075
21.283779,-4.127210,4.816979,-0.876397,0.547641,4.284044,-1.972751
21.383703,-4.052227,4.883011,-0.820949,0.562214,4.237780,-1.957317
21.483627,-3.981047,4.953152,-0.764477,0.567651,4.191374,-2.084399
21.583551,-3.913981,5.027194,-0.707368,0.576184,4.141383,-2.176367
21.683475,-3.851219,5.105066,-0.649195,0.587474,4.088534,-2.242646
21.783398,-3.793240,5.186343,-0.589805,0.602760,4.033352,-2.250326
21.883322,-3.740149,5.271144,-0.528634,0.620224,3.977210,-2.196314
21.983246,-3.692534,5.358855,-0.465704,0.641327,3.921642,-2.038771
22.083170,-3.650542,5.449650,-0.400207,0.669197,3.869345,-1.806378
22.183094,-3.614803,5.542820,-0.331829,0.701542,3.822412,-1.455040
22.283018,-3.585624,5.638452,-0.259803,0.740243,3.784183,-0.996255
22.382942,-3.563635,5.735801,-0.183788,0.783116,3.757784,-0.564399
22.482865,-3.549298,5.834676,-0.103600,0.820219,3.742746,-0.054111
22.582789,-3.543109,5.934324,-0.019847,0.857306,3.741301,-0.054111
22.682713,-3.545427,6.034174,0.066121,0.854208,3.739856,-0.001467
22.782637,-3.556253,6.133475,0.150904,0.844030,3.739817,0.141141
22.882561,-3.575374,6.231529,0.233438,0.798804,3.743586,0.751036
22.982485,-3.602254,6.327739,0.310554,0.745785,3.763579,1.381551
23.082408,-3.636240,6.421700,0.382885,0.703285,3.800083,1.788298
23.182332,-3.676731,6.513015,0.451205,0.664902,3.846819,2.103566
23.282256,-3.723208,6.601461,0.515860,0.629339,3.901078,2.363633
23.382180,-3.775145,6.686797,0.577039,0.595711,3.961158,2.592172
23.482104,-3.832074,6.768901,0.634956,0.563537,4.026017,2.803073
23.582028,-3.893532,6.847668,0.689694,0.532361,4.094997,3.008007
23.681952,-3.959092,6.923048,0.741557,0.506664,4.167751,3.132023
23.781875,-4.028396,6.995027,0.790981,0.482672,4.242178,3.244233
23.881799,-4.101073,7.063561,0.838123,0.461502,4.317919,3.323486
23.981723,-4.176862,7.128697,0.883236,0.441451,4.394157,3.401544
24.081647,-4.255417,7.190400,0.926421,0.423373,4.470840,3.460183
24.181571,-4.336553,7.248754,0.967870,0.406182,4.547518,3.520236
24.281495,-4.419950,7.303740,1.007662,0.390684,4.624222,3.563165
24.381418,-4.505473,7.355455,1.045970,0.376007,4.700587,3.606505
24.481342,-4.592840,7.403899,1.082808,0.361466,4.776638,3.664497
24.581266,-4.681936,7.449175,1.118229,0.347449,4.852691,3.727028
24.681190,-4.772519,7.491318,1.152211,0.332700,4.928839,3.823653
24.781114,-4.864479,7.530437,1.184734,0.318255,5.005757,3.928438
24.881038,-4.957616,7.566606,1.215761,0.302659,5.083570,4.078586
24.980961,-5.051818,7.599947,1.245231,0.287206,5.163118,4.240665
25.080885,-5.146928,7.630571,1.273058,0.269512,5.244547,4.480664
25.180809,-5.242834,7.658624,1.299098,0.251708,5.329233,4.741517
25.280733,-5.339411,7.684256,1.323327,0.233139,5.417407,5.044312
25.380657,-5.436561,7.707633,1.345694,0.214567,5.509664,5.369175
25.480581,-5.534188,7.728919,1.366254,0.197064,5.606194,5.684905
25.580505,-5.632218,7.748280,1.385079,0.179734,5.706621,6.020988
25.680428,-5.730577,7.765869,1.402393,0.167362,5.811094,5.971024
25.780352,-5.829223,7.781813,1.418530,0.155626,5.912876,5.913729
25.880276,-5.928101,7.796205,1.433978,0.154752,6.011984,5.857862
25.980200,-6.027195,7.809068,1.449465,0.155219,6.108570,5.803344
26.080124,-6.126473,7.820391,1.464996,0.155648,6.202775,5.750101
26.180048,-6.225918,7.830170,1.480573,0.156114,6.294725,5.661022
26.279971,-6.325500,7.838400,1.496042,0.153158,6.383957,5.600503
26.379895,-6.425199,7.845106,1.511180,0.149844,6.471024,5.563540
26.479819,-6.524986,7.850316,1.526059,0.148114,6.556372,5.466983
26.579743,-6.624840,7.854048,1.540783,0.146598,6.639170,5.367767
26.679667,-6.724737,7.856318,1.555358,0.145140,6.719472,5.272213
26.779591,-6.824657,7.857138,1.569790,0.143717,6.797422,5.180957
26.879515,-6.924578,7.856524,1.584073,0.142143,6.873162,5.102501
26.979438,-7.024480,7.854490,1.598198,0.140580,6.946947,5.029028
27.079362,-7.124345,7.851054,1.612172,0.139136,7.018911,4.955015
27.179286,-7.224151,7.846229,1.626005,0.137729,7.089102,4.884091
27.279210,-7.323883,7.840031,1.639695,0.136281,7.157614,4.820090
27.379134,-7.423519,7.832476,1.653241,0.134851,7.224591,4.759716
27.479058,-7.523046,7.823578,1.666647,0.133487,7.290126,4.700243
27.578981,-7.622444,7.813354,1.679919,0.132152,7.354269,4.643462
27.678905,-7.721700,7.801818,1.693064,0.130959,7.417092,4.582873
27.778829,-7.820794,7.788985,1.706091,0.129800,7.478578,4.524208
27.878753,-7.919716,7.774867,1.719008,0.128747,7.538785,4.463174
27.978677,-8.018446,7.759478,1.731822,0.127724,7.597713,4.403966
28.078601,-8.116974,7.742829,1.744534,0.126716,7.655414,4.347189
28.178525,-8.215280,7.724935,1.757146,0.125728,7.711948,4.292506
28.278448,-8.313357,7.705807,1.769659,0.124717,7.767367,4.242324
28.378372,-8.411185,7.685459,1.782072,0.123721,7.821752,4.194251
28.478296,-8.508757,7.663902,1.794385,0.122731,7.875152,4.148709
28.578220,-8.606054,7.641151,1.806600,0.121758,7.927618,4.104927
28.678144,-8.703070,7.617217,1.818718,0.120794,7.979191,4.063245
28.778068,-8.799787,7.592114,1.830741,0.119846,8.029914,4.023143
28.877991,-8.896199,7.565855,1.842669,0.118899,8.079823,3.985472
28.977915,-8.992291,7.538453,1.854503,0.117967,8.128962,3.949283
29.077839,-9.088054,7.509919,1.866244,0.117037,8.177364,3.915331
29.177763,-9.183476,7.480268,1.877893,0.116120,8.225068,3.882737
29.277687,-9.278549,7.449511,1.889451,0.115211,8.272104,3.851814
29.377611,-9.373260,7.417662,1.900918,0.114316,8.318502,3.822111
29.477535,-9.467602,7.384733,1.912296,0.113424,8.364288,3.794276
29.577458,-9.561564,7.350737,1.923586,0.112543,8.409494,3.767592
29.677382,-9.655138,7.315686,1.934787,0.111651,8.454143,3.743692
29.777306,-9.748315,7.279594,1.945900,0.110770,8.498277,3.720942
29.877230,-9.841087,7.242473,1.956927,0.109960,8.541916,3.694766
29.977154,-9.933446,7.204334,1.967875,0.109166,8.585029,3.669259
30.077078,-10.025383,7.165191,1.978743,0.108368,8.627631,3.645779
30.177001,-10.116891,7.125053,1.989533,0.107579,8.669753,3.623267
30.276925,-10.207961,7.083936,2.000236,0.106643,8.711413,3.613610
30.376849,-10.298590,7.041849,2.010845,0.105707,8.752764,3.605559
30.476773,-10.388767,6.998808,2.021380,0.105167,8.793830,3.568344
30.576697,-10.478489,6.954820,2.031863,0.104659,8.834284,3.530237
30.676621,-10.567743,6.909898,2.042302,0.104297,8.874124,3.482184
30.776545,-10.656528,6.864046,2.052707,0.103953,8.913248,3.434261
30.876468,-10.744829,6.817279,2.063010,0.102203,8.951666,3.500422
30.976392,-10.832651,6.769610,2.073132,0.100391,8.990655,3.572727
31.076316,-10.919988,6.721066,2.083016,0.097389,9.030275,3.743072
31.176240,-11.006853,6.671672,2.092595,0.094337,9.071599,3.918500
31.276164,-11.093244,6.621464,2.101868,0.091268,9.114660,4.070501
31.376088,-11.179177,6.570468,2.110835,0.088208,9.159176,4.044314
31.476011,-11.264655,6.518718,2.119491,0.085024,9.203192,4.018407
31.575935,-11.349692,6.466243,2.127828,0.081843,9.246719,3.992773
31.675859,-11.434295,6.413075,2.135855,0.078845,9.289767,3.967408
31.775783,-11.518478,6.359241,2.143585,0.075861,9.332344,3.942305
31.875707,-11.602250,6.304771,2.151014,0.072833,9.374460,3.917460
31.975631,-11.685624,6.249692,2.158140,0.069808,9.416124,3.892868
32.075555,-11.768610,6.194034,2.164966,0.066806,9.457345,3.868525
32.175478,-11.851224,6.137822,2.171492,0.063808,9.498131,3.844426
32.275402,-11.933478,6.081085,2.177719,0.060835,9.538490,3.820566
32.375326,-12.015385,6.023850,2.183649,0.057867,9.578430,3.796942
32.475250,-12.096961,5.966141,2.189283,0.054894,9.617959,3.773548
32.575174,-12.178218,5.907986,2.194620,0.051923,9.657084,3.750382
32.675098,-12.259173,5.849410,2.199660,0.048951,9.695812,3.727439
32.775021,-12.339839,5.790439,2.204403,0.045982,9.734151,3.704715
32.874945,-12.420235,5.731097,2.208849,0.043008,9.772107,3.682207
32.974869,-12.500373,5.671411,2.212998,0.040035,9.809687,3.659912
33.074793,-12.580274,5.611404,2.216850,0.037059,9.846897,3.637824
33.174717,-12.659951,5.551103,2.220404,0.034083,9.883744,3.615942
33.274641,-12.739423,5.490530,2.223661,0.031107,9.920233,3.594262
33.374565,-12.818705,5.429711,2.226621,0.028131,9.956371,3.572780
33.474488,-12.897817,5.368668,2.229283,0.025147,9.992164,3.551494
33.574412,-12.976774,5.307428,2.231646,0.022162,10.027617,3.530400
33.674336,-13.055597,5.246012,2.233711,0.019168,10.062735,3.509495
33.774260,-13.134300,5.184446,2.235477,0.016174,10.097525,3.488777
33.874184,-13.212906,5.122752,2.236945,0.013210,10.131990,3.468242
33.974108,-13.291428,5.060956,2.238117,0.010247,10.166137,3.447889
34.074031,-13.369889,4.999077,2.238996,0.007343,10.199971,3.427713
34.173955,-13.448302,4.937143,2.239585,0.004440,10.233495,3.407713
34.273879,-13.526690,4.875172,2.239885,0.001567,10.266716,-8.125090
34.373803,-13.605066,4.813191,2.239898,-0.001305,10.187329,-11.971303
34.473727,-13.683452,4.751218,2.239625,-0.004149,10.069222,-11.690296
34.573651,-13.761862,4.689279,2.239069,-0.006992,9.952535,-11.417214
34.673575,-13.840316,4.627394,2.238225,-0.009888,9.837238,-11.156847
34.773498,-13.918832,4.565587,2.237093,-0.012784,9.723249,-10.962268
34.873422,-13.997424,4.503880,2.235699,-0.015103,9.609932,-10.778035
34.973346,-14.076112,4.442291,2.234074,-0.017414,9.497201,-10.669390
35.073270,-14.154902,4.380839,2.232256,-0.018975,9.384273,-10.567848
35.173194,-14.233814,4.319534,2.230282,-0.020528,9.271063,-10.197503
35.273118,-14.312848,4.258400,2.227992,-0.025346,9.160495,-9.843415
35.373041,-14.392045,4.197461,2.225217,-0.030183,9.052485,-9.426170
35.472965,-14.471417,4.136768,2.221910,-0.036013,8.947831,-9.027920
35.572889,-14.551017,4.076354,2.218020,-0.041843,8.846439,-8.725265
35.672813,-14.630856,4.016281,2.213598,-0.046664,8.747328,-8.437532
35.772737,-14.710988,3.956571,2.208695,-0.051474,8.650406,-8.172984
35.872661,-14.791410,3.897285,2.203318,-0.056150,8.555477,-7.921463
35.972585,-14.872181,3.838438,2.197473,-0.060818,8.462452,-7.659224
36.072508,-14.953290,3.780097,2.191148,-0.065804,8.371524,-7.409450
36.172432,-15.034801,3.722277,2.184323,-0.070782,8.282611,-7.168627
36.272356,-15.116696,3.665050,2.177001,-0.075794,8.195671,-6.939231
36.372280,-15.199047,3.608428,2.169176,-0.080798,8.110625,-6.716086
36.472204,-15.281826,3.552491,2.160850,-0.085863,8.027455,-6.503300
36.572128,-15.365110,3.497247,2.152016,-0.090921,7.946091,-6.295439
36.672051,-15.448863,3.442782,2.142676,-0.096050,7.866526,-6.096932
36.771975,-15.533166,3.389103,2.132821,-0.101174,7.788696,-5.907308
36.871899,-15.617975,3.336299,2.122457,-0.106293,7.712536,-5.726051
36.971823,-15.703373,3.284380,2.111579,-0.111409,7.637989,-5.554108
37.071747,-15.789310,3.233433,2.100194,-0.116499,7.564979,-5.389537
37.171671,-15.875868,3.183471,2.088296,-0.121591,7.493452,-5.231459
37.271595,-15.962993,3.134584,2.075894,-0.126693,7.423363,-5.079710
37.371518,-16.050764,3.086784,2.062977,-0.131803,7.354669,-4.931625
37.471442,-16.139122,3.040163,2.049551,-0.136966,7.287358,-4.788839
37.571366,-16.228145,2.994738,2.035604,-0.142147,7.221395,-4.652787
37.671290,-16.317769,2.950599,2.021144,-0.147314,7.156724,-4.521311
37.771214,-16.408067,2.907768,2.006162,-0.152503,7.093315,-4.401512
37.871138,-16.498975,2.866333,1.990673,-0.157571,7.031037,-4.285791
37.971061,-16.590555,2.826320,1.974671,-0.162663,6.969862,-4.182459
38.070985,-16.682743,2.787814,1.958173,-0.167608,6.909640,-4.082581
38.170909,-16.775592,2.750845,1.941174,-0.172583,6.850345,-3.995201
38.270833,-16.869037,2.715494,1.923690,-0.177397,6.791819,-3.910784
38.370757,-16.963120,2.681794,1.905719,-0.182250,6.734036,-3.838833
38.470681,-17.057777,2.649822,1.887276,-0.186934,6.676830,-3.769395
38.570605,-17.153037,2.619616,1.868359,-0.191664,6.620178,-3.707932
38.670528,-17.248837,2.591246,1.848976,-0.196321,6.563972,-3.647918
38.770452,-17.345194,2.564755,1.829121,-0.201050,6.508203,-3.596557
38.870376,-17.442048,2.540210,1.808801,-0.205688,6.452747,-3.546744
38.970300,-17.539399,2.517657,1.788012,-0.210400,6.397588,-3.519434
39.070224,-17.637190,2.497158,1.766771,-0.214690,6.342380,-3.496884
39.170148,-17.735409,2.478759,1.745103,-0.218988,6.287045,-3.496662
39.270071,-17.833999,2.462515,1.723029,-0.222732,6.231223,-3.501319
39.369995,-17.932932,2.448468,1.700587,-0.226455,6.174820,-3.512060
39.469919,-18.032154,2.436663,1.677777,-0.230069,6.117723,-3.532902
39.569843,-18.131622,2.427142,1.654604,-0.233777,6.059743,-3.556711
39.669767,-18.231287,2.419948,1.631044,-0.237835,6.000807,-3.574079
39.769691,-18.331091,2.415124,1.607066,-0.242121,5.940994,-3.590276
39.869615,-18.430986,2.412716,1.582641,-0.246831,5.880298,-3.598431
39.969538,-18.530906,2.412773,1.557730,-0.251803,5.818829,-3.605146
40.069462,-18.630796,2.415344,1.532305,-0.257183,5.756586,-3.604815
40.169386,-18.730583,2.420481,1.506326,-0.262834,5.693670,-3.598018
40.269310,-18.830203,2.428238,1.479764,-0.268922,5.630170,-3.590187
40.369234,-18.929577,2.438668,1.452574,-0.275314,5.566087,-3.577418
40.469158,-19.028625,2.451827,1.424729,-0.282148,5.501490,-3.563876
40.569081,-19.127265,2.467774,1.396180,-0.289312,5.436373,-3.543564
40.669005,-19.225399,2.486565,1.366894,-0.297024,5.370846,-3.520891
40.768929,-19.322936,2.508262,1.336809,-0.305159,5.304936,-3.488715
40.868853,-19.419761,2.532920,1.305888,-0.313986,5.238810,-3.451513
40.968777,-19.515770,2.560606,1.274046,-0.323372,5.172558,-3.408366
41.068701,-19.610828,2.591378,1.241246,-0.333373,5.106290,-3.360925
41.168625,-19.704815,2.625301,1.207407,-0.343953,5.040092,-3.313762
41.268548,-19.797574,2.662431,1.172495,-0.354963,4.973960,-3.265101
41.368472,-19.888963,2.702830,1.136452,-0.366494,4.907928,-3.217926
41.468396,-19.978807,2.746546,1.099240,-0.378453,4.841969,-3.168828
41.568320,-20.066937,2.793630,1.060800,-0.391005,4.776126,-3.119874
41.668244,-20.153159,2.844119,1.021082,-0.404090,4.710401,-3.066762
41.768168,-20.237272,2.898049,0.980018,-0.417921,4.644889,-3.016063
41.868091,-20.319061,2.955444,0.937544,-0.432239,4.579546,-2.962191
41.968015,-20.398294,3.016316,0.893607,-0.447325,4.514449,-2.907396
42.067939,-20.474730,3.080671,0.848122,-0.463106,4.449631,-2.844992
42.167863,-20.548102,3.148490,0.801016,-0.479929,4.385277,-2.782860
42.267787,-20.618142,3.219753,0.752181,-0.497434,4.321401,-2.715479
42.367711,-20.684550,3.294404,0.701563,-0.515923,4.258148,-2.653488
42.467635,-20.747026,3.372384,0.649045,-0.534872,4.195417,-2.593139
42.567558,-20.805243,3.453587,0.594632,-0.554513,4.133194,-2.506716
42.667482,-20.858873,3.537891,0.538154,-0.576360,4.072141,-2.377780
42.767406,-20.907560,3.625147,0.479334,-0.601254,4.013370,-2.243564
42.867330,-20.950914,3.715159,0.417940,-0.626931,3.957116,-2.107985
42.967254,-20.988552,3.807726,0.354007,-0.653055,3.903523,-1.940921
43.067178,-21.020063,3.902525,0.287333,-0.681263,3.853518,-1.737578
43.167101,-21.045059,3.999285,0.217765,-0.711504,3.808195,-1.396296
43.267025,-21.063104,4.097525,0.144943,-0.749382,3.771380,-0.786688
43.366949,-21.073743,4.196901,0.067497,-0.801054,3.750478,-0.237475
43.466873,-21.076397,4.296732,-0.015107,-0.842930,3.744146,-0.054152
43.566797,-21.070658,4.396542,-0.099999,-0.856665,3.742700,-0.054152
43.666721,-21.056429,4.495313,-0.186209,-0.849546,3.741254,0.054810
43.766645,-21.033925,4.592649,-0.266738,-0.761499,3.742718,1.278818
43.866568,-21.004119,4.687892,-0.338595,-0.692727,3.776706,2.064141
43.966492,-20.967760,4.780851,-0.406713,-0.671157,3.830930,2.093350
44.066416,-20.925209,4.871270,-0.472630,-0.651028,3.885148,2.114783
44.166340,-20.876914,4.958629,-0.537325,-0.645838,3.939163,1.918547
44.266264,-20.822955,5.042884,-0.601851,-0.641852,3.987534,1.732807
44.366188,-20.763813,5.123364,-0.665512,-0.633835,4.030722,1.639454
44.466111,-20.699607,5.200034,-0.728741,-0.629513,4.071162,1.502145
44.566035,-20.630760,5.272461,-0.791265,-0.622468,4.107866,1.430885
44.665959,-20.557555,5.340453,-0.853270,-0.616087,4.142526,1.361294
44.765883,-20.480287,5.403842,-0.913914,-0.597548,4.175233,1.515807
44.865807,-20.399435,5.462462,-0.972718,-0.577727,4.211354,1.685152
44.965731,-20.315287,5.516368,-1.028859,-0.545803,4.251150,2.066241
45.065655,-20.228369,5.565581,-1.081815,-0.512988,4.299443,2.445851
45.165578,-20.139005,5.610307,-1.131001,-0.471429,4.355917,2.981759
45.265502,-20.047656,5.650764,-1.176060,-0.429375,4.423789,3.521516
45.365426,-19.954595,5.687299,-1.216497,-0.379746,4.502630,4.222779
45.465350,-19.860294,5.720248,-1.252007,-0.329650,4.595387,4.956943
45.565274,-19.764776,5.750143,-1.281908,-0.267984,4.701938,5.989890
45.665198,-19.668787,5.777385,-1.305607,-0.207142,4.827555,6.520548
45.765121,-19.571924,5.802722,-1.323268,-0.145193,4.960686,6.446603
45.865045,-19.475119,5.826550,-1.334605,-0.086270,5.088884,6.375267
45.964969,-19.377827,5.849579,-1.341604,-0.053491,5.212564,6.306326
46.064893,-19.280593,5.872046,-1.345302,-0.023781,5.332085,6.239591
46.164817,-19.183242,5.894278,-1.347029,-0.010814,5.447761,6.174897
46.264741,-19.085779,5.916425,-1.347471,0.001569,5.559868,6.112100
46.364665,-18.988434,5.938560,-1.346788,0.012063,5.668653,6.051072
46.464588,-18.890941,5.960851,-1.345068,0.022184,5.774333,5.991698
46.564512,-18.793661,5.983320,-1.342381,0.031621,5.877103,5.933875
46.664436,-18.696276,6.006138,-1.338752,0.040877,5.977141,5.877512
46.764360,-18.599135,6.029318,-1.334218,0.049927,6.074605,0.965642
46.864284,-18.501974,6.053015,-1.328772,0.059007,6.090468,-9.738863
46.964208,-18.405061,6.077258,-1.322418,0.068199,5.928534,-9.505649
47.064131,-18.308245,6.102180,-1.315119,0.078889,5.766093,-9.174205
47.164055,-18.211679,6.127855,-1.306491,0.093818,5.604854,-8.788955
47.263979,-18.115344,6.154438,-1.296326,0.112135,5.445910,-8.155056
47.363903,-18.019327,6.182106,-1.283676,0.141047,5.294163,-7.522148
47.463827,-17.923714,6.211123,-1.268108,0.172683,5.150231,-6.712127
47.563751,-17.828619,6.241794,-1.248798,0.213840,5.018314,-5.978543
47.663675,-17.734198,6.274491,-1.225377,0.254878,4.897824,-5.305410
47.763598,-17.640649,6.309579,-1.197865,0.295844,4.788362,-4.718580
47.863522,-17.548167,6.347421,-1.166270,0.335059,4.688860,-4.325561
47.963446,-17.457016,6.388323,-1.131190,0.367222,4.595754,-3.994919
48.063370,-17.367407,6.432552,-1.092890,0.397767,4.508057,-3.848198
48.163294,-17.279642,6.480288,-1.052007,0.420763,4.421937,-3.713619
48.263218,-17.193939,6.531686,-1.008771,0.444364,4.337208,-3.602792
48.363141,-17.110610,6.586832,-0.963198,0.468022,4.253394,-3.483397
48.463065,-17.029959,6.645808,-0.915179,0.493461,4.170757,-3.338332
48.562989,-16.952294,6.708708,-0.864465,0.521659,4.089994,-3.207956
48.662913,-16.878052,6.775534,-0.810876,0.550399,4.010854,-3.197956
48.762837,-16.807545,6.846382,-0.754715,0.573657,3.930375,-3.157852
48.862761,-16.741269,6.921092,-0.696142,0.600633,3.849254,-2.952448
48.962685,-16.679549,6.999724,-0.634161,0.639821,3.771832,-2.723957
49.062608,-16.623043,7.082048,-0.568193,0.681823,3.698965,-2.420057
49.162532,-16.572226,7.168121,-0.497674,0.729691,3.633001,-2.078513
49.262456,-16.527865,7.257570,-0.422262,0.779994,3.575376,-1.775278
49.362380,-16.490565,7.350277,-0.342018,0.826548,3.525411,-1.377527
49.462304,-16.461064,7.445678,-0.256939,0.877911,3.486148,-0.756031
49.562228,-16.440035,7.543348,-0.166139,0.940696,3.464410,-0.046362
49.662151,-16.428278,7.642508,-0.068787,1.000594,3.463073,-0.046362
49.762075,-16.426389,7.742344,0.030861,0.995996,3.461735,0.018044
49.861999,-16.434441,7.841934,0.130554,0.998046,3.462256,-0.010136
49.961923,-16.452350,7.940194,0.229944,0.993503,3.461963,0.046344
50.061847,-16.479922,8.036199,0.329427,0.985139,3.463301,0.137432
50.161771,-16.516646,8.129055,0.421801,0.865066,3.467263,1.553776
50.261695,-16.561273,8.218429,0.502564,0.755221,3.511757,2.638611
50.361618,-16.612402,8.303985,0.573157,0.659282,3.586050,3.472077
50.461542,-16.669281,8.386335,0.634099,0.566714,3.681527,4.266563
50.561466,-16.730465,8.464836,0.689778,0.552361,3.795564,3.986825
50.661390,-16.796419,8.540449,0.744562,0.538487,3.899110,3.754574
50.761314,-16.865760,8.611837,0.796648,0.508863,3.994171,3.820226
50.861238,-16.939256,8.680176,0.846406,0.483337,4.088627,3.855502
50.961161,-17.015404,8.744418,0.893133,0.455442,4.181792,3.967904
51.061085,-17.094817,8.805449,0.937564,0.432560,4.275554,4.021985
51.161009,-17.176630,8.862865,0.979890,0.415273,4.368540,4.001091
51.260933,-17.260760,8.916834,1.020761,0.403367,4.459120,3.902688
51.360857,-17.347118,8.967439,1.060467,0.388582,4.545734,3.890586
51.460781,-17.435169,9.014539,1.098497,0.373361,4.630466,3.911788
51.560705,-17.525107,9.058415,1.134997,0.354364,4.714126,4.039071
51.660628,-17.616368,9.099001,1.169345,0.333597,4.798977,4.228180
51.760552,-17.709011,9.136555,1.201627,0.310946,4.886223,4.483815
51.860476,-17.802714,9.171192,1.231384,0.284470,4.977073,4.857561
51.960400,-17.897286,9.203132,1.258198,0.248327,5.073660,5.508052
52.060324,-17.992706,9.232751,1.280661,0.200857,5.181003,6.323930
52.160248,-18.088673,9.260443,1.298238,0.150440,5.301568,6.256641
52.260171,-18.185125,9.286711,1.310684,0.098497,5.418209,6.191434
52.360095,-18.281969,9.312062,1.318146,0.056948,5.531215,6.128159
52.460019,-18.378957,9.336852,1.322540,0.030751,5.640836,1.854729
52.559943,-18.476050,9.361345,1.324705,0.024858,5.673597,-10.572338
52.659867,-18.573183,9.385570,1.328482,0.051333,5.484236,-9.883038
52.759791,-18.670098,9.409212,1.335047,0.079198,5.301107,-9.366828
52.859715,-18.767124,9.432071,1.344201,0.104254,5.121504,-9.343990
52.959638,-18.864068,9.453897,1.353780,0.066161,4.935831,-10.464676
53.059562,-18.961654,9.475204,1.356620,-0.009108,4.719225,-9.538048
53.159486,-19.058546,9.496499,1.350275,-0.124758,4.512752,-7.617889
53.259410,-19.156616,9.519332,1.331944,-0.236431,4.340796,-6.135017
53.359334,-19.252611,9.544075,1.303473,-0.336792,4.197194,-4.891398
53.459258,-19.349202,9.572469,1.264686,-0.431094,4.079082,-4.234116
53.559181,-19.443435,9.604601,1.218607,-0.495604,3.974006,-3.520054
53.659105,-19.536651,9.641641,1.165334,-0.565852,3.884489,-3.061165
53.759029,-19.627202,9.683676,1.106120,-0.621296,3.804929,-2.540637
53.858953,-19.715118,9.731333,1.040965,-0.680998,3.737612,-2.144075
53.958877,-19.799498,9.784786,0.970434,-0.731710,3.679845,-1.669536
54.058801,-19.879774,9.844283,0.894619,-0.786026,3.634227,-1.012506
54.158725,-19.955109,9.909887,0.813013,-0.848716,3.606280,-0.251628
54.258648,-20.024609,9.981636,0.724830,-0.910728,3.599301,-0.158276
54.358572,-20.087349,10.059346,0.633436,-0.920171,3.594905,-0.049921
54.458496,-20.142703,10.142521,0.540714,-0.929270,3.593517,-0.049921
54.558420,-20.190182,10.230450,0.450311,-0.881514,3.592128,0.453954
54.658344,-20.229711,10.322173,0.364033,-0.854049,3.604734,-0.578573
54.758268,-20.261230,10.417052,0.276824,-0.890727,3.588660,-0.156506
54.858191,-20.284146,10.514177,0.185966,-0.925739,3.584300,-0.095200
54.958115,-20.298055,10.613140,0.093190,-0.931885,3.581645,-0.049553
55.058039,-20.302690,10.712880,-0.000512,-0.936163,3.580262,-0.049553
55.157963,-20.298064,10.812729,-0.091085,-0.876855,3.578879,0.719406
55.257887,-20.284722,10.911691,-0.176102,-0.824859,3.598909,1.266237
55.357811,-20.263254,11.009376,-0.255532,-0.763847,3.633896,1.862203
55.457735,-20.234454,11.104939,-0.329005,-0.709807,3.684746,2.310211
55.557658,-20.198871,11.198423,-0.397580,-0.661143,3.746871,2.663908
55.657582,-20.157293,11.289133,-0.461238,-0.617189,3.817253,2.950345
55.757506,-20.110106,11.377276,-0.521230,-0.582507,3.893718,3.109978
55.857430,-20.057956,11.462387,-0.577684,-0.551354,3.972727,3.237215
55.957354,-20.001127,11.544591,-0.631695,-0.529376,4.053334,3.239099
56.057278,-19.940071,11.623625,-0.683455,-0.506620,4.132413,3.282509
56.157201,-19.875063,11.699507,-0.732900,-0.483075,4.211038,3.365157
56.257125,-19.806488,11.772143,-0.780017,-0.460194,4.290147,3.458810
56.357049,-19.734635,11.841562,-0.824839,-0.436946,4.369965,3.581987
56.456973,-19.659841,11.907760,-0.867431,-0.417737,4.451117,3.647018
56.556897,-19.582323,11.970800,-0.908379,-0.401814,4.532251,3.666812
56.656821,-19.502364,12.030657,-0.947783,-0.388042,4.612385,3.662507
56.756745,-19.420097,12.087402,-0.985959,-0.375971,4.691060,3.641305
56.856668,-19.335808,12.140985,-1.022914,-0.363908,4.767992,3.639123
56.956592,-19.249556,12.191509,-1.058697,-0.352079,4.843658,3.649177
57.056516,-19.161661,12.238924,-1.093299,-0.340974,4.918363,3.658216
57.156440,-19.072104,12.283365,-1.126856,-0.330374,4.992132,3.670286
57.256364,-18.981237,12.324777,-1.159322,-0.319814,5.065065,3.696031
57.356288,-18.888972,12.363315,-1.190788,-0.309635,5.137463,3.725617
57.456211,-18.795686,12.398931,-1.221193,-0.299321,5.209422,3.772095
57.556135,-18.701243,12.431788,-1.250621,-0.289329,5.281281,3.822240
57.656059,-18.606028,12.461858,-1.279029,-0.279701,5.353111,3.874161
57.755983,-18.509868,12.489294,-1.306532,-0.270436,5.424946,3.927284
57.855907,-18.413144,12.514086,-1.333081,-0.261362,5.496808,3.986158
57.955831,-18.315663,12.536376,-1.358777,-0.252620,5.568799,4.045978
58.055755,-18.217790,12.556171,-1.383563,-0.243843,5.640930,4.117879
58.155678,-18.119331,12.573598,-1.407518,-0.235357,5.713409,4.191041
58.255602,-18.020614,12.588686,-1.430590,-0.226748,5.786244,4.278919
58.355526,-17.921467,12.601549,-1.452841,-0.218385,5.859671,4.368861
58.455450,-17.822164,12.612234,-1.474228,-0.209923,5.933705,4.472745
58.555374,-17.722568,12.620842,-1.494800,-0.201660,6.008554,4.579942
58.655298,-17.622900,12.627436,-1.514524,-0.193296,6.084243,4.701461
58.755221,-17.523050,12.632107,-1.533435,-0.185087,6.160973,4.827824
58.855145,-17.423196,12.634930,-1.551505,-0.176718,6.238783,4.971233
58.955069,-17.323250,12.635989,-1.568756,-0.168465,6.317904,5.121259
59.054993,-17.223351,12.635366,-1.585163,-0.160012,6.398389,5.290927
59.154917,-17.123431,12.633145,-1.600737,-0.151647,6.480491,5.468984
59.254841,-17.023593,12.629412,-1.615462,-0.143134,6.564276,5.545148
59.354765,-16.923787,12.624250,-1.629345,-0.134679,6.648151,5.497451
59.454688,-16.824087,12.617747,-1.642369,-0.126050,6.730272,5.450698
59.554612,-16.724454,12.609987,-1.654537,-0.117441,6.810717,5.404849
59.654536,-16.624938,12.601060,-1.665825,-0.108510,6.889559,5.359866
59.754460,-16.525508,12.591054,-1.676224,-0.099656,6.966863,5.315713
59.854384,-16.426197,12.580059,-1.685760,-0.091211,7.042692,5.272357
59.954308,-16.326979,12.568157,-1.694453,-0.082697,7.117104,5.229768
60.054231,-16.227871,12.555439,-1.702249,-0.073343,7.190155,5.187917
60.154155,-16.128853,12.541993,-1.709111,-0.063962,7.261895,5.146777
60.254079,-16.029928,12.527917,-1.715015,-0.054230,7.332373,5.106322
60.354003,-15.931076,12.513303,-1.719951,-0.044912,7.401634,5.066528
60.453927,-15.832294,12.498243,-1.724148,-0.039104,7.469720,5.027372
60.553851,-15.733571,12.482796,-1.727765,-0.033237,7.536672,4.988834
60.653775,-15.634900,12.467022,-1.730767,-0.026849,7.602528,4.950894
60.753698,-15.536271,12.450983,-1.733133,-0.020899,7.667324,4.913531
60.853622,-15.437677,12.434734,-1.735103,-0.018517,7.731094,4.876727
60.953546,-15.339114,12.418302,-1.736834,-0.016208,7.793871,4.840467
61.053470,-15.240577,12.401710,-1.738368,-0.014484,7.855684,4.804733
61.153394,-15.142065,12.384976,-1.739729,-0.012696,7.916564,4.769510
61.253318,-15.043573,12.368117,-1.740883,-0.010405,7.976538,4.734783
61.353241,-14.945100,12.351155,-1.741808,-0.008159,8.035633,4.700538
61.453165,-14.846640,12.334113,-1.742528,-0.006249,8.093874,4.666761
61.553089,-14.748191,12.317010,-1.743057,-0.004328,8.151284,4.633441
61.653013,-14.649749,12.299864,-1.743389,-0.002324,8.207887,4.600563
61.752937,-14.551311,12.282695,-1.743521,-0.000295,8.263705,4.568118
61.852861,-14.452874,12.265524,-1.743441,0.001911,8.318759,4.536093
61.952785,-14.354433,12.248371,-1.743141,0.003856,8.373069,4.504478
62.052708,-14.255986,12.231254,-1.742751,0.003948,8.426654,4.473263
62.152632,-14.157533,12.214176,-1.742353,0.003945,8.479532,4.442438
62.252556,-14.059072,12.197135,-1.741991,0.003283,8.531722,4.411992
62.352480,-13.960607,12.180127,-1.741696,0.002621,8.583240,4.381919
62.452404,-13.862136,12.163145,-1.741467,0.001964,8.634102,4.352207
62.552328,-13.763663,12.146182,-1.741303,0.001408,8.684325,4.322850
62.652251,-13.665187,12.129234,-1.741157,0.001528,8.733923,4.293838
62.752175,-13.566708,12.112301,-1.740998,0.001645,8.782911,4.265165
62.852099,-13.468227,12.095384,-1.740829,0.001741,8.831303,4.236823
62.952023,-13.369742,12.078484,-1.740650,0.001821,8.879112,4.208804
63.051947,-13.271255,12.061602,-1.740469,0.001803,8.926351,4.181101
63.151871,-13.172764,12.044738,-1.740290,0.001795,8.973033,4.153708
63.251795,-13.074271,12.027891,-1.740108,0.001840,9.019171,4.126619
63.351718,-12.975774,12.011063,-1.739922,0.001883,9.064774,4.099827
63.451642,-12.877275,11.994253,-1.739732,0.001914,9.109856,4.073325
63.551566,-12.778772,11.977462,-1.739540,0.001944,9.154426,4.047109
63.651490,-12.680265,11.960690,-1.739344,0.001972,9.198496,4.021172
63.751414,-12.581756,11.943937,-1.739146,0.002001,9.242075,3.995509
63.851338,-12.483243,11.927205,-1.738944,0.002033,9.285173,3.970115
63.951261,-12.384727,11.910492,-1.738739,0.002065,9.327800,3.944984
64.051185,-12.286207,11.893799,-1.738531,0.002095,9.369965,3.920112
64.151109,-12.187684,11.877127,-1.738321,0.002125,9.411678,3.895493
64.251033,-12.089157,11.860476,-1.738107,0.002156,9.452946,3.871124
64.350957,-11.990627,11.843847,-1.737890,0.002187,9.493778,3.846998
64.450881,-11.892093,11.827238,-1.737670,0.002217,9.534182,3.823113
64.550805,-11.793555,11.810652,-1.737447,0.002248,9.574167,3.799464
64.650728,-11.695014,11.794088,-1.737220,0.002279,9.613739,3.776046
64.750652,-11.596469,11.777546,-1.736991,0.002309,9.652907,3.752856
64.850576,-11.497920,11.761027,-1.736759,0.002340,9.691678,3.729889
64.950500,-11.399367,11.744531,-1.736524,0.002371,9.730058,3.707142
65.050424,-11.300810,11.728058,-1.736285,0.002401,9.768055,3.684611
65.150348,-11.202250,11.711609,-1.736044,0.002432,9.805675,3.662292
65.250271,-11.103685,11.695184,-1.735799,0.002463,9.842924,3.640183
65.350195,-11.005116,11.678783,-1.735551,0.002493,9.879810,3.618279
65.450119,-10.906543,11.662407,-1.735301,0.002524,9.916337,3.596577
65.550043,-10.807966,11.646056,-1.735047,0.002555,9.952513,3.575074
65.649967,-10.709385,11.629729,-1.734790,0.002586,9.988342,3.553767
65.749891,-10.610800,11.613429,-1.734530,0.002616,10.023831,3.532653
65.849815,-10.512211,11.597154,-1.734267,0.002647,10.058985,3.511728
65.949738,-10.413617,11.580905,-1.734001,0.002678,10.093810,3.490990
66.049662,-10.315019,11.564682,-1.733732,0.002708,10.128310,3.470436
66.149586,-10.216416,11.548486,-1.733460,0.002739,10.162491,3.450063
66.249510,-10.117809,11.532317,-1.733185,0.002770,10.196358,3.429868
66.349434,-10.019197,11.516176,-1.732907,0.002801,10.229915,3.409849
66.449358,-9.920581,11.500062,-1.732625,0.002831,10.263168,3.390003
66.549281,-9.821961,11.483976,-1.732341,0.002862,10.296120,3.370328
66.649205,-9.723336,11.467918,-1.732053,0.002893,10.328778,3.350821
66.749129,-9.624706,11.451889,-1.731763,0.002923,10.361144,3.331480
66.849053,-9.526071,11.435888,-1.731469,0.002954,10.393223,3.312302
66.948977,-9.427432,11.419917,-1.731172,0.002985,10.425020,3.293285
67.048901,-9.328788,11.403975,-1.730872,0.003016,10.456539,3.274427
67.148825,-9.230140,11.388062,-1.730570,0.003046,10.487783,3.255725
67.248748,-9.131486,11.372180,-1.730264,0.003077,10.518756,3.237178
67.348672,-9.032828,11.356328,-1.729955,0.003108,10.549463,3.218783
67.448596,-8.934164,11.340507,-1.729643,0.003139,10.579908,3.200539
67.548520,-8.835496,11.324717,-1.729327,0.003169,10.610093,3.182443
67.648444,-8.736823,11.308957,-1.729009,0.003200,10.640022,3.164493
67.748368,-8.638144,11.293230,-1.728688,0.003231,10.669699,3.146687
67.848291,-8.539461,11.277534,-1.728364,0.003262,10.699128,3.129024
67.948215,-8.440772,11.261871,-1.728036,0.003292,10.728312,3.111501
68.048139,-8.342079,11.246240,-1.727706,0.003323,10.757253,3.094117
68.148063,-8.243380,11.230641,-1.727372,0.003354,10.785956,3.076870
68.247987,-8.144676,11.215076,-1.727035,0.003385,10.814423,3.059759
68.347911,-8.045966,11.199544,-1.726696,0.003415,10.842658,3.042781
68.447835,-7.947252,11.184046,-1.726353,0.003446,10.870664,3.025934
68.547758,-7.848532,11.168582,-1.726007,0.003477,10.898443,3.009218
68.647682,-7.749806,11.153152,-1.725658,0.003508,10.925999,2.992631
68.747606,-7.651075,11.137757,-1.725306,0.003538,10.953334,2.976170
68.847530,-7.552339,11.122397,-1.724951,0.003569,10.980451,2.959835
68.947454,-7.453598,11.107072,-1.724593,0.003600,11.007353,2.943624
69.047378,-7.354850,11.091782,-1.724231,0.003631,11.034042,2.927536
69.147301,-7.256098,11.076528,-1.723867,0.003661,11.060522,2.911568
69.247225,-7.157339,11.061311,-1.723500,0.003692,11.086795,2.895720
69.347149,-7.058576,11.046129,-1.723129,0.003723,11.112863,2.879990
69.447073,-6.959806,11.030985,-1.722756,0.003754,11.138729,2.864377
69.546997,-6.861031,11.015878,-1.722379,0.003785,11.164395,2.848880
69.646921,-6.762250,11.000807,-1.721999,0.003815,11.189864,2.833496
69.746845,-6.663463,10.985775,-1.721616,0.003846,11.215138,2.818225
69.846768,-6.564671,10.970781,-1.721231,0.003877,11.240220,2.803066
69.946692,-6.465873,10.955825,-1.720842,0.003908,11.265111,2.788017
70.046616,-6.367069,10.940907,-1.720450,0.003939,11.289815,2.773076
70.146540,-6.268259,10.926028,-1.720055,0.003969,11.314332,2.758244
70.246464,-6.169443,10.911189,-1.719656,0.004000,11.338665,2.743518
70.346388,-6.070621,10.896389,-1.719255,0.004031,11.362817,2.728898
70.446311,-5.971793,10.881629,-1.718851,0.004062,11.386790,2.714381
70.546235,-5.872960,10.866909,-1.718443,0.004092,11.410585,2.699968
70.646159,-5.774120,10.852229,-1.718033,0.004123,11.434204,2.685657
70.746083,-5.675274,10.837590,-1.717619,0.004154,11.457650,2.671446
70.846007,-5.576423,10.822992,-1.717203,0.004185,11.480925,2.657336
70.945931,-5.477565,10.808435,-1.716783,0.004216,11.504030,2.643324
71.045855,-5.378701,10.793921,-1.716360,0.004246,11.526967,2.629410
71.145778,-5.279830,10.779448,-1.715934,0.004277,11.549738,2.615592
71.245702,-5.180954,10.765017,-1.715505,0.004308,11.572345,2.601870
71.345626,-5.082072,10.750629,-1.715073,0.004339,11.594789,2.588243
71.445550,-4.983183,10.736283,-1.714638,0.004369,11.617073,2.574709
71.545474,-4.884288,10.721981,-1.714200,0.004400,11.639198,2.561268
71.645398,-4.785387,10.707723,-1.713759,0.004431,11.661167,2.547919
71.745321,-4.686479,10.693508,-1.713315,0.004462,11.682979,2.534660
71.845245,-4.587565,10.679337,-1.712867,0.004492,11.704638,2.521492
71.945169,-4.488645,10.665211,-1.712417,0.004523,11.726144,2.508412
72.045093,-4.389718,10.651129,-1.711963,0.004554,11.747500,2.495420
72.145017,-4.290785,10.637093,-1.711507,0.004585,11.768707,2.482516
72.244941,-4.191846,10.623101,-1.711047,0.004615,11.789766,2.469698
72.344865,-4.092900,10.609156,-1.710584,0.004646,11.810680,2.456965
72.444788,-3.993947,10.595256,-1.710119,0.004677,11.831448,2.444317
72.544712,-3.894988,10.581403,-1.709650,0.004708,11.852074,2.431753
72.644636,-3.796023,10.567596,-1.709178,0.004738,11.872558,2.419272
72.744560,-3.697051,10.553836,-1.708703,0.004769,11.892902,2.406873
72.844484,-3.598073,10.540123,-1.708225,0.004800,11.913108,2.394555
72.944408,-3.499088,10.526457,-1.707744,0.004830,11.933176,2.382318
73.044331,-3.400096,10.512840,-1.707259,0.004861,11.953108,2.370161
73.144255,-3.301098,10.499270,-1.706772,0.004892,11.972905,2.358083
73.244179,-3.202093,10.485749,-1.706282,0.004923,11.992569,2.346083
73.344103,-3.103082,10.472277,-1.705788,0.004953,12.012101,2.334161
73.444027,-3.004064,10.458853,-1.705292,0.004984,12.031502,2.322315
73.543951,-2.905039,10.445479,-1.704792,0.005015,12.050774,-1.185734
73.643875,-2.806007,10.432155,-1.704290,0.005046,12.040938,-11.827372
73.743798,-2.706969,10.418880,-1.703784,0.005076,11.942383,-11.826016
73.843722,-2.607924,10.405656,-1.703275,0.005106,11.843020,-11.824692
73.943646,-2.508873,10.392482,-1.702764,0.005137,11.742827,-11.823216
74.043570,-2.409814,10.379359,-1.702249,0.005170,11.641784,-11.822159
74.143494,-2.310749,10.366287,-1.701730,0.005201,11.539866,-11.821949
74.243418,-2.211677,10.353267,-1.701209,0.005227,11.437041,-11.821518
74.343341,-2.112598,10.340298,-1.700686,0.005255,11.333288,-11.820319
74.443265,-2.013513,10.327382,-1.700159,0.005291,11.228586,-11.819170
74.543189,-1.914421,10.314518,-1.699628,0.005327,11.122910,-11.817883
74.643113,-1.815321,10.301706,-1.699094,0.005367,11.016231,-11.817883
74.743037,-1.716215,10.288948,-1.698556,0.005393,10.908509,-11.818252
74.842961,-1.617102,10.276243,-1.698017,0.005387,10.799709,-11.822527
74.942884,-1.517983,10.263592,-1.697479,0.005399,10.689762,-11.822281
75.042808,-1.418856,10.250994,-1.696937,0.005454,10.578674,-11.817065
75.142732,-1.319723,10.238450,-1.696389,0.005536,10.466458,-11.804925
75.242656,-1.220583,10.225961,-1.695828,0.005686,10.353142,-11.804923
75.342580,-1.121435,10.213528,-1.695255,0.005665,10.238572,-11.811375
75.442504,-1.022281,10.201151,-1.694711,0.005213,10.122642,-11.861963
75.542428,-0.923120,10.188826,-1.694213,0.004758,10.004864,-11.910733
75.642351,-0.823953,10.176548,-1.693761,0.004295,9.885189,-11.958096
75.742275,-0.724782,10.164312,-1.693360,0.003456,9.763564,-12.039046
75.842199,-0.625606,10.152110,-1.693103,0.001692,9.639564,-12.202054
75.942123,-0.526427,10.139924,-1.693026,-0.000347,9.512237,-12.071431
76.042047,-0.427250,10.127735,-1.693196,-0.003055,9.384572,-11.833281
76.141971,-0.328076,10.115515,-1.693637,-0.005811,9.257718,-11.598218
76.241894,-0.228909,10.103238,-1.694361,-0.008684,9.131674,-11.377925
76.341818,-0.129753,10.090874,-1.695372,-0.011535,9.006310,-11.174325
76.441742,-0.030611,10.078396,-1.696665,-0.014333,8.881467,-10.981031
76.541666,0.068512,10.065777,-1.698237,-0.017153,8.757050,-10.795672
76.641590,0.167614,10.052987,-1.700095,-0.020025,8.632985,-10.630560
76.741514,0.266690,10.039999,-1.702237,-0.022780,8.509050,-10.495769
76.841438,0.365737,10.026786,-1.704638,-0.025261,8.384890,-10.327971
76.941361,0.464749,10.013323,-1.707295,-0.028367,8.260893,-10.076306
77.041285,0.563723,9.999578,-1.710357,-0.032912,8.138098,-9.734743
77.141209,0.662651,9.985507,-1.713898,-0.039105,8.017678,-9.178256
77.241133,0.761523,9.971047,-1.718302,-0.049051,7.902462,-8.677701
77.341057,0.860323,9.956103,-1.723694,-0.058586,7.791963,-8.259426
77.440981,0.959034,9.940581,-1.729978,-0.067197,7.685315,-7.908165
77.540904,1.057639,9.924397,-1.737112,-0.075048,7.581797,-7.672320
77.640828,1.156121,9.907475,-1.744919,-0.081214,7.479996,-7.464418
77.740752,1.254461,9.889754,-1.753339,-0.087151,7.379607,-7.298677
77.840676,1.352646,9.871178,-1.762318,-0.092570,7.280108,-7.139000
77.940600,1.450651,9.851695,-1.771842,-0.098120,7.181452,-6.979155
78.040524,1.548466,9.831251,-1.781936,-0.103926,7.083678,-6.819671
78.140448,1.646055,9.809793,-1.792616,-0.109986,6.986816,-6.648616
78.240371,1.743411,9.787262,-1.803935,-0.116558,6.891073,-6.483968
78.340295,1.840488,9.763601,-1.815913,-0.123284,6.796402,-6.319692
78.440219,1.937276,9.738744,-1.828583,-0.130297,6.702843,-6.159194
78.540143,2.033721,9.712631,-1.841957,-0.137531,6.610386,-5.994098
78.640067,2.129808,9.685192,-1.856082,-0.145184,6.519148,-5.833021
78.739991,2.225476,9.656366,-1.870975,-0.153066,6.429120,-5.667713
78.839914,2.320702,9.626076,-1.886686,-0.161382,6.340418,-5.507327
78.939838,2.415417,9.594257,-1.903231,-0.169918,6.253021,-5.344516
79.039762,2.509585,9.560833,-1.920657,-0.178862,6.167024,-5.188122
79.139686,2.603135,9.525733,-1.938979,-0.187994,6.082380,-5.032141
79.239610,2.696013,9.488880,-1.958237,-0.197473,5.999141,-4.884313
79.339534,2.788143,9.450204,-1.978446,-0.207092,5.917227,-4.740594
79.439458,2.879454,9.409628,-1.999632,-0.216963,5.836624,-4.603836
79.539381,2.969863,9.367083,-2.021808,-0.227004,5.757266,-4.469539
79.639305,3.059283,9.322498,-2.045007,-0.237348,5.679162,-4.340022
79.739229,3.147622,9.275804,-2.069245,-0.247927,5.602280,-4.209852
79.839153,3.234775,9.226938,-2.094566,-0.258911,5.526682,-4.087214
79.939077,3.320638,9.175832,-2.120991,-0.270044,5.452283,-3.968589
80.039001,3.405086,9.122430,-2.148542,-0.281440,5.379059,-3.862243
80.138924,3.488005,9.066671,-2.177236,-0.292824,5.306827,-3.767713
80.238848,3.569250,9.008515,-2.207062,-0.304211,5.235403,-3.682953
80.338772,3.648697,8.947912,-2.238035,-0.315676,5.164631,-3.606888
80.438696,3.726186,8.884838,-2.270154,-0.327268,5.094368,-3.538827
80.538620,3.801577,8.819259,-2.303444,-0.339023,5.024476,-3.477016
80.638544,3.874697,8.751170,-2.337915,-0.351027,4.954845,-3.430748
80.738468,3.945391,8.680553,-2.373596,-0.362940,4.885167,-3.402132
80.838391,4.013470,8.607426,-2.410445,-0.374704,4.815076,-3.379224
80.938315,4.078771,8.531795,-2.448490,-0.386848,4.744431,-3.359816
81.038239,4.141092,8.453705,-2.487771,-0.399512,4.673133,-3.321228
81.138163,4.200254,8.373180,-2.528367,-0.413736,4.601568,-3.247026
81.238087,4.256028,8.290290,-2.570528,-0.430309,4.530510,-3.162141
81.338011,4.308196,8.205065,-2.614393,-0.448123,4.460221,-3.051274
81.437934,4.356486,8.117605,-2.660149,-0.467920,4.391331,-2.952521
81.537858,4.400644,8.027966,-2.707919,-0.487851,4.323625,-2.865023
81.637782,4.440372,7.936301,-2.757657,-0.507971,4.256896,-2.779360
81.737706,4.475406,7.842716,-2.809466,-0.528788,4.191147,-2.690330
81.837630,4.505440,7.747435,-2.863375,-0.550591,4.126507,-2.579216
81.937554,4.530194,7.650621,-2.919563,-0.574387,4.063571,-2.422777
82.037478,4.549346,7.552569,-2.978283,-0.601381,4.003551,-2.238428
82.137401,4.562575,7.453522,-3.039824,-0.630368,3.947287,-2.003943
82.237325,4.569539,7.353854,-3.104382,-0.662342,3.896228,-1.729187
82.337249,4.569893,7.253936,3.110898,-0.696202,3.851625,-1.404512
82.437173,4.563297,7.154231,3.039579,-0.731861,3.815014,-1.022936
82.537097,4.549432,7.055292,2.964514,-0.768823,3.788126,-0.611602
82.637021,4.528004,6.957668,2.885945,-0.804306,3.771958,-0.191943
82.736944,4.498823,6.862149,2.803659,-0.836046,3.766870,-0.054811
82.836868,4.461750,6.769296,2.719609,-0.846360,3.765416,-0.054811
82.936792,4.417037,6.680061,2.634456,-0.846598,3.763961,-0.048870
83.036716,4.364909,6.594771,2.552351,-0.795943,3.762664,0.676597
83.136640,4.306258,6.514019,2.475350,-0.744642,3.780589,1.301688
83.236564,4.241699,6.437750,2.403973,-0.683603,3.814838,1.995272
83.336488,4.172139,6.366122,2.338670,-0.626947,3.866748,2.568243
83.436411,4.098193,6.298960,2.278442,-0.578644,3.932556,2.991485
83.536335,4.020487,6.236182,2.222957,-0.535438,4.007848,3.337246
83.636259,3.939537,6.177661,2.171068,-0.503579,4.090206,3.510554
83.736183,3.855708,6.123261,2.122330,-0.469774,4.175088,3.743814
83.836107,3.769454,6.072871,2.077374,-0.430441,4.263749,4.104501
83.936031,3.681069,6.026213,2.036282,-0.390905,4.358879,4.499413
84.035954,3.590970,5.983061,1.999338,-0.348793,4.460832,4.982431
84.135878,3.499381,5.943057,1.966517,-0.309144,4.571078,5.459728
84.235802,3.406632,5.905917,1.937431,-0.273187,4.688909,5.908756
84.335726,3.312870,5.871312,1.911907,-0.237302,4.813182,6.412928
84.435650,3.218340,5.838947,1.890024,-0.200782,4.944525,6.455586
84.535574,3.123159,5.808479,1.871791,-0.163235,5.073309,6.383941
84.635498,3.027508,5.779569,1.857481,-0.123197,5.197526,6.314715
84.735421,2.931501,5.751838,1.847171,-0.082939,5.317542,6.247716
84.835345,2.835268,5.724903,1.840925,-0.042059,5.433677,6.182779
84.935269,2.738926,5.698373,1.838755,-0.001806,5.546212,6.119755
85.035193,2.642568,5.671859,1.840526,0.037264,5.655394,-8.851672
85.135117,2.546323,5.644990,1.846180,0.074789,5.496771,-9.004144
85.235041,2.450258,5.617398,1.855376,0.109298,5.330576,-8.295125
85.334964,2.354529,5.588767,1.868006,0.142328,5.172744,-7.752323
85.434888,2.259180,5.558768,1.883729,0.172371,5.020756,-7.281896
85.534812,2.164414,5.527147,1.902466,0.202500,4.873676,-6.889078
85.634736,2.070260,5.493600,1.924191,0.232277,4.730323,-6.507469
85.734660,1.976978,5.457901,1.948935,0.264479,4.590801,-6.120984
85.834584,1.884625,5.419728,1.977142,0.300005,4.455579,-5.708185
85.934508,1.793519,5.378832,2.008967,0.340121,4.325670,-5.240798
86.034431,1.703817,5.334842,2.045275,0.386519,4.202863,-4.742939
86.134355,1.615914,5.287440,2.086286,0.437999,4.088544,-4.174544
86.234279,1.530142,5.236218,2.132981,0.496593,3.985213,-3.614244
86.334203,1.447026,5.180812,2.185537,0.557030,3.893536,-3.005901
86.434127,1.367108,5.120856,2.244417,0.621639,3.815613,-2.392603
86.534051,1.291061,5.056051,2.309760,0.686173,3.752432,-1.684414
86.633974,1.219638,4.986186,2.381707,0.754411,3.707306,-1.085289
86.733898,1.153677,4.911145,2.460234,0.810736,3.677938,-0.504567
86.833822,1.094011,4.831016,2.543664,0.860048,3.664204,-0.174701
86.933746,1.041448,4.746089,2.631523,0.886913,3.659436,-0.051729
87.033670,0.996597,4.656827,2.720590,0.896785,3.658024,-0.051729
87.133594,0.959919,4.563968,2.809834,0.873207,3.656610,0.272836
87.233518,0.931446,4.468210,2.894448,0.821176,3.664059,0.923545
87.333441,0.910924,4.370457,2.974025,0.770476,3.689159,1.461296
87.433365,0.897980,4.271384,3.048502,0.720974,3.728529,1.923325
87.533289,0.892205,4.171636,3.118193,0.671818,3.779722,2.346980
87.633213,0.893135,4.071726,-3.100418,0.621221,3.841268,2.776637
87.733137,0.900267,3.972046,-3.040672,0.574959,3.912831,3.138050
87.833061,0.913113,3.872959,-2.985400,0.531789,3.992164,3.463068
87.932984,0.931213,3.774659,-2.934252,0.492148,4.077924,3.751564
88.032908,0.954120,3.677399,-2.886944,0.455044,4.168837,4.024504
88.132832,0.981434,3.581253,-2.843240,0.419125,4.264211,4.308543
88.232756,1.012745,3.486354,-2.803160,0.383180,4.364006,4.628894
88.332680,1.047667,3.392722,-2.766633,0.347248,4.468738,4.988395
88.432604,1.085820,3.300349,-2.733793,0.309942,4.578923,5.420526
88.532528,1.126800,3.209235,-2.704715,0.270884,4.695723,5.941816
88.632451,1.170247,3.119225,-2.679775,0.228102,4.820506,6.524459
88.732375,1.215708,3.030279,-2.659184,0.182578,4.953905,6.450372
88.832299,1.262807,2.942125,-2.643444,0.132280,5.082348,6.378907
88.932223,1.311041,2.854649,-2.632780,0.080627,5.206254,6.309846
89.032147,1.360004,2.767513,-2.627398,0.026964,5.325982,6.243001
89.132071,1.409179,2.680550,-2.627373,-0.025271,5.441850,-5.647838
89.231994,1.458162,2.593419,-2.632356,-0.074533,5.337136,-8.900125
89.331918,1.506471,2.505967,-2.642209,-0.119938,5.167819,-8.129349
89.431842,1.553758,2.417898,-2.656103,-0.158187,5.008166,-7.522249
89.531766,1.599619,2.329148,-2.673784,-0.193775,4.855762,-7.112805
89.631690,1.643780,2.239478,-2.694680,-0.224438,4.707116,-6.747758
89.731614,1.685886,2.148911,-2.718665,-0.256275,4.561625,-6.429505
89.831538,1.725680,2.057245,-2.745921,-0.289188,4.418540,-6.076576
89.931461,1.762778,1.964544,-2.776553,-0.327389,4.278914,-5.685771
90.031385,1.796841,1.870629,-2.811481,-0.371553,4.144010,-5.202452
90.131309,1.827375,1.775574,-2.850979,-0.425207,4.016606,-4.619783
90.231233,1.853858,1.679247,-2.896673,-0.489091,3.899983,-3.999648
90.331157,1.875596,1.581775,-2.948819,-0.559039,3.796123,-3.291611
90.431081,1.891864,1.483186,-3.008589,-0.637078,3.708467,-2.562355
90.531004,1.901827,1.383762,-3.076172,-0.716644,3.638770,-1.679198
90.630928,1.904643,1.283874,3.131086,-0.803614,3.592362,-0.977272
90.730852,1.899445,1.184081,3.046917,-0.871131,3.565075,-0.286375
90.830776,1.885588,1.085140,2.957007,-0.929659,3.557039,-0.048875
90.930700,1.862632,0.987911,2.862199,-0.949160,3.555666,-0.048875
91.030624,1.830572,0.893295,2.767653,-0.944907,3.554292,0.014166
91.130548,1.789769,0.802161,2.674291,-0.906715,3.554690,0.494069
91.230471,1.740877,0.715054,2.587089,-0.839375,3.568552,1.261694
91.330395,1.684887,0.632402,2.506156,-0.785783,3.603707,1.745068
91.430319,1.622537,0.554335,2.429913,-0.740501,3.651774,2.073532
91.530243,1.554633,0.481143,2.358071,-0.699125,3.708078,2.333987
91.630167,1.481722,0.412812,2.290132,-0.660921,3.770449,2.549206
91.730091,1.404483,0.349468,2.225700,-0.632144,3.837413,2.634287
91.830014,1.323369,0.291109,2.163572,-0.611747,3.905406,2.610560
91.929938,1.238836,0.237815,2.103372,-0.591967,3.971638,2.601393
92.029862,1.151313,0.189621,2.045214,-0.572612,4.036557,2.606994
92.129786,1.061139,0.146497,1.988836,-0.554865,4.100585,2.605062
92.229710,0.968757,0.108457,1.934260,-0.538024,4.163581,2.606116
92.329634,0.874413,0.075422,1.881216,-0.522786,4.225664,2.595972
92.429558,0.778520,0.047373,1.829740,-0.507945,4.286611,2.595460
92.529481,0.681295,0.024221,1.779633,-0.494037,4.346692,2.592749
92.629405,0.583069,0.005899,1.731028,-0.479002,4.405892,2.626618
92.729329,0.484078,-0.007701,1.683858,-0.464410,4.465066,2.664073
92.829253,0.384551,-0.016696,1.638290,-0.447678,4.524292,2.757244
92.929177,0.284752,-0.021230,1.594354,-0.431551,4.584784,2.847430
93.029101,0.184804,-0.021458,1.552102,-0.413996,4.646429,2.978657
93.129024,0.084996,-0.017554,1.511589,-0.397053,4.710051,3.105779
93.228948,-0.014657,-0.009690,1.472798,-0.379088,4.775485,3.266630
93.328872,-0.113848,0.001932,1.435811,-0.361580,4.843355,3.427328
93.428796,-0.212661,0.017144,1.400578,-0.343238,4.913556,3.619859
93.528720,-0.310774,0.035714,1.367202,-0.325302,4.986627,3.814767
93.628644,-0.408364,0.057493,1.335554,-0.307712,5.062492,4.014633
93.728568,-0.505095,0.082224,1.305700,-0.290327,5.141123,4.224144
