1.3227511510907382,-0.2925154166279378,1.2872875232567564,1.2794934830502565
1.2228733645664147,-0.29566028613172823,1.2904329686169758,1.2673580196079421
1.1229410674599827,-0.2947329459088678,1.2895058644019712,1.2612725330568928
1.0230836307856215,-0.2907279262829795,1.2876862791005252,1.265279647801339
0.9234338190737057,-0.28319181207962907,1.2900819294363013,1.263021191551105
0.824003030049844,-0.27316678675472883,1.2976988316894305,1.25155502404143
0.7248789404109012,-0.26043286353538975,1.3102173103558619,1.2507367961624953
0.6260742343762874,-0.2454500951171832,1.327933009085096,1.2601372080934043
0.5275431642642879,-0.22874243613301792,1.3511399845151093,1.2768674278811474
0.42941767812805,-0.20980582983371673,1.3790606868967257,1.2820818201045046
0.33155137494472814,-0.1895548608931032,1.4062821947524664,1.2824731950178785
0.23357597098784247,-0.16983815522681409,1.4339187149966608,1.2900850898929415
0.1355190059632559,-0.15053216924266344,1.468241545609756,1.3049152442025356
0.0373616668542604,-0.1317432214966472,1.5088911659088635,1.3237184155577943
-0.060898258624558235,-0.11349852735214752,1.5553941692289726,1.3246233602696396
-0.15933757134374205,-0.09625155965838267,1.5971450785631152,1.3234726513483015
-0.257809373021709,-0.07918839219620917,1.633408405822365,1.3296670311841254
-0.35639154636296816,-0.06277651178594194,1.6754503207937468,1.3426377004347796
-0.45483535846879264,-0.04555736370565164,1.7135581701589726,1.3598543503772413
-0.5529939669074672,-0.026780853938553933,1.7531025703551526,1.3577489528454592
-0.6507907088047382,-0.006204528487403769,1.795706928740416,1.3614116706259716
-0.7481566857834648,0.01631851227431131,1.841005738838289,1.3743311130383888
-0.8449339949962884,0.04124417712471563,1.8794511703235472,1.396708935168494
-0.9409978876920987,0.06878845270770483,1.9111108337055838,1.4242238186373986
-1.036219147185437,0.09911549789170193,1.9391164237264336,1.4434537562337557
-1.1304639086060808,0.13235157801985942,1.964884863669172,1.4610992086198242
-1.2231608889257415,0.16966576020633395,1.9859341373590227,1.4871015206926965
-1.3142237464311015,0.21080479103784613,2.0053778941577565,1.5193582328364565
-1.402850598485321,0.2569500331027749,2.017224954660793,1.5623871950298558
-1.4889723754505086,0.3076254066567685,2.020985113941642,1.6131990506069647
-1.5727250590787976,0.3621337886811427,2.0237313020027674,1.648582657110804
-1.6542999908799407,0.4198557439256137,2.0209076465598104,1.691922312712191
-1.733921022012026,0.48024875309944776,2.0170207634896755,1.7427637406367704
-1.811828475904714,0.5428402548362122,2.0152943996066126,1.7999984157900077
-1.88826897810248,0.6072177436956413,2.016056807259707,1.862630921549343
-1.9634512679729266,0.6730612139303345,2.005749029917652,1.9220349477387262
-2.0376787577853275,0.7399793923944643,1.9901816374456562,1.8887527506779898
-2.1105823987250765,0.8083352328492714,1.9366468853595242,1.8030452013523945
-2.1828022869417985,0.8774160625861027,1.8672071351233297,1.719428026049519
-2.2546760542147686,0.9468572930482337,1.7978098673691054,1.6379364296572017
-2.326440448871382,1.01641163443616,1.7287615302833794,1.558691903425036
-2.398356782138889,1.0858087784631336,1.6589995946625737,1.4818083947873406
-2.470410773666685,1.1550624943403247,1.5926085263442793,1.4076870391571106
-2.542594617900463,1.2241805928007008,1.5300185323170243,1.3360837591516106
-2.615001830383599,1.293064951326537,1.4718269012694054,1.2633825035339408
-2.6881542923827473,1.3611557371488199,1.4192373101856326,1.1899158330658914
-2.76157984525431,1.4289522478415129,1.3656823372913414,1.1183354167261448
-2.835149035371469,1.4965925164624825,1.2980856076379985,1.0512292792223872
-2.9099873036861954,1.5628279710540127,1.2324204725275962,0.9881546569653867
-2.9856285520511503,1.6281403595103825,1.1669835675246691,0.9305218444161198
-3.06300856685103,1.6913837651540369,1.103279160319829,0.8781076716566943
-3.141437175210528,1.753323727885939,1.0413019363616451,0.83288004882218
-3.2214755226334133,1.8131623404282209,0.9818444068654523,0.7951569825532655
-3.30347831738007,1.870274283457929,0.9254873456102377,0.7557314863272433
-3.3877534677473986,1.9239603508980374,0.8714445628250242,0.7222718590898841
-3.4742685268769984,1.9739771847441272,0.8209708666778345,0.6973195398621159
-3.5629496266065686,2.020026444929345,0.774671985008869,0.6816417718261556
-3.653622248357152,2.062008517925752,0.7325901037041965,0.6759055526029251
-3.7465274704245943,2.09878103243175,0.6958156917378636,0.6792404134144231
-3.8413359458280154,2.1303512202757555,0.6642909994463968,0.6916320698347896
-3.9380175255609187,2.155524048091697,0.639171412932298,0.7114810840090069
-4.035947207240611,2.1753571993997407,0.6252115988114207,0.7308183239480198
-4.135124388916816,2.187393481067814,0.6348818172720669,0.7428449021535777
-4.2348783907656,2.1932732294449564,0.6513442486840383,0.7487219560893059
-4.3347981485327916,2.1950452809986003,0.6495720998123371,0.7581075769621008
-4.434714069611399,2.193405989549016,0.6512111101360295,0.7769952726510253
-4.534515453557646,2.1882279762334704,0.6563876528324444,0.8045756687515395
-4.634131045967461,2.180300863061063,0.6643116532225726,0.8406740061848136
-4.733446423241865,2.1691778635585917,0.6754293965357571,0.8838270158793678
-4.832505637679558,2.1559842802304563,0.6886168500000385,0.9253425007627208
-4.931134934246104,2.139872329753139,0.7047221462489175,0.965197885113892
-5.029516064531535,2.122311232046081,0.7222787996979367,1.0017914074756775
-5.127433684019736,2.1023203564479243,0.742269074669959,1.0348279860786633
-5.225182297589679,2.0815175398776193,0.7630773174587113,1.068381620299183
-5.322554424111202,2.0590129058991695,0.785595742495746,1.1045326849804884
-5.419820694883414,2.036056681582387,0.8085741868494766,1.137825683384316
-5.517115389158209,2.0132169433691764,0.8314431424975979,1.169604339837517
-5.614492118913782,1.9907401901390998,0.8582195757869775,1.1971764074642957
-5.7121285613234125,1.969408850200947,0.8943423434818617,1.230624415954656
-5.810036817450841,1.9493880023569987,0.9385822537973064,1.2718491859566647
-5.9080731791241625,1.9299830899042476,0.9646064735029225,1.3081673616281688
-6.005919841141978,1.9096400062019188,0.984949552649315,1.3426792660089246
-6.103695851323644,1.8889626187841078,1.005631509756452,1.377952527036037
-6.2012054831358165,1.8670620506121391,1.027542430667726,1.410829737465822
-6.29825449535144,1.843215704526613,1.0514078970982486,1.440661953404237
-6.395058856889868,1.8183799216788152,1.0762722841008865,1.470858580901361
-6.491751294613462,1.7931115213126099,1.1015783880475363,1.5033521053661627
-6.588160189053808,1.7667906651530711,1.1279490690549983,1.5327288610563155
-6.684462623429684,1.7400741682528666,1.1547258674270755,1.5613830072590087
-6.780841155745347,1.7136336256655404,1.1812335823418345,1.5853943440040212
-6.877335168890614,1.6876178151128043,1.2073214506004473,1.6150240370787672
-6.973984373284478,1.662184881689686,1.2328291350352978,1.6500704727048818
-7.070675535308356,1.63691502648651,1.2581781901639755,1.6799749649123439
-7.167453073226083,1.6119772763121356,1.2840691208792778,1.7108756386336228
-7.264550457193924,1.58831674032362,1.3158240561767736,1.7422211130254381
-7.361986299558627,1.5660926388271512,1.3528792045713056,1.775382418806758
-7.459773211160848,1.5454699034356585,1.3946581242616534,1.8088227336075031
-7.557916676905278,1.5266190887741542,1.418233785589072,1.845675289444063
-7.656000633652149,1.5074639740190543,1.4374218752362564,1.8830293976763464
-7.7543640698198315,1.489801394774368,1.4551133223652148,1.9201897612795278
-7.8528553496906595,1.472850088107804,1.4720918552028701,1.9586685945592959
-7.951488970422564,1.4567694393342476,1.488197524461555,1.9974580865398994
-8.050335061514415,1.4420327851940034,1.5029552457364301,2.0377642658583057
-8.14945001546764,1.4292485276278524,1.5157551761716233,2.0798063344558404
-8.248729666269446,1.4177901033195341,1.52722592512634,2.0599554612415765
-8.34820455937905,1.4081980214009584,1.5368263045904242,2.0340891008623374
-8.447784155588511,1.3997231954345442,1.5453072787146107,2.0102711458702642
-8.547433912067163,1.3921673271202597,1.5528678924630361,1.9820295970191946
-8.64723062099856,1.3868544573481476,1.5589907710850726,1.960687642915848
-8.747083542720317,1.3827739043923097,1.5677568723175577,1.9404987856300981
-8.84700204807754,1.3807873838905045,1.5770042102913318,1.913472847709072
-8.946933388289986,1.379589673861222,1.5917060515878567,1.8871701211072827
-9.046871033419027,1.3792810448165889,1.6116146136340865,1.8667302721206998
-9.146807908445581,1.3798388908831656,1.614837191635257,1.8523264084028133
-9.246727556963856,1.3816303926187818,1.6130459822058374,1.8326722470126595
-9.346568729290171,1.3859758458426923,1.6087017831773376,1.8174301740861225
-9.446338317754847,1.391788792919636,1.602890945362104,1.8090588170592106
-9.54598320097172,1.3994187101932094,1.5952646276594913,1.796868873764535
-9.645533306263037,1.408226661374937,1.5864614945244966,1.7868141283303796
-9.745029986697343,1.417617178139855,1.5770765985643176,1.7739534304078117
-9.844462603469923,1.427665420832031,1.5670349774607524,1.7657559173351007
-9.943765828621757,1.4389180651928497,1.555790897433004,1.7523367934354859
-10.043216149329352,1.4487443028777254,1.5459715994437355,1.7392621112416133
-10.142789918141878,1.4572861907853363,1.5374351583567096,1.7305758175004737
-10.242457454453215,1.4646197112948267,1.5301058678649258,1.7239281630847398
-10.342172035441497,1.4713231359040337,1.5253271041012166,1.703984665432399
-10.441864234234046,1.4783500761655661,1.5267639892514155,1.6838278975616856
-10.541602259082746,1.4846845258663,1.5354106483681182,1.6687314543981695
-10.641305291806649,1.491551213210823,1.549939458063321,1.6600590271653732
-10.74100840001819,1.4984134521911767,1.5461757949837163,1.650010454794202
-10.840669872191828,1.505858769330704,1.5387306613418816,1.6368061662655975
-10.940279574355577,1.5139656659666427,1.5306240495579437,1.6270727051259062
-11.03983515698343,1.5227069945783718,1.521883145547337,1.6157539944019934
-11.139279549337052,1.5326380572911866,1.5150966329488755,1.6019406614143374
-11.238640992043788,1.5433525458307944,1.5140995422503756,1.5874984104130176
-11.337766392131485,1.55605963608748,1.5176877628876517,1.5812653209375127
-11.436360241265872,1.572329754630211,1.5242393352168166,1.5849334028217594
-11.534278042686083,1.5922935467401056,1.533557027959478,1.5829459670008432
-11.631344986738467,1.616043521010564,1.545453242829379,1.5889420558283291
-11.726721490084401,1.6458328627971843,1.557490250352242,1.606825771438309
-11.819953666124613,1.681769800698859,1.5693814112277225,1.620260677499073
-11.910206458429471,1.724622376822399,1.5756490360221749,1.63592195375234
-11.995975913699588,1.7758289753934127,1.5773066889337477,1.6664212679424
-12.0747018027109,1.837238127856902,1.572884719158982,1.7133604808210352
-12.144285539979903,1.9088182039278845,1.56112001296619,1.774853189757364
-12.20327275909091,1.9894065660455231,1.5418327635354243,1.83905231574643
-12.25067107387553,2.07730716037678,1.515328709452172,1.849294524374086
-12.286193387124857,2.1706225413662374,1.4823597837734432,1.7791505480604304
-12.310387618684963,2.2675294821513323,1.4441440552361022,1.721361364638117
-12.323502626848517,2.366548794387266,1.4013863280467675,1.6775296661115866
-12.326763802860825,2.4663885153899288,1.3554798383377806,1.6352075480952866
-12.321079479619735,2.566127809796223,1.307407860638863,1.60364430762034
-12.30690360679985,2.6650276864431737,1.2576960375064863,1.5340693600746327
-12.285046988177827,2.7625198467547816,1.2071689304981919,1.4635234992679966
-12.256807908198777,2.8583622977065364,1.157119587058487,1.4006879893704056
-12.222384166499873,2.9521589745223187,1.1079180167254745,1.342908962017943
-12.182496511224793,3.0437730720822804,1.0604677743878417,1.2865275139172325
-12.137374391408857,3.132922384293417,1.0107779072933392,1.2365079402974615
-12.087661938200204,3.2196039480536744,0.9601375605332974,1.1887631424073462
-12.033929275788633,3.303856353519322,0.9060150747329039,1.1463008231671223
-11.976617621168815,3.38572034788215,0.8485540273335362,1.1053068488301236
-11.916238171131631,3.4653557758762874,0.7920322554334218,1.0706035743035884
-11.852518955192744,3.5423371893798308,0.7408649477478015,1.041954202264103
-11.785979708260799,3.616893980415149,0.6968365399532221,1.0138224510957363
-11.716266378016106,3.688484083666188,0.6608431792082191,0.9914141785607969
-11.643830621952654,3.7573267327532585,0.6347911091989663,0.9706270503217092
-11.56846931336996,3.8229453030519944,0.6194942740550009,0.9571996422968614
-11.490742456657918,3.8857642637429515,0.616470846548235,0.9447135126816842
-11.41059551360859,3.9454456708491934,0.6135806172468039,0.9400491454699378
-11.327741307784851,4.001318390083806,0.6194379993018028,0.9402024163680298
-11.242972678431865,4.054233109506384,0.6376241167820399,0.9448970803224537
-11.156192367858164,4.1037937840140595,0.6667512326291809,0.9514403074129073
-11.067590491810284,4.150020146589447,0.705523730343605,0.964880991931109
-10.97763648160842,4.1935571548598745,0.7492742155929064,0.9772883212470692
-10.886448838722892,4.234445618139882,0.7904324032243647,0.9974151099045984
-10.793954472017703,4.272288176677263,0.8285531635750591,1.0152706965199372
-10.700388061039705,4.307391306516049,0.8639225252731062,1.0420132249797922
-10.605884503597343,4.339893808765636,0.8966675024616073,1.0650049137285582
-10.510514009902103,4.3697610342736475,0.9263126566973686,1.0972501273547275
-10.414732129053348,4.398280990738859,0.954607514338344,1.1241367152426462
-10.318210944529532,4.424189497254667,0.9803520968013887,1.160210515842949
-10.221133335119003,4.447923262468537,1.003962809250791,1.191898233901935
-10.123553603790693,4.469500975678208,1.0254483104902379,1.2256246561707151
-10.025565352420735,4.489142302593035,1.0450194936374024,1.2531378284418304
-9.92726178787246,4.507144914888726,1.070420081623689,1.2893763619216718
-9.828708722731799,4.523727216090865,1.1029751731301705,1.3334193956679945
-9.729957435941765,4.5390878868948175,1.1422515309792354,1.373933419282602
-9.63108144750624,4.553625513604904,1.159975020755078,1.4191760928065353
-9.532265095625435,4.568564890698713,1.1748584440877277,1.4607969496019149
-9.43337018681531,4.5829776136922185,1.1892209774115252,1.5044426376588542
-9.33443274378773,4.597095567584312,1.203292574848989,1.5470163122082263
-9.235508056712584,4.611302079332177,1.21745412767854,1.5338574243847944
-9.136655879703632,4.626002988796457,1.2321092304823833,1.5191312067405571
-9.037840670551308,4.6409447011056715,1.247005841196232,1.5041636589570895
-8.938753202159905,4.653949786039519,1.2599773106129923,1.4911395278187767
-8.83956393280598,4.666164403551696,1.2721630201852465,1.4789084192663646
-8.74015951944739,4.6764700368675145,1.282447943223014,1.4685912867471307
-8.64067497290409,4.685985515386349,1.291945930592984,1.4443363319491318
-8.541031224488941,4.69363885869318,1.2995875286535539,1.4218435470177209
-8.441330949390272,4.700537337743648,1.3064763760521652,1.4013824796022238
-8.34152407034911,4.705642439582451,1.3181865826895693,1.3896227706481765
-8.241683054061161,4.710060868603413,1.3366133543901053,1.3852110798223047
-8.141782458561291,4.7127784783248705,1.3605084977445479,1.3824975389645557
-8.041899607824247,4.716072724286617,1.3721392574241726,1.379208234173018
-7.941975925216548,4.717715653101105,1.3737818582534904,1.377568145374224
-7.842041323337973,4.718623647763427,1.374689538931936,1.364751093947117
-7.742106903048066,4.717830875172408,1.373897268701772,1.3453875924444083
-7.642177203585766,4.716476614114216,1.372543924879268,1.333813075522763
-7.542280297972777,4.713612294893436,1.369682266092411,1.3311804443015367
-7.442393466153816,4.710383650166902,1.3664567841457904,1.334410351076243
-7.342557501855176,4.705860905750567,1.3619394430966494,1.3389350529866404
-7.242727540471299,4.701192132990248,1.3572763788687348,1.3436058702342817
-7.142952799534708,4.69546928149868,1.3515615655195632,1.3493315828966324
-7.043223031443549,4.689009348219696,1.3451115772237163,1.3557950706541055
-6.943500380945329,4.682435984677758,1.338548576933121,1.3557096891014981
-6.843811300685172,4.675378957245186,1.3319827069937769,1.3436292230710696
-6.744109804039221,4.668488136238707,1.3330652377225085,1.3387529149525628
-6.644424107334758,4.6613879596429895,1.3414038109488438,1.3372976206452771
-6.544704810553651,4.654756629143273,1.3575319301806767,1.3398412387551928
-6.444981456623272,4.648213442471282,1.3538335785909927,1.3463853633635487
-6.345207256779011,4.642465185494188,1.3480891226255154,1.3521344047935617
-6.245412686335051,4.637128394315777,1.3427557528427854,1.35747192729222
-6.145561018377945,4.632936450851726,1.3385660524614469,1.3616643943637148
-6.045698871730762,4.629002305879431,1.3346339370750702,1.3461147757698142
-5.945825636766371,4.6253608344565675,1.3309942598942563,1.3321619365389459
-5.84594100929984,4.622046951677023,1.327681919779503,1.325289838892393
-5.746045027637398,4.619095610052179,1.3247318595850126,1.325573777033035
-5.646138109752367,4.616541794374216,1.322179061951334,1.3281265584269526
-5.546221090528602,4.614420513784357,1.3200585422504847,1.3302469486838342
-5.446295258988748,4.612766790769677,1.3184053383903167,1.3318999102850018
-5.346445467902716,4.608741052412506,1.3163108053052786,1.3359239420936124
-5.246705374231455,4.602454537326341,1.3145066749786982,1.3422075009354746
-5.147055701604303,4.594856147201991,1.3165540223569445,1.3291485130680187
-5.047469249053526,4.586463871026153,1.3253614790717576,1.3211295618571586
-4.9479139567727755,4.577707447455552,1.333128180237303,1.3210115642744347
-4.848357876971151,4.568960039873196,1.3243823628927596,1.3273147630002828
-4.748775839138221,4.560513457489582,1.3159373847247176,1.3344764018143835
-4.649137442500342,4.552763658547195,1.3081890346446854,1.342215432786102
-4.549422037409578,4.546084649508689,1.301511169524021,1.3488860184031146
-4.449698219697598,4.539529585311921,1.2949572551537984,1.3554330282446792
-4.349900870130824,4.53423128472464,1.2896597496605788,1.3607254480382482
-4.250024598554817,4.530746367811497,1.28617520604581,1.364206858539482
-4.150096885357902,4.529461792946542,1.284890705667775,1.3654897194544817
-4.0501723286683715,4.530867358157091,1.286296324664896,1.370036221541862
-3.95034487065492,4.535449037855667,1.2908785299218568,1.378666580945389
-3.850758874880821,4.543735021161159,1.2991663176069665,1.3907679110845874
-3.7516255634610602,4.556308583343774,1.3117443897006236,1.40564486171006
-3.6532430278796046,4.573803522100885,1.3322792943981823,1.4225302614026498
-3.5560217365084528,4.596895019073063,1.3652478097376417,1.4405925485226645
-3.460336208939693,4.625667350150635,1.4098199309914643,1.4595632486356622
-3.366621926003652,4.660326962622033,1.465058056733811,1.4790286250080114
-3.2757338339547597,4.701820216988733,1.5072725100590054,1.4977373317146603
-3.1884015491080877,4.750330965812796,1.5559234399888373,1.5151530398709563
-3.104912401377373,4.80522147380549,1.611134384962714,1.531629888700637
-3.0267218948131296,4.867379715237443,1.6732217755411958,1.54557701492508
-2.9561704768525083,4.938063441813688,1.6623158277399095,1.5545156387045633
-2.8936249061145576,5.015933124609014,1.619215851801639,1.559105868076208
-2.840150384934689,5.100293285299998,1.5773115627585623,1.5542714217931446
-2.7952897098497482,5.189550687800303,1.5481499293681655,1.5446587531189262
-2.7591579995624778,5.282682975687086,1.5344239383324323,1.5319339035756272
-2.732005725298264,5.378822695262904,1.5316684750357004,1.5162160614598292
-2.7132155135784455,5.476939593112575,1.5306077200275496,1.4984237821199924
-2.7024263226177636,5.576258324744989,1.5425720852340865,1.4791114243395929
-2.699268140156532,5.676115510625916,1.557908810138036,1.45878267193562
-2.7034552652010437,5.775937530004433,1.5831844721875479,1.4378168704027754
-2.7147010308782082,5.8752163881441,1.6071848351177433,1.4165635000016303
-2.732601816651339,5.973516152319968,1.6432272189457928,1.3954667272053005
-2.757094246887414,6.070383623290511,1.690400067639141,1.3709707533449147
-2.7876402034562515,6.165518916281817,1.7329990921068836,1.3404334864680694
-2.82385902891589,6.258642846242978,1.7540882865356517,1.3071915033349373
-2.865456480961255,6.349491691282795,1.6710255359083355,1.275254331482249
-2.9121848894378117,6.437810857949189,1.593463785262999,1.2449506539421902
-2.9638408936239657,6.523341215905507,1.5224744188637225,1.2107934581961846
-3.020735379566857,6.6054721832545304,1.4490526127894359,1.1765433579052418
-3.0824049496345602,6.68408929705246,1.3799827733671386,1.1442450476861303
-3.14855698493524,6.758972764564347,1.3179243847654172,1.1142814670975993
-3.219610904573986,6.82920596867869,1.2621475243408018,1.0860564275577074
-3.295195884930943,6.894549081918361,1.2112969057851501,1.0599249990634159
-3.374845952238203,6.9548802379691015,1.1656200773143608,1.0363774383072453
-3.4573667968907844,7.0112277725311145,1.131614977007297,1.0172221517047835
-3.542969113775327,7.062769408690724,1.0900163384085277,1.0019646591074383
-3.631302577778213,7.109482576695284,1.0585942205375751,0.9909964397418204
-3.7221497706572872,7.151075824557304,1.0396787215971568,0.984339321818567
-3.8151285640875536,7.187694850711049,1.014767589438791,0.982393982955413
-3.909500588947444,7.220567779803873,0.9892637266832279,0.9808892478477533
-4.0051153705462506,7.249592228690892,0.9774282382448646,0.9818357402289902
-4.101881614742795,7.274552689306831,0.9706386135317362,0.9887078534040479
-4.1993534954612235,7.296600341066054,0.957087787091492,1.0025789530605567
-4.29739162697026,7.315979647672689,0.9565965049946298,1.0220136850679447
-4.395881134789013,7.332922445347444,0.9689393582677547,1.0236179533635583
-4.494711025011434,7.347762911931496,0.9722498509358624,1.0216423553237028
-4.593897326697553,7.3599539565505925,0.9809577689935526,1.0222463759273464
-4.693347772605425,7.369821490286118,0.9770980545341329,1.0254078411659204
-4.792926479837209,7.378296761313006,0.9806211362076896,1.0338892471603514
-4.89259991762416,7.385576033768133,0.995406229349593,1.0411731351126667
-4.992398047033797,7.39083244626529,1.0075536921809662,1.0464321860351895
-5.0922390970910225,7.395268563531525,1.0167090309846958,1.0508702801678402
-5.192093783525052,7.39938792447962,1.0357818762452073,1.0549914188771203
-5.291950379354975,7.403461326936292,1.0466976893772566,1.0523991319597614
-5.391796547613297,7.407780750255279,1.0574045681704196,1.0326822916182272
-5.491653974454849,7.411809373484035,1.0775973845576756,1.0221073227511268
-5.591479686991016,7.416556021995028,1.0856365079179315,1.021967022005373
-5.691212388396438,7.422951120689493,1.0956231161442587,1.028362153322517
-5.790790989112682,7.431405087769561,1.1125040596722082,1.0368163027283404
-5.890243658776068,7.441259008827891,1.1132017893129673,1.0466706991847285
-5.989698258108629,7.45109350197427,1.1211279949900304,1.0565059261258196
-6.089061800305346,7.461785027854781,1.1348213532368268,1.0610748237688166
-6.188362302154067,7.47306975631293,1.1338753451595105,1.050040623287033
-6.287670326715589,7.484288005880765,1.141776942722478,1.0483923368353936
-6.386890909099162,7.496234890349569,1.1515968616358834,1.0549767918272177
-6.486060380662878,7.508611895043697,1.151027987368047,1.064134366293455
-6.585385740867085,7.519675662383056,1.1567136334885313,1.0751877097591582
-6.684707974153634,7.53076748841607,1.1649014118503906,1.0862696845032414
-6.7840408685544595,7.54176332398502,1.1586514750060875,1.0972564082836547
-6.883397869434755,7.552538934085994,1.1612236358015473,1.108023766241132
-6.982696662348876,7.563819306472049,1.1718383269290693,1.1192957396287702
-7.081951631553326,7.575493523409292,1.1755767179114058,1.113604283775927
-7.181376179849023,7.585627309229836,1.180163834601701,1.1039664706534094
-7.280725304851491,7.5964515159007515,1.192448801385057,1.1040275107546536
-7.379998962211273,7.607970011797308,1.2022739018730677,1.1137896214060077
-7.479280688195043,7.619418703633174,1.2070322182774575,1.1252154641826329
-7.578583267195575,7.630684971042615,1.2154708457854992,1.1364603664289399
-7.677918924493386,7.64165557121047,1.213663874427969,1.1474113277891622
-7.777366564686789,7.651526389970718,1.2211665772989826,1.1572662194397905
-7.876840949878148,7.661133649342338,1.2361022004072282,1.144668332986856
-7.976254346924963,7.671376216037683,1.236423882662604,1.137095594250587
-8.075686748684834,7.68143246331203,1.244981091407318,1.1380937402203866
-8.17507285629542,7.69191478867999,1.256657435669198,1.1482497319238905
-8.27439516793861,7.703005823786126,1.257477101566349,1.1593057068730972
-8.373741875253284,7.713876000457631,1.266429400015232,1.1701429585740675
-8.47324914546375,7.723156766201385,1.2769934596164978,1.1793988781519495
-8.572776839127021,7.732221508700338,1.281150621500941,1.188440255060935
-8.672328134290575,7.741022973473522,1.2933029093976962,1.1972199112631945
-8.771912060688269,7.7494467494350205,1.3025379359486446,1.193718004756459
-8.871207806016857,7.760733860408431,1.3057110184025182,1.1888051722408937
-8.970414523921715,7.772806984676402,1.315701947902823,1.186244868510012
-9.069433038443265,7.786338630924452,1.3176399487116763,1.1923793413158295
-9.168096767146205,7.802244038440873,1.3173954800035046,1.2083196234759261
-9.266637531604301,7.818906419932572,1.3239496493845928,1.2250211317265247
-9.365162748900676,7.835660913900055,1.3203962041407298,1.2418158688226295
-9.46393928942518,7.850852144627841,1.315089580551759,1.2570400841753493
-9.562846911194427,7.865174157827737,1.31795880399785,1.271391325423698
-9.661847615489915,7.878836573842853,1.3189155184284587,1.2850802992347146
-9.760968284482992,7.891550871550577,1.3168766989436358,1.29781761132646
-9.860393132654712,7.901662806003414,1.325014053581418,1.3079433099164193
-9.96000165888575,7.909754342278562,1.3425595149690464,1.3160432741006953
-10.059698173061548,7.916699789827806,1.360475917115318,1.3231186616485013
-10.159538191486043,7.920878826212163,1.3745562559801978,1.3349116185542063
-10.259472075322495,7.9212879629121975,1.3800212001864776,1.3503095886391436
-10.359370780915041,7.91865382282742,1.3956497586062226,1.3698773182740436
-10.459122212901534,7.912647087149022,1.421410362183129,1.393100973187817
-10.558661923438308,7.903845100989035,1.448613274147484,1.4203201158913965
-10.657760255702335,7.890954487455923,1.4749566644861642,1.4500580173707418
-10.756295921981259,7.874360655680168,1.5109501088418742,1.482452691929611
-10.853990307928605,7.853332703420669,1.5502787950178534,1.5139802085788794
-10.951139537872896,7.829894855865576,1.5868363158455587,1.540037274259805
-11.047520669457104,7.80349211205261,1.631435222010766,1.5691389858555032
-11.142870113587701,7.773589792186223,1.6803250953228643,1.600542510884813
-11.236766491598319,7.739378802559687,1.7265607336856426,1.622473784729936
-11.329483550701182,7.702086648962683,1.779993035139785,1.6427089895376505
-11.420902892048305,7.6617192964309115,1.839969162043093,1.6565796028500437
-11.510816521026719,7.618119820436293,1.8533375483364285,1.6688149802410162
-11.599508612975132,7.572063446013823,1.812021822760857,1.675854919274923
-11.687088916056267,7.523930032228383,1.7775999447085218,1.6836988098186438
-11.773545323976727,7.47379969378039,1.7504342410835396,1.687030759994145
-11.858822763296468,7.421694363102994,1.7269479516477237,1.690991731917447
-11.942434157134057,7.36696312836787,1.6925935450504335,1.6875082193577686
-12.024408706116406,7.309806459152467,1.6623093062746626,1.6806351623312423
-12.104781036621857,7.250416551731904,1.640262729291936,1.6749635181653049
-12.183878630280152,7.189332564586663,1.6261806394562193,1.6639311579264617
-12.261903383517309,7.126887355748647,1.6151555882225035,1.6571245813019386
-12.338954731761639,7.063240887223758,1.5913099937481334,1.645446139250097
-12.41508588268788,6.998499400548585,1.570152102512657,1.6363274809755421
-12.489939735465425,6.9322828787538215,1.5570800980249329,1.6218918883709097
-12.564357420490808,6.865575252123706,1.5510095537171837,1.6107986519903075
-12.638223112151012,6.798258748157887,1.5302522103895717,1.5943414133076206
-12.711424655686892,6.730218648540872,1.513830769302254,1.5819738557098333
-12.784552345887041,6.662099737238563,1.5039931674531015,1.5639789660140557
-12.857951698859555,6.594272989263624,1.5000568476803662,1.5514354824913883
-12.931273970756745,6.526362910668956,1.4962337949742561,1.5342387141076004
-13.004572017552373,6.458426682185817,1.4745652943734107,1.5210646286767022
-13.077894800002246,6.39051715608679,1.4584546089414514,1.5044071759253883
-13.151286115730521,6.322681714042394,1.4489723285604839,1.4908657610123153
-13.224821463987634,6.255002463174356,1.4442045251385174,1.475081613867073
-13.298539045439917,6.187521811202315,1.4213116550334037,1.461487503649576
-13.372534147379215,6.120345635070939,1.4047614837737663,1.4469749950061066
-13.447330075926896,6.054064661366403,1.3939928821084888,1.4338458062924018
-13.522496142923169,5.9882013502344,1.387417963022396,1.4152800821162848
-13.598056967138772,5.922792542230631,1.3783850382175349,1.4026594767948122
-13.674368871931106,5.858261393709107,1.3517665704465265,1.3864793989265198
-13.751647303956387,5.7948916401538675,1.3306426887795293,1.3741832560344165
-13.829366082095017,5.73206070963787,1.3160927252715748,1.3634081487075138
-13.90740474585117,5.669629457738697,1.2843609895624681,1.3515561373924438
-13.985791149080022,5.607633441929007,1.2411142254510434,1.341640363966199
-14.064196446257128,5.545661317710367,1.2045963908222348,1.3306813788520673
-14.14233545822522,5.483355537200934,1.175877835432401,1.3196336020606432
-14.220143390108634,5.420635042015118,1.1556425119378009,1.3085640712902151
-14.297931983852843,5.357890567340576,1.1438429481105663,1.3007557664353742
-14.375667374490051,5.29508018886244,1.1407948361089162,1.2903683239604593
-14.452989477148215,5.231763401770497,1.147133730823252,1.2830323806355843
-14.529528911788022,5.167501936300997,1.1632673660071948,1.2715543404709355
-14.605439470828365,5.102498864634938,1.1778855587576806,1.2613414885679683
-14.68110330860506,5.037208049803072,1.1961874175033265,1.2492896956575223
-14.75688864672386,4.972060204138843,1.2222322191718462,1.2453554597409577
-14.83200516610442,4.906140342632027,1.2566600239128014,1.2484098660698624
-14.907393170147229,4.840531195877351,1.2975179317560155,1.2553229222873745
-14.982595994975048,4.774709768082856,1.3429571694220543,1.266407899831338
-15.057623502504104,4.708688522920559,1.381836275375936,1.284932820542726
-15.132981114137142,4.643045369705443,1.4111155753206892,1.3113152718320453
-15.208548281586271,4.57764249179166,1.4453805791016727,1.344922595654298
-15.284213148055782,4.512352695025926,1.485455430515208,1.385075859181218
-15.36003931221206,4.4472503186077885,1.5303209710550851,1.430277197992334
-15.436060394236168,4.38237572520856,1.5697399159335772,1.473276695834006
-15.51260630717232,4.318123818383431,1.6044233539134496,1.5144797259983998
-15.589723427786769,4.254556113071985,1.6369009654186264,1.5617780029657822
-15.666822377175917,4.190966390816153,1.6647577297999003,1.6138620380192024
-15.744858444013143,4.1285321923587865,1.6908520918833005,1.6633536507716997
-15.823772439376125,4.067213069657994,1.721020815569989,1.7124251276620404
-15.903417326940213,4.006842840185869,1.7552549319607162,1.7637313483447148
-15.98312587963348,3.9465566220775643,1.79113355883499,1.8142063721768276
-16.06329023364403,3.886878235163316,1.8246751030032407,1.8667721157503516
-16.144615733702892,3.828795771321802,1.853523563989944,1.9182125608541725
-16.226709105021147,3.7718007087564933,1.879407189736621,1.9722249600138582
-16.309595563814757,3.7159651590603966,1.9045529464080984,2.0292196944391465
-16.39321304806985,3.661231433198884,1.9282419078478732,2.0838204356255696
-16.47790604715139,3.608182970237801,1.954845782738841,2.141884149654338
-16.563198978440536,3.556098634278633,1.9835236584751397,2.20120108810503
-16.64939290940861,3.505521052727663,1.9971752640516782,2.2642596051139394
-16.73624301864392,3.4560756087252607,2.0112894354030804,2.323109834682348
-16.823845450050065,3.4079766815706334,2.0287212375548553,2.304924445159714
-16.912845757651215,3.3625202662725053,2.0479709217208364,2.2376247580243813
-17.00318901043334,3.319803762517847,2.0651404323130573,2.1752282547898045
-17.09465559491014,3.279554592671868,2.073869094772113,2.1179446162814166
-17.187621619991578,3.242899434395406,2.0755495800016917,2.067269586707477
-17.282044400822603,3.2101673196983045,2.0778558100545914,2.019639882284635
-17.377654449156907,3.1811099937521656,2.073764619340182,1.9664235700064938
-17.474739071640325,3.1574124940069512,2.0673612102837686,1.9185393974508025
-17.572351026351747,3.1359910405599423,2.0627187771683477,1.8768993241776002
-17.67093159384958,3.1196253137509937,2.0430633839737244,1.8446229744452451
-17.769926296008055,3.105955148496101,2.0185831511594476,1.8142375193574174
-17.869371400284855,3.096098547873207,1.9950374584507795,1.783324294263036
-17.96903347902115,3.0887207496992843,1.963900675510612,1.759984235997284
-18.06887487454795,3.084330679619583,1.9309647641940697,1.739980758185168
-18.16879452838942,3.0826667068382423,1.9000903137421175,1.7172488290584085
-18.26872986161236,3.083066043595717,1.8720417633032986,1.6965136470525135
-18.368606637524813,3.086483011045539,1.842558367556311,1.6792090029525562
-18.46835490703714,3.092613090556463,1.7981224475350899,1.6668780119931177
-18.567919086382055,3.10123040368345,1.7531008188660928,1.649726576818608
-18.667317897254225,3.111607860341353,1.7111027299954928,1.6402646344964231
-18.76679010226107,3.1212578098735113,1.674711695960558,1.6361298369347046
-18.866333675275897,3.1301428145703833,1.6397682626687469,1.6248978652954713
-18.965939374769313,3.138301786044998,1.6040197039849602,1.6141106956093387
-19.065607245910588,3.145662185264243,1.5591725713006412,1.6073047296295857
-19.16530915082146,3.152538666208208,1.5200353602271073,1.593448702921852
-19.264986880605708,3.1597637509318544,1.4828454607813597,1.5710506026634352
-19.36472031720322,3.1661740251752617,1.4440606494707013,1.5539567234314104
-19.464455305997525,3.172543035335854,1.4113396338934139,1.5431176006970617
-19.564047152603052,3.180854494906847,1.383180259798572,1.5292766045886224
-19.663420705772985,3.1914599977453015,1.3595274427070738,1.522954272718506
-19.762583096498552,3.2038990196666726,1.3410858496572,1.5070169242313651
-19.86139315419366,3.2188088388745046,1.326208684140948,1.5000867790606782
-19.95965772710274,3.237023837129639,1.308043864632869,1.5031439882994755
-20.057427262259928,3.257711822101833,1.2874250137009655,1.5069020892773688
-20.154415594508954,3.2817893705126733,1.2641975149308549,1.5103810939165085
-20.250426669332366,3.3095132931588207,1.2448193882476448,1.5241661297089153
-20.345310119517805,3.340879219904483,1.229464039675505,1.5371269306894602
-20.438843652289076,3.3760666733685216,1.2180664367923495,1.5459472922665882
-20.530984010139537,3.4147550116251346,1.211042249643412,1.5601009716922916
-20.62125913827202,3.457612002610047,1.2076785614811647,1.5367307538006236
-20.709364608419385,3.504764100726771,1.2077677128493411,1.5163079890958338
-20.795041819434207,3.556198627199482,1.2069099937633236,1.5071741596853176
-20.878609527041846,3.610984980212163,1.2069427329186062,1.5085949770964415
-20.958631250202057,3.6708079296704668,1.2090860231958098,1.5227067033493
-21.03492605333165,3.7353312070481297,1.213481198285602,1.548261800397985
-21.1079616413206,3.8035293405380113,1.221169578153387,1.5678823341711718
-21.17704488197549,3.875720696937234,1.2313711243972993,1.5840225285199574
-21.241756272651607,3.951858350147962,1.2437251743775204,1.6035115922249923
-21.302828557366983,4.0309532670560575,1.2593066235385961,1.6333757454119116
-21.360049121837292,4.112875216600139,1.2778764780529543,1.6584086145544408
-21.413626718738033,4.197233023928477,1.2996501054777276,1.6913300234891682
-21.463056249255153,4.284082724492297,1.3239885553415172,1.7337809691379154
-21.50819196928692,4.3732411961971565,1.350664277038905,1.7674045782637648
-21.549195619630236,4.464373121352656,1.379759874705578,1.8077930686243213
-21.58576336096682,4.557370322807522,1.4108467045594293,1.8568861598639976
-21.618707883912506,4.6517132348175485,1.441169544491617,1.9131384549204682
-21.647477015395776,4.747408311467497,1.470046952371839,1.9683486312780263
-21.67245927723224,4.844166885054349,1.4951138718092554,1.9225660225394627
-21.69349358552941,4.9418608096764665,1.5162970597744814,1.8789764492837608
-21.70995866492389,5.040428034338623,1.5392082838970056,1.8441502292042442
-21.722211174675735,5.139603193348637,1.5641022211908153,1.8182841277466584
-21.73003433718936,5.239222874925196,1.5906548325483962,1.8020044046856911
-21.733396122446283,5.339092158247612,1.6187175512215115,1.7758839751116824
-21.73206156421653,5.439008696079781,1.6479423985546564,1.7432987199023742
-21.725925111938594,5.538745830279254,1.6781033906024478,1.7206054349402642
-21.714710041110454,5.638039787900495,1.7088070505086403,1.7085432454623795
-21.69828123807151,5.736605985927562,1.7397905193598393,1.7075353028482465
-21.676358078987494,5.83409254265219,1.7706377170412344,1.7179358044456419
-21.64838930237029,5.930013620413045,1.8006503677367434,1.73390569886011
-21.614233736655567,6.023909276498439,1.829504792885068,1.7465264239189895
-21.573205868491534,6.115014399568439,1.8562691936939355,1.7719141414015025
-21.523838005258842,6.201854586761421,1.8789968627658071,1.8005512627617148
-21.466395584755716,6.283586647031917,1.8974592448828187,1.8341520377244793
-21.401424467574856,6.359459059701182,1.9116242475677314,1.8810076638809945
-21.32992050217501,6.429226534318691,1.9220566761630669,1.9336994236553804
-21.252704936237684,6.4926064200579825,1.9283308944622557,1.9905979902990114
-21.17051940966999,6.549410553957235,1.9275140760506457,1.9483558040619449
-21.084210957718998,6.599748544536346,1.9238831407203076,1.8812528859527802
-20.994339386112202,6.643389052649798,1.913316272840851,1.8232754402518405
-20.901846646216462,6.681208416753075,1.9015557053609253,1.774583062106957
-20.807414891091785,6.713891530453902,1.8895206595357679,1.7353414133987095
-20.711542162216993,6.742078191365696,1.8780079502609315,1.6903428993661243
-20.614564049301176,6.766187257205461,1.8675490871268154,1.638800566717737
-20.516543970935686,6.785601565249888,1.8575979930634416,1.5962293494535977
-20.41783801014716,6.8012184879531175,1.8478317118832703,1.5625525600310772
-20.318706936866064,6.813868672706255,1.8291114273343583,1.5375684196927009
-20.219256778118815,6.823660798671361,1.8006255305652594,1.5187401572308095
-20.11952440350395,6.8300647705828155,1.7739939966438962,1.49393215248348
-20.019698001999064,6.834796510251719,1.7509348884619267,1.4666604129327179
-19.91981425845341,6.838117168553159,1.721697282848736,1.4390699033103518
-19.819878812880262,6.839012311808233,1.6954822110242473,1.4203938305832002
-19.719939646018272,6.839276997899155,1.662639848602253,1.4092060430687758
-19.620000107289158,6.83915817008096,1.627694037707449,1.3908326218179388
-19.520063911277354,6.838559167201708,1.5846287519286142,1.3743380750340481
-19.420132874846082,6.837263262668151,1.5461779347354834,1.356889333505589
-19.320195375113542,6.836685803577362,1.5140469583344096,1.334172004401336
-19.220257820872714,6.83716965724539,1.4827863854139267,1.317604105955101
-19.1203254725058,6.838324228957493,1.452608064086502,1.3022027365254862
-19.02042619222629,6.841061306614401,1.4303490265727237,1.2768499782531744
-18.920635763316376,6.8464422696129015,1.4021772020500496,1.2563274765590338
-18.82104409385811,6.854736377613661,1.3739997397925134,1.2406171054284556
-18.72136869317312,6.861971158850207,1.3442191629116205,1.2186051570760061
-18.621570319601798,6.867260703970581,1.3194352444615325,1.1970526507120336
-18.521706463130077,6.871137759887119,1.2989021558599445,1.1635188963758596
-18.42180734177092,6.873975922491982,1.2722777037796658,1.1388178294821667
-18.32193742526571,6.877702178392144,1.2389322109139653,1.1216207372865663
-18.22202653418701,6.8800620867861415,1.2052917611185798,1.110178323828384
-18.122152603958583,6.883640173244397,1.1803759307675237,1.085236401710486
-18.022309187060344,6.888016655569022,1.1529382697828279,1.0682975655400482
-17.922506854286524,6.893241950294105,1.1303542385953653,1.035058647209264
-17.82277282992538,6.899631739149512,1.1064858889091695,1.0081042688265074
-17.723140336664134,6.907441929461141,1.0790996515361526,0.9891328744961746
-17.623762975972575,6.9179472357410665,1.0541157723976642,0.9602622451340236
-17.524602561304835,6.930399470697818,1.0320563309530035,0.9277266047445923
-17.425818097438405,6.945478163731805,1.0220088711817352,0.9025064179350524
-17.32762999238331,6.964076707556842,1.011267771116447,0.8817326135770174
-17.23011243414816,6.985916091016928,1.0004977835273299,0.8600609384356197
-17.133497188205702,7.011449844451562,0.9847613708286191,0.8345076547025252
-17.037923151386806,7.040634179397602,0.982819370741124,0.8051231912422754
-16.943598170360076,7.07361713014245,0.974398086032463,0.7718929139039618
-16.850433330089647,7.109777703981075,0.9719427382483011,0.7463728301885115
-16.75869772191207,7.149387345456868,0.9834195103735768,0.7299690828213089
-16.669713737392716,7.194824803985473,1.0045078855592733,0.7206083236360916
-16.58384967483945,7.245919023506966,1.0296546166823692,0.718587836917114
-16.50078392887623,7.30145813697734,1.0488302479070897,0.7251771962439568
-16.421269064460162,7.361962047049355,1.0770727342913746,0.7392954461677654
-16.345673894961557,7.427298194292821,1.1192076931715105,0.7603589475528357
-16.273719047896908,7.496629075933943,1.1616302238688772,0.7797115615242749
-16.206373682428243,7.57043798769802,1.1696668648378967,0.8021699906376201
-16.144874049518787,7.649178355041918,1.1818572780462084,0.8289011257256852
-16.088508045390213,7.7316807625660475,1.1849201745937754,0.8605578385855213
-16.03857027271332,7.8182211608173855,1.1992521748963672,0.8953711956337397
-15.99559034736603,7.908416321385473,1.2279845490797758,0.932554710175588
-15.95979370815679,8.00168037866535,1.2648945438994719,0.9684565592675162
-15.932736814075678,8.097837212794849,1.3136730326199533,0.9955886665630516
-15.914536936987387,8.196067302047057,1.3530011901411045,1.016333092052915
-15.906199811223779,8.295611558844621,1.4068435085256186,1.0367420337517201
-15.907735276823114,8.395485671581259,1.4730558960143,1.054631773928265
-15.919405901966472,8.494689894206209,1.5496326672472467,1.0649843192669997
-15.941421506843874,8.592126969028023,1.6345626520103556,1.0741722913825844
-15.972914243104633,8.686914959129846,1.606003958716202,1.0827730062461012
-16.013734749175917,8.778086450531456,1.5189947835990507,1.090556671311044
-16.06335779003255,8.864784113153776,1.4363153744912913,1.097593190586393
-16.120659313228785,8.94661239495251,1.3618513599839017,1.1046069725610124
-16.184957095280765,9.023075908628932,1.2974640469202028,1.1118165375394178
-16.256306266115875,9.092996386709805,1.2459645593802056,1.118362951692365
-16.332861231270748,9.157182767736556,1.1941785913683123,1.1260629411842589
-16.41465496889976,9.214514835729986,1.1492007464239855,1.1339686273992424
-16.501360191437488,9.264153899094186,1.1201158515779615,1.1415241870002797
-16.590960301895624,9.308395544183556,1.091352826475204,1.151656705926187
-16.683157459117496,9.3469002643534,1.066269898792021,1.148391093482979
-16.777142921343888,9.3808449881819,1.0550091040866623,1.1486478945654552
-16.872444543503672,9.4109119234769,1.0393426624131694,1.1534945111632204
-16.96895321511699,9.43681856862672,1.0283861396568785,1.162630060731588
-17.066217214778327,9.4597730497091,1.0301237404110573,1.174344780881299
-17.16400877450743,9.480368014564975,1.021393605434082,1.182151880206868
-17.262332691477166,9.498221400408582,1.020185417303487,1.17624503026237
-17.361033833940635,9.51390062958088,1.0309139759642305,1.166741785632419
-17.459929782616072,9.528301887944703,1.025566633562481,1.1584120715476063
-17.559035108807038,9.5411594740289,1.030981925960382,1.157117561353455
-17.658332400706826,9.55246990363913,1.0436739142504123,1.1628808161795736
-17.757778431595533,9.562351965797557,1.044017365852992,1.154914284320254
-17.85742773405603,9.569940830176042,1.0537642337403432,1.1379436081234737
-17.957198231874145,9.575740482021379,1.0681008534011562,1.1149472097377404
-18.057026234606468,9.580455428573178,1.0786776546794914,1.0994988681422144
-18.15687407559957,9.584737785681648,1.095295868626747,1.0925738946964307
-18.256714067249625,9.589194974507771,1.109652300783607,1.089119117501543
-18.35650704298529,9.594589268516568,1.1174856124710453,1.0752367399929452
-18.45620295385989,9.601531594928842,1.1325860979988092,1.0679110884001781
-18.55572540216906,9.610612923398977,1.13999866697643,1.0673476851033208
-18.654980398635697,9.622264549307618,1.1360960728599623,1.0537885480338047
-18.754119512974345,9.634888207510363,1.138358498169236,1.0468116746572542
-18.853162067618474,9.648246658464181,1.1468894228833577,1.0343063743903713
-18.951861667472897,9.663926825042497,1.1385890614918663,1.0337236566244756
-19.050318424167468,9.681070746050374,1.1375476761590162,1.0430701194473064
-19.148492748644784,9.699761909814175,1.1436968323804415,1.0481130092890487
-19.24615779808576,9.72093064134339,1.1335351480696492,1.0457352633669383
-19.343259246593995,9.744568078630353,1.1272822206940216,1.0408090583267267
-19.439748411831225,9.770593287601647,1.1274078331589543,1.0443835049237087
-19.53529049089703,9.79987552977665,1.1249988778712987,1.0607595458344488
-19.62962248682482,9.83286558443183,1.1190604916804199,1.0898234603555088
-19.72290331108693,9.868718625143886,1.1189821746608324,1.1065943524378676
-19.814539568278775,9.908554968646369,1.1235097390148971,1.1264144216489578
-19.90398215175919,9.953116311206628,1.1316873523492208,1.1434416147923245
-19.991184653396427,10.001914070152266,1.1438265751136412,1.1733404487534365
-20.075607113988855,10.055369864165444,1.1591547522097942,1.2156574333455838
-20.1565979778221,10.113897356001731,1.176821823565736,1.2682992527332277
-20.23374221283047,10.177399868272877,1.1964972948762151,1.314038201311801
-20.307010031172812,10.245351063093219,1.2183862603307827,1.3704373909562104
-20.376741503255484,10.316913031979688,1.2363466418010556,1.4203294549032457
-20.441257894480323,10.393189256044955,1.2545707947578042,1.4796698308553473
-20.500036948857986,10.47398542036439,1.273303729080248,1.548557247664606
-20.55341437841226,10.558442097676316,1.2931808116457895,1.624937441395073
-20.601103127741652,10.646240169157545,1.313998571801854,1.7075477629825913
-20.643306682751923,10.73680903401274,1.3360631774964709,1.7873956993362958
-20.680326404224772,10.82961712903116,1.35971203431284,1.7887267047776068
-20.711918428038643,10.924406725501512,1.3846635262891485,1.7336567101005433
-20.73771605777294,11.020937886011431,1.4105084594496042,1.685024602084554
-20.75785629503382,11.11880606486185,1.430566964123063,1.6463985344035688
-20.77200040422538,11.217717680203078,1.4446703649686077,1.6145952515379485
-20.780056340811644,11.317312646777735,1.4592802776602316,1.5874241305244043
-20.78184920524717,11.41721656363731,1.4743797386609232,1.5570296833531845
-20.777169685693014,11.517027136923188,1.4896964822598322,1.5369810453134816
-20.76587746445183,11.616305358500625,1.498966380406076,1.5188744628356239
-20.747856927451895,11.714585292167856,1.5078755920952467,1.512488816920634
-20.723118211051858,11.811390907691433,1.5165030708634093,1.5076802043301984
-20.691361939324246,11.906117844170387,1.524373531863968,1.5167746475520827
-20.652149033126552,11.998001169035216,1.5307971963017952,1.5326212017883476
-20.605733678816144,12.08646787793429,1.5357605108393948,1.5580128654276781
-20.55180620491051,12.17055382614691,1.5385214763486257,1.5973257938491665
-20.49033425114899,12.249309163336111,1.5385300579190029,1.6409301708522335
-20.421881387424992,12.32204851193421,1.5358079829804436,1.6889955296884518
-20.346637602124428,12.387766782938387,1.529809725687758,1.742336753493115
-20.266261927287445,12.447105300910552,1.5221360334797565,1.8060496175789682
-20.18086563126189,12.498970076876752,1.5119988708245475,1.802743465191988
-20.0920599850445,12.544767933184849,1.5014710875737665,1.7308457315751546
-20.00045589813615,12.584667481245894,1.4910271831503852,1.6668143630390424
-19.906297721085313,12.618114173443356,1.4803026313834162,1.6116087197089013
-19.810373649508758,12.646053698127437,1.4704993484792837,1.5565364441861003
-19.71272561841522,12.667239468052887,1.4577832015546952,1.507424058927904
-19.6140078595987,12.682776385888092,1.4425168793271086,1.468304256786953
-19.514663761450297,12.693583421756173,1.4293101439805227,1.433714851923877
-19.414984278696892,12.700593103049371,1.4192074676719224,1.3978009132715925
-19.31508448161357,12.702987015620286,1.411480902605024,1.371370830141108
-19.215166518802516,12.701359248955564,1.4067861074599752,1.3558101358017112
-19.11534495610149,12.696568754213068,1.4019951148704237,1.3506627650921306
-19.015635250220345,12.68986932888311,1.395294706130717,1.3545373958925448
-18.91614729316285,12.680412451995286,1.3858359415497157,1.3405273736119376
-18.81682795634333,12.66929494209576,1.3787255295736234,1.335546653455666
-18.717695780101177,12.656624637977076,1.377277720361717,1.3395929927477281
-18.61879551469787,12.642258815073657,1.3813636839634333,1.3527294591163124
-18.520054758793687,12.626828884553708,1.3876903455214922,1.3681255140857211
-18.421365719560917,12.611073964066575,1.3843302400436108,1.3838472243328441
-18.32284124868355,12.594317486265979,1.3871630679645575,1.4005688272559333
-18.22438242788545,12.577180059768054,1.3896047304419896,1.4176723740153963
-18.125748295448002,12.561079141634934,1.3838527972120866,1.4278983995758887
-18.027106296897607,12.545026683005709,1.3816348090613955,1.422535138188829
-17.92821583916914,12.530621274073898,1.3871859250687757,1.4159714206618437
-17.829023354382272,12.518432264723346,1.3826441905093534,1.4075285003758784
-17.72984968497153,12.506084211266016,1.385156262655999,1.4063156457918258
-17.630685241741293,12.493671594085074,1.3947780565229264,1.4076441763684733
-17.53152858334381,12.481187917886249,1.3974917165686018,1.399891754945857
-17.43268186832979,12.466455078780085,1.3987641349183653,1.395378715906864
-17.333786046142137,12.452051627883977,1.4074818825813398,1.397681225219413
-17.235030178093616,12.436717586763065,1.4063511062385554,1.3906807449674954
-17.136410471572198,12.4205303176047,1.4073283135663228,1.3887803667087788
-17.03771385986911,12.404819993516236,1.4144951878025502,1.3897977911781247
-16.93913275723173,12.388399339707377,1.4092939142714485,1.3855352155121234
-16.8405805762217,12.371811634344201,1.410999598285062,1.3851999762145224
-16.742004226566035,12.35536243198594,1.4164206256614107,1.3882785500919708
-16.643536812379104,12.338272525648463,1.4117007871519935,1.382406016736685
-16.545074914118636,12.321158181214942,1.4140211386979848,1.3827836705299155
-16.446538672475416,12.304469521652253,1.417085406900941,1.3773176467499753
-16.34815650759053,12.286912291784647,1.413043756288658,1.379971788539899
-16.249844448866494,12.268954206181304,1.4156550702047836,1.3822739206196015
-16.151591109165157,12.250673682610069,1.414996528791604,1.3661941864422407
-16.053423047341873,12.231940063308016,1.4109046372138412,1.357762094527661
-15.955128856541267,12.213886922638524,1.4145731094003275,1.3559676097677311
-15.856832805156207,12.195836706754948,1.412035859970104,1.3615231747464378
-15.758525352348688,12.177856055912956,1.4098564076132862,1.3719960280149865
-15.660239359942185,12.159767756474928,1.4146414323043033,1.384992397028151
-15.562099595964549,12.14088623848681,1.4091436222921332,1.3871705579181817
-15.463961519078026,12.122001344002246,1.4071947143398846,1.3786494540977563
-15.365629928324802,12.10414555860289,1.409000917173809,1.3719746491943887
-15.267315865515783,12.086193407267665,1.3993622071982468,1.3726613067674163
-15.168962707526688,12.06846243086849,1.392763473163074,1.3803779124488276
-15.070514974944007,12.051273581342482,1.3938698614306824,1.3871538528393028
-14.972161407601048,12.033542418016582,1.3942689474509427,1.3878489160741605
-14.873590452904681,12.017062007024592,1.3900256898303036,1.388330833416667
-14.775271363642805,11.99913743057183,1.3914947468816268,1.3911905705781256
-14.676833824831052,11.981889453315821,1.4007953628688583,1.3864190415873512
-14.57828800488104,11.965256468081815,1.4008928707163626,1.3818720745545865
-14.479997702697451,11.94717481777449,1.4035030432306856,1.3788084090192105
-14.3817154817577,11.929049189572643,1.3929843865690432,1.3830234969035122
-14.28348018265924,11.910671058880215,1.3891495481096066,1.3911081541539383
-14.185271051120074,11.89215347403751,1.392353795355702,1.390308290584854
-14.08695070236245,11.874250177585676,1.3900377258299002,1.3848432998746323
-13.988584573717768,11.856600067488937,1.3881072304218784,1.3765434593067911
-13.890380367197771,11.838056376053213,1.3924557270901918,1.3763814105130552
-13.792070506698947,11.820095543676004,1.3879322152887976,1.3828684049258606
-13.693824226024466,11.801783764000588,1.3864986132680774,1.3935076954502699
-13.595625239382477,11.783212451411233,1.3919932717594092,1.392162361517156
-13.497327495139997,11.76518495891263,1.3852476733479218,1.3805025983331665
-13.399055667228996,11.747012569241015,1.385127663319864,1.3751197550341379
-13.300837773085238,11.728541524146285,1.3890017874913712,1.377291269381321
-13.202411570559782,11.711225961545285,1.383719160203658,1.3855156307928933
-13.104115871341147,11.693184349560216,1.3849063099356076,1.3892552078381903
-13.005879259354492,11.674813138680085,1.3867311496507546,1.390927923263065
-12.907495333865208,11.657263615506682,1.382377904039213,1.3800636895843594
-12.809247503641165,11.638952467370627,1.384467543333079,1.3771623883438606
-12.710992910887507,11.620677696899275,1.3842358834476696,1.3814668496913076
-12.6125833710215,11.603272649610071,1.379297979977829,1.3872605584786601
-12.514300020627942,11.585153110874375,1.3758398288719875,1.3852359604118436
-12.416003856447334,11.567103312718581,1.3740958903583207,1.3887108389858434
-12.317680805968665,11.549200459616104,1.3645308078554428,1.3805235686664619
-12.219365236853406,11.531256559212578,1.3622082589400533,1.3795882725651758
-12.121015222444827,11.513507009062648,1.3674032736639978,1.3856816054126018
-12.022558690661937,11.496368737160342,1.3637442154087323,1.3804893649575196
-11.924214858217217,11.478580392429496,1.3627718792854469,1.3805531005812044
-11.825847880226489,11.460920577375001,1.3692435072852964,1.3877025432132233
-11.72747334194276,11.44330286208048,1.366150454280127,1.3792117310570904
-11.629104596531723,11.425652806334933,1.366562662683822,1.3668331667334688
-11.53070670590769,11.408166092053973,1.3683252062138174,1.3615303508300447
-11.432292838649541,11.390769397291033,1.3628189301833904,1.3576459415454534
-11.333878573876811,11.373374955671505,1.3646314910641768,1.3531349108867348
-11.235547291788869,11.355529779972583,1.3671305561703573,1.3564517700732435
-11.137118802377255,11.338220059046387,1.3629011926168464,1.3641965166332604
-11.038666016735952,11.321045004622437,1.3661266680007753,1.363275332306554
-10.940278137073927,11.30351366043452,1.3667570072119095,1.3538892322723626
-10.841811336277537,11.286425704861266,1.3639443328436112,1.3441936748389025
-10.743303799353992,11.269567538833487,1.368676666536447,1.3333026875471026
-10.644905747604561,11.25209561939981,1.3671836508836162,1.3249559533538677
-10.546387674506594,11.23529907849402,1.3658589807780952,1.3234349486796357
-10.44785795138832,11.218571105500224,1.3719023943868434,1.3293771727626513
-10.349430447742298,11.201265891072417,1.368401836707632,1.343329006772634
-10.250877823036575,11.18467327758799,1.3684744661530255,1.3599181058520506
-10.152309689040253,11.168173186921308,1.375919178323198,1.3552607691886476
-10.053836077305032,11.151132215492431,1.3705210165951223,1.3554151832099774
-9.955233127388865,11.134841332192924,1.3720858382106433,1.362160920577705
-9.856801932859028,11.117554709097323,1.3766863386872765,1.3754847731616546
-9.75838398712438,11.10019110871902,1.3660473415606111,1.3699650615964287
-9.65981237720423,11.083721527232695,1.3615094455795245,1.3708174857482434
-9.561448698481279,11.066043261774793,1.363072572323858,1.3727993241760983
-9.463043816734201,11.04860401533718,1.3600407726385995,1.3685232933484295
-9.364458645112121,11.032213584665218,1.3566604883506768,1.3704731978349056
-9.266089726499743,11.014564495043771,1.3593582674919278,1.3702664102533215
-9.167573620462704,10.99777071646634,1.3702230147389736,1.3665062645489197
-9.068989745326252,10.981370078017784,1.3708107870714914,1.3696472609178216
-8.970630253146863,10.963668525651924,1.3704866497495092,1.3673297839822232
-8.872130616424872,10.946779221580345,1.3616926077947207,1.3648400496473148
-8.773537171589659,10.930433625601923,1.3607555454113263,1.369107483533163
-8.675175501598728,10.912744175966925,1.3657854255319728,1.3646086943781004
-8.576681223958941,10.895824185006829,1.3627698097951437,1.3633278408692517
-8.478067541021808,10.879598403919154,1.3631491783656222,1.3686214927581954
-8.37969197609165,10.861986391095236,1.3694353544283977,1.3619066608528239
-8.281191925411225,10.845100321649712,1.3642771905938726,1.3617728521163843
-8.182676096984775,10.828306459674014,1.3652723545793093,1.365480912111492
-8.08430022479322,10.810696163925382,1.3706176947814246,1.3599336490363578
-7.985701404121381,10.794383907958096,1.3659873845158539,1.3604027708987776
-7.8871916267620055,10.777553948686014,1.3681339529222898,1.361980199532807
-7.788829767034708,10.75986555503574,1.3712142786847856,1.3576845772365929
-7.690251485054109,10.743432062757913,1.3676532095212213,1.3594642020381125
-7.591736558893687,10.726631358922,1.3710134690052824,1.358836979304103
-7.493377130015491,10.708929454593369,1.3718995584042464,1.3557333436511771
-7.394808656721189,10.69243950417042,1.3694714397282406,1.3587600098703583
-7.296277528258979,10.675732925565823,1.3741065231643323,1.3558563543213258
-7.197908925316238,10.658082075648867,1.372869762380122,1.3538837623592328
-7.099339336406603,10.641600885449153,1.371014712385256,1.3580935637911746
-7.000918129386314,10.624256534809446,1.369256530403289,1.3536496296376521
-6.902554956515483,10.606575453328082,1.3641327398591114,1.3528955809801912
-6.803999122320263,10.590014058112896,1.3567646615801896,1.358376837674422
-6.705565037399679,10.572744295549574,1.3560194960408911,1.3516692826632692
-6.607149281461417,10.555368090608876,1.3625159589358344,1.351796641486937
-6.50854609740512,10.539078625647768,1.37569191663278,1.355469123391845
-6.410114111064617,10.521797841522629,1.3796762770140125,1.3493058492732315
-6.311719848981284,10.504298833651013,1.3693457219400202,1.3507511037608864
-6.213122392285385,10.487974734947917,1.364724009878999,1.352275151240287
-6.1146810483137495,10.470747998074271,1.3664958873463362,1.3472386722841658
-6.016296845560214,10.453190698299803,1.3643800050263462,1.3499388725804105
-5.917694362292221,10.436896988210119,1.3608762018812028,1.3492419849620227
-5.819232398194849,10.419788904369128,1.3638773445418713,1.345271716334349
-5.720846618332909,10.402238282462939,1.3650324614100995,1.3491632408985454
-5.622243566928518,10.385951688441256,1.3627320661075062,1.3462631432285659
-5.52387888002741,10.368279035401013,1.3663478628803074,1.344056778389799
-5.425506535030457,10.35065065884441,1.365237204660147,1.3492248980620674
-5.326890306603724,10.334441114583251,1.3642083241900564,1.3440465023980124
-5.228520750771305,10.31679557829691,1.3690351639647451,1.3430087153167183
-5.130034703490491,10.29982729233271,1.3664116131572872,1.3487081647715338
-5.03142840107542,10.283556709425024,1.3665132161922615,1.341386139881227
-4.933060212886552,10.265905531715939,1.3725103617692807,1.3415529231699932
-4.834591483233928,10.2488371072179,1.3676121971700483,1.3464936593368766
-4.735987157047311,10.232554555413511,1.3688907964734627,1.3390368689919447
-4.6376057254988075,10.214979713435842,1.3746874229115884,1.3403284468754069
-4.53903364139174,10.198508161378971,1.369678420865921,1.3424685336162174
-4.440442848163796,10.182143873556138,1.3720591645559022,1.3362800086318027
-4.3420597986611345,10.164580027986371,1.3756859025686146,1.3387664134987736
-4.243502556285748,10.148022086096294,1.3670381101135334,1.3387888887840929
-4.144998780521168,10.13115590508553,1.3630325753658812,1.3343025580155397
-4.046590208120693,10.11374099361537,1.365788856018052,1.3378460793562919
-3.94803393411876,10.097170110856283,1.359810084930815,1.3356680493107862
-3.8495535676358754,10.08016636270913,1.35670670109398,1.3325210695578953
-3.751187118962601,10.062514302483967,1.3602983714803205,1.3342928062693598
-3.6526551236006646,10.045799647393968,1.372125406164333,1.3316584712717439
-3.554184052564504,10.028740514604205,1.372584211642679,1.3313777389071135
-3.45584575497762,10.010931253228277,1.3683450388627179,1.337739047677958
-3.35732439521708,9.994154009877986,1.360548289884025,1.3313299020405847
-3.2588484966758546,9.977120935081617,1.3598104670423687,1.3305311285145034
-3.1604064352391665,9.959895893041175,1.366207373815565,1.3234137291455785
-3.0619051145245852,9.94300138577055,1.361571708243224,1.323488480460232
-2.9635718527596513,9.925168031253136,1.3612165790467914,1.3304101289206411
-2.8651758759315293,9.907682837586092,1.3672454360473278,1.3340461054782866
-2.7667040568561863,9.890617213369593,1.3615402922625446,1.3282940826739666
-2.668360169613135,9.872843252540768,1.3624389536610044,1.3307662227041834
-2.569910777303029,9.855648819088445,1.3665728572695965,1.3318846780531464
-2.4714779246373824,9.838359856619494,1.3618325394575694,1.327564751225245
-2.3731678036888524,9.8203999281102,1.3637346585574295,1.3314375590840144
-2.2747446140421013,9.803056099822136,1.3655283012351183,1.3302941987757024
-2.1763340324358382,9.785640814992538,1.361850304901859,1.3275001235499284
-2.077914563197673,9.768275831396378,1.3655474951014213,1.3319803194053645
-1.9795248713329292,9.750742944612865,1.3649607567219355,1.328988669078858
-1.8811422685091057,9.733170293923392,1.3623154725195836,1.3273783976713294
-1.7827437649434692,9.715686898368793,1.3670815255063276,1.3245323480366606
-1.6843666948025302,9.698083331207524,1.364235780648806,1.323821602896846
-1.5859916184569847,9.680468605807329,1.362740114625712,1.327687369442658
-1.4876276929396708,9.662791834360089,1.362218887644864,1.334187288882218
-1.3892934887180552,9.64495036307536,1.3545185770068051,1.3277704321727215
-1.2909561922283723,9.627125952252339,1.3467439873069098,1.3233167929934018
-1.192621202635008,9.609288871666923,1.3463503881314087,1.3178237786540177
-1.094309761854487,9.591322379093363,1.3532262309651355,1.3200281027635128
-0.9959132660908312,9.573841271121417,1.3629284260881291,1.3292723951881253
-0.8975646437183475,9.556089438386117,1.366808890441416,1.3322577207093456
-0.7992796009883949,9.53797908273813,1.3559946218341379,1.3260369493505189
-0.7009149563900546,9.520318925164855,1.3509032866929684,1.3153483803315065
-0.6025630592979853,9.5025867036303,1.3531205655101128,1.3122788448308675
-0.5042808490087602,9.484460982274816,1.3466144336652284,1.3172070669266545
-0.4059250876514542,9.466750317709822,1.342524714576807,1.3292335066037004
-0.30754674502140733,9.449166444794505,1.3459924212830534,1.3285178591018454
-0.20924374853910693,9.431153805450334,1.3450135322115784,1.329932197591626
-0.11080349901283978,9.413922961129234,1.3426178650964535,1.3352365980975436
-0.012504487369163306,9.395888613203713,1.3468366179834093,1.3309768446529244
0.08579200940675911,9.377840555232774,1.343601610699557,1.330823323193954
0.1842343462809999,9.360621845593107,1.342427041968567,1.32326650539126
0.2825442768450118,9.342647091838561,1.34791344122043,1.323966948174846
0.38087918797943293,9.32481466968313,1.3426771484252533,1.3316175296996473
0.47929635512645274,9.307452603611107,1.34256744322345,1.336005419784642
0.577589984329594,9.289388908104376,1.3485156674513679,1.3307944301921808
0.6759028722074666,9.271432869455058,1.3415878461275352,1.3220031649644282
0.7743331486405511,9.254145007207143,1.342764433935295,1.3169865467713002
0.8726340417349604,9.236120878261708,1.3465358007085153,1.3202874533187376
0.9710687327674042,9.21885793812512,1.3415144412739424,1.3303394361852587
1.0693650115354911,9.200809287154128,1.3431300383231306,1.3329484057449579
1.1676465609830242,9.18267997994358,1.3445747768301155,1.32605863070532
1.2660567784514278,9.165278483248187,1.3371925064970827,1.316108737962815
1.3643635432973336,9.147289991368561,1.332902742386825,1.3143036017781036
1.4626496864883447,9.12918561270394,1.3354539818688387,1.3202010515477982
1.561169634605964,9.112405500048428,1.3259197771147866,1.3285472844054902
1.6594856865184227,9.0944701326622,1.3227093915509893,1.3277059835579272
1.757776488124289,9.076391082089577,1.326893655181466,1.3227129084755724
1.8562055615712427,9.05909655401181,1.339333707039396,1.3150812243191874
1.9544934454613831,9.041001637490824,1.3388478978315448,1.3158340507997337
2.052862642095164,9.02336722068487,1.3319552636056127,1.3236863476716836
2.1513306452512406,9.006292672984957,1.3245667655156075,1.3213972040394681
2.2496157452844696,8.988182628570824,1.3236469986206911,1.3232699066255063
2.3479773759647333,8.970505373953076,1.3293770214092433,1.3197389044307832
2.4463323099190784,8.952790373942968,1.3225392478430227,1.3149701072193056
2.5446144857969086,8.934664465864614,1.3228185611367473,1.3182013591222055
2.642967149773119,8.916936201650412,1.327060272290761,1.3196204153134325
2.7413484295869504,8.899369056780506,1.3215914123367478,1.3159186391412785
2.8396940137136366,8.88159887107853,1.323461001245312,1.3200012758103286
2.938380095936997,8.865831070138382,1.3274329110215943,1.3295828008480206
3.0372294346644098,8.851126878650085,1.326094196930954,1.3268480285200117
3.136348333295494,8.838356268018691,1.3342126799322398,1.3164223179071195
3.2356366252779845,8.82697273947599,1.3403813774441038,1.3013128356023638
3.3349100462540733,8.81545651606488,1.3434844591289317,1.293902322920498
3.4342852281342213,8.804852596913367,1.3548854115758369,1.2932723844358582
3.533648819573695,8.794155422534246,1.3596292019129963,1.2900832714648007
3.632938527257132,8.782776165237228,1.3640576442472923,1.2835579718055259
3.7322030082347117,8.771179421209668,1.3755345820035267,1.274196226639083
3.8313795095290666,8.758874797263383,1.376602872196808,1.2621515598945714
3.930317983761062,8.744767159006086,1.379451764609334,1.259774059574986
4.029128221694666,8.729788762620178,1.3838593138749635,1.264362341909902
4.127614926662988,8.712843946836955,1.3754245654925217,1.2581537008110935
4.22566500013381,8.693510584767493,1.3670441890931948,1.2622888555408374
4.323310920825593,8.672234132247521,1.363959214051481,1.2644500758731867
4.4203378458493,8.648326750850163,1.3654890576004381,1.2666810471965546
4.51641564591441,8.620833407175285,1.3706145782613972,1.2804172996458578
4.611619583721449,8.590449982570085,1.3799736918556198,1.2929686889142926
4.705645765545625,8.556635908802983,1.3833631992006865,1.3066855154906123
4.797822338799564,8.518046163847771,1.3850611832191448,1.3327315058617333
4.888100062633302,8.47520447076078,1.3893064602204916,1.3569926539084713
4.975325740324015,8.42646078401074,1.3940860594041935,1.387332090271298
5.059334796484816,8.372361379387918,1.3997689078031563,1.4297043777995693
5.139610586145866,8.312878864722343,1.406018570643573,1.4726909776668944
5.2153395472364865,8.247705121480458,1.412070490567088,1.5209102818315374
5.285583062016635,8.176668155120483,1.417151703278056,1.5805023309818957
5.349101523432067,8.09955506369057,1.420207537295278,1.648077303873314
5.4067312972548125,8.017926708256896,1.4228696445505218,1.7142748224478632
5.459382218782724,7.933003893302762,1.4265742268997996,1.7877050939939532
5.507174678236633,7.845250826495143,1.43164669260305,1.8617743895387566
5.549840730229928,7.754900945967474,1.4379325869182622,1.7966553265484762
5.586256744468785,7.6618521007339675,1.4443397694707791,1.7404305826173052
5.616315243296867,7.566552251275072,1.4465833570286297,1.6887638347105824
5.640884981634791,7.4696924366104565,1.447931386146101,1.6375664407224195
5.659994512165597,7.371604958291759,1.4505777292286772,1.5960935901845505
5.674307858066071,7.272706849270678,1.455237278784781,1.5645535937189643
5.683893984935461,7.173240225622649,1.4619820113542819,1.5435295055823783
5.6890962198446395,7.073449447639286,1.4671833461763717,1.5139112788064912
5.6899688625929254,6.973525648577315,1.468055895426943,1.483823368701464
5.686561394329595,6.873652297467726,1.4685967523134478,1.464173905188339
5.678762512780517,6.774024783886477,1.4715369079378788,1.4493217904313505
5.666631695955997,6.67483487124699,1.476900190821104,1.4390105867533114
5.650363468353774,6.576241350914071,1.4848225934800332,1.4397768998445433
5.629670792946941,6.478480827678994,1.4949305841369336,1.445460973472056
5.604508366678748,6.381773881484093,1.507070972566936,1.4366724481635527
5.574538785785116,6.286441581132793,1.520769110338589,1.439802014070001
5.539889705431364,6.1927122586305385,1.5351511366644852,1.4547124661902038
5.499919034551943,6.1011255249768475,1.5450974413071166,1.4817670374422736
5.45442920931058,6.0121539763463705,1.5553640311163819,1.5205678481947393
5.402900780490438,5.926547654167546,1.5651065426100765,1.5581512571176777
5.345026258669103,5.845103711978594,1.5736160550608504,1.601129854388257
5.281451264280262,5.768027897279106,1.5812694934900486,1.6526749917398798
5.211048551377336,5.697145055394722,1.5860090851880062,1.7104413872007886
5.134573985103568,5.632874120582883,1.5880607892078609,1.7667710769588856
5.05130141656486,5.577749615521705,1.5849944175695474,1.831593338022006
4.9621051450079845,5.532805856925153,1.576435469374925,1.9074737583163461
4.868608385445654,5.497635685605209,1.563511921195744,1.991584886364885
4.772268948321304,5.471187966241653,1.547757929809956,2.0813953213050724
4.674289042688833,5.451666745262479,1.5312594888090654,2.174788433473546
4.575108775007765,5.439578163363133,1.5136699958874462,2.1821150072911424
4.475355361998417,5.433760913821752,1.4962724344622902,2.1201545037621283
4.375426532277628,5.433404385095506,1.4799720541399408,2.061254241327208
4.275587642635129,5.437729851501309,1.4656321322740704,2.0025703387247678
4.175986704479105,5.445898835081432,1.4518832577052676,1.950539522345607
4.076583404167714,5.456193468293667,1.4383990139036225,1.899812226312747
3.9775242873994854,5.469410027485626,1.4251808054463027,1.8513717645784564
3.8788521570406305,5.4852633032998686,1.4093260653782809,1.8047273436439986
3.780550960174113,5.503273755109995,1.3913153820782027,1.7551200259680633
3.6825957949931785,5.523081655399182,1.374957071461175,1.7115807064139397
3.5849504560654153,5.544367066677288,1.3642278046232663,1.6742968333681678
3.487422260881882,5.566180585175385,1.3602321533280697,1.6376427336994674
3.39028830221422,5.589693484881,1.3593972844934405,1.6011851626514244
3.2936548307044022,5.615178106701711,1.3454568830389297,1.5568922806999408
3.197566566592687,5.642648231023395,1.3367937479934813,1.51943169186659
3.101764540030232,5.671106534842834,1.328907840825369,1.4887389316101696
3.0060872989610083,5.699981640294197,1.312443255156803,1.4591951958291989
2.9103188168263565,5.72855167979489,1.3037728073392276,1.4287261875998742
2.8140983086836884,5.7555557061703535,1.2954244177425176,1.403129719281237
2.71723851847306,5.78015940212615,1.284359220364765,1.3818422822146226
2.6196612769011294,5.801723623214414,1.2841402140972185,1.364445532703679
2.521325954006025,5.819487866816691,1.281791459521373,1.350358180082351
2.422402656865637,5.8336799208283034,1.2749351387996806,1.3399586032376773
2.3232375981531517,5.846094785954663,1.2776842888635451,1.3293942361560582
2.223800015364379,5.856063550838053,1.2906350582899289,1.322631963162852
2.1241172445230685,5.863213670407485,1.307545378102425,1.320575383073541
2.024275047919908,5.867452828726303,1.326941518187368,1.3231620383261602
1.924352583487908,5.868931118356874,1.3379509027428094,1.3246386245290067
1.8244671546616686,5.86604975006416,1.3530657810848907,1.3217557492092602
1.7247574385839668,5.859416930914324,1.3768060753632165,1.3210082660264695
1.6255655998546377,5.847334243825857,1.4008785121134313,1.3223445000784024
1.5270518014765404,5.8306030022274715,1.4279499569202534,1.3265284285462322
1.4296185094137575,5.808411867868374,1.46649312211425,1.3326608356768677
1.3337573513266348,5.78025333376347,1.5160273058739928,1.3400922762444327
1.2397473828600207,5.7463951226622,1.5620253325678133,1.3489515477147205
1.1487394431825173,5.705176867850487,1.6171840093549221,1.3572361070312275
1.0609474790212827,5.657506164767762,1.6613578944990544,1.3627644934253018
0.9772541806195328,5.602956546517994,1.5891410308598228,1.3636254319524206
0.8987432502716772,5.541161520432269,1.5269045007589515,1.3628976586909716
0.8252622904711749,5.473502574893382,1.46400140551586,1.3617667248738332
0.758579401819016,5.3991143417291045,1.4091522451711427,1.3583955997773725
0.6993486272066641,5.318682531844317,1.3681289151672251,1.3527703449939108
0.6475230326441738,5.233275980048523,1.341922772803694,1.3455874512544734
0.6040613133697428,5.143322696486687,1.3198995349880631,1.3362828231362256
0.5686042695209569,5.0499268373518165,1.3043963687373206,1.3257025838677952
0.5412279367581847,4.953847334150244,1.291385642357434,1.3140952871662375
0.5216215620155161,4.855886038807082,1.294019049096942,1.3020382874146248
0.509365849190422,4.756731371237258,1.2968310349552017,1.2901433245337575
0.5040317969002096,4.656959232728658,1.30733328514825,1.2789793894665835
0.5054096997271372,4.557051735113303,1.3318093703256146,1.268856946799127
0.5130948300759056,4.457428964900494,1.360874622879938,1.2602471324865137
0.527203996397533,4.358523892800865,1.3912214646637662,1.2452884788090581
0.5486094017762743,4.260928761858492,1.4346223424091087,1.2238223408998257
0.5758090459557567,4.164784915216562,1.4824240137914797,1.196528174749749
0.6083683069879975,4.0703270537494705,1.5352313899664907,1.1703130723804973
0.6462405638879163,3.9778499570882424,1.5866289863209277,1.1466007470767878
0.68837064342794,3.8872287817147426,1.6415593342491546,1.1266464770403644
0.734658307580906,3.798669149226992,1.5952604507232215,1.1107031452375107
0.7841932464444653,3.7118800757644848,1.554074632738528,1.0999177797441482
0.8366247044137526,3.6268056678764435,1.5104146343331948,1.094791286943929
0.8922156596101259,3.543761513878843,1.4755816027391913,1.095020339976069
0.951319910926442,3.4631854049750674,1.439543104855142,1.1000652938711264
1.013626737346163,3.3850553162798485,1.412723893033669,1.1101125402626006
1.077624766255956,3.308296025949803,1.394724567844116,1.1182669663683291
1.1423408833186746,3.232140142171151,1.37235276980801,1.1263394388818868
1.2077060672360727,3.156542221720824,1.3430204244119917,1.141147200621425
1.2741232571018708,3.0818656047693445,1.3154817036494693,1.1630271851851732
1.3414825291009438,3.0080410930325545,1.2890416020278492,1.1883230691751465
1.4096575120724646,2.934965364153796,1.2710313432813716,1.2084468017446859
1.478287281772204,2.862316413707964,1.2603121506463768,1.2221405459849015
1.5471569356310748,2.7898947492356854,1.2362783285229881,1.2339923616744188
1.616112933268804,2.7175552372077063,1.217675760311512,1.2536076788786492
1.6852731233262592,2.6454118214185773,1.1944837321841493,1.2653657327066974
1.7542429306950456,2.5730883362296515,1.1754611649438436,1.2778917922164188
1.8221257286877355,2.4997417675207294,1.1510366226117135,1.2994611009014336
1.8891537654321644,2.4256132452706334,1.1337677829964763,1.3236383216911274
1.9550391864998014,2.3504680926271133,1.1147810575262542,1.3482522526622458
2.0203717631166493,2.2748402389232965,1.0952673587823876,1.3628407117362418
2.084833454885417,2.1984713167518213,1.0752835696913954,1.3826294848799696
2.1483265945178847,2.1212934399825847,1.0630877343220768,1.4104462463928076
2.208809641772948,2.041740732195071,1.0563790336063212,1.4405359534202526
2.2665026225276006,1.960146199308868,1.0556474412855166,1.469070649266227
2.3210559436079405,1.8764225270008734,1.0605709355522235,1.4987220794109684
2.3726319822353505,1.7908236772269064,1.06866905662651,1.5278604841559926
2.4204729830989744,1.70308922561054,1.0758067526611699,1.5668025007319843
2.464764805782727,1.6135142200405082,1.088152842743038,1.6145065566954446
2.505118442103482,1.5221005696357672,1.105172761631774,1.609455630644798
2.5410311636791088,1.4288546171910785,1.1261802376134094,1.5489414878353482
2.5711325115401364,1.3335818573813787,1.149611385707313,1.4945015457650417
2.595177225370631,1.2366033534117002,1.1737291415647453,1.4464176382641896
2.612703117089025,1.1382465776084891,1.1912938033069138,1.4025007070526416
2.6223548587159855,1.0387924914037638,1.2021283083502268,1.3720501764669129
2.625492735351021,0.9389227246021292,1.2146714037200532,1.352415946697971
2.6217249951498065,0.8390796429744622,1.2284445674079856,1.3353663095273032
2.610648134159884,0.7397859939586295,1.2429246054498937,1.3240256747872967
2.5918634446018736,0.6416665049119908,1.2561896784025697,1.3158179143035298
2.5652537760184733,0.5453721475158844,1.2633631115878985,1.3150944805706173
2.5304821142325293,0.4517160065894599,1.2698418449754494,1.3244800894661424
2.487686557694504,0.36143875852397206,1.2754616021563974,1.340120065403735
2.4374432135188284,0.27509072914249755,1.2804754151785276,1.3670491078541969
2.3795320706575347,0.19369880000777245,1.2841457719407445,1.4027047714789007
2.3141898417759847,0.11814833359060542,1.2861309164089392,1.4469323484039156
2.242123856454589,0.048957817539465834,1.286619267138934,1.5042116851825076
2.164618830343903,-0.014082660180634251,1.2866549589226517,1.5703109360974414
2.082288612853017,-0.07069165251803969,1.286408414790696,1.5852144773405281
1.9952910189447854,-0.11979350720020279,1.2850807841314966,1.522231541935982
1.9052240968570637,-0.16307815403134157,1.2849432658834767,1.4624591680916978
1.8120413041127994,-0.19911694991726245,1.2846881690522047,1.4141242124514994
1.7166897925906406,-0.22899074541853837,1.2856682698326554,1.3774501693692565
1.6195442641472757,-0.2523304346114732,1.2869550303868307,1.353792179640349
1.5213760399636618,-0.2710343922958674,1.2846597546472953,1.335039634287423
1.4223640720297865,-0.28449614152419755,1.2848262173461622,1.3022297528473779
