s_m,x_m,y_m,psi_rad,kappa_radpm,vx_mps,ax_mps2,d_right_iqp,d_left_iqp
0.000000,1.243743,0.269761,1.992709,-0.632182,2.941407,1.640648,0.726081,1.832130
0.099964,1.151373,0.231702,1.931043,-0.602420,2.996646,1.675362,0.764506,1.788375
0.199927,1.056798,0.199245,1.872199,-0.574786,3.052022,1.719044,0.796580,1.754871
0.299891,0.960589,0.172293,1.816126,-0.547778,3.107816,1.771159,0.834225,1.714974
0.399855,0.862977,0.150632,1.762619,-0.522660,3.164273,1.817339,0.876924,1.676017
0.499818,0.764430,0.134110,1.711614,-0.498315,3.221174,1.868579,0.924020,1.647254
0.599782,0.665124,0.122509,1.662949,-0.475295,3.278649,1.927449,0.975015,1.629030
0.699745,0.565431,0.115641,1.616562,-0.453200,3.336898,1.997214,1.029348,1.621535
0.799709,0.465479,0.113296,1.572306,-0.432165,3.396202,2.065857,1.075315,1.605068
0.899673,0.365564,0.115269,1.530142,-0.411737,3.456473,2.138489,1.120992,1.588879
0.999636,0.265773,0.121354,1.489961,-0.392147,3.517776,2.206503,1.169980,1.582969
1.099600,0.166334,0.131343,1.451722,-0.373154,3.579929,2.264788,1.221928,1.587272
1.199564,0.067302,0.145038,1.415337,-0.354828,3.642620,2.326725,1.271052,1.600987
1.299527,-0.031151,0.162232,1.380765,-0.337047,3.705922,2.393458,1.309127,1.600432
1.399491,-0.128999,0.182739,1.347939,-0.319534,3.769931,2.478450,1.343848,1.603932
1.499454,-0.226116,0.206354,1.316885,-0.301912,3.835086,2.598970,1.379270,1.616787
1.599418,-0.322500,0.232895,1.287570,-0.284404,3.902242,2.728954,1.408214,1.638599
1.699382,-0.418071,0.262160,1.260036,-0.266580,3.971534,2.875778,1.440869,1.667946
1.799345,-0.512844,0.293966,1.234263,-0.249101,4.043270,3.011214,1.477137,1.680101
1.899309,-0.606781,0.328117,1.210226,-0.231892,4.117044,3.143368,1.507955,1.698616
1.999273,-0.699915,0.364441,1.187895,-0.214921,4.192672,3.286107,1.532864,1.724969
2.099236,-0.792235,0.402754,1.167251,-0.198176,4.270302,3.427405,1.550466,1.758630
2.199200,-0.883791,0.442892,1.148269,-0.181627,4.349795,3.544560,1.570832,1.798967
2.299163,-0.974592,0.484682,1.130933,-0.165249,4.430504,3.676223,1.585249,1.833704
2.399127,-1.064698,0.527970,1.115225,-0.149114,4.512687,3.833013,1.603977,1.861932
2.499091,-1.154142,0.572593,1.101115,-0.133208,4.596811,4.070409,1.615853,1.895609
2.599054,-1.242993,0.618407,1.088587,-0.117535,4.684491,4.322096,1.626623,1.931218
2.699018,-1.331293,0.665259,1.077608,-0.102154,4.775831,4.576849,1.636660,1.972318
2.798982,-1.419117,0.713014,1.068163,-0.086753,4.870687,4.824694,1.646972,2.018438
2.898945,-1.506517,0.761525,1.060265,-0.071277,4.968721,5.098180,1.655766,2.053278
2.998909,-1.593571,0.810660,1.053883,-0.056998,5.070251,5.378138,1.669804,2.087387
3.098872,-1.680342,0.860290,1.048836,-0.043995,5.175199,5.655316,1.689093,2.126174
3.198836,-1.766901,0.910304,1.045071,-0.031637,5.283307,5.928680,1.698140,2.126433
3.298800,-1.853297,0.960590,1.042492,-0.019965,5.394316,6.181309,1.704348,2.035028
3.398763,-1.939600,1.011054,1.041083,-0.008113,5.507672,6.141350,1.712263,1.944542
3.498727,-2.025855,1.061582,1.040875,0.003947,5.618031,6.079482,1.683628,1.855077
3.598691,-2.112136,1.112080,1.041874,0.016100,5.725184,6.019322,1.633013,1.766712
3.698654,-2.198492,1.162436,1.044097,0.028366,5.829336,5.848770,1.582383,1.679575
3.798618,-2.284996,1.212550,1.047546,0.040646,5.928785,-3.089674,1.532099,1.593788
3.898581,-2.371697,1.262309,1.052224,0.052959,5.876459,-4.901826,1.482280,1.506369
3.998545,-2.458666,1.311610,1.058136,0.065306,5.792475,-4.552858,1.435635,1.420175
4.098509,-2.545950,1.360340,1.065283,0.077701,5.713364,-4.174085,1.395213,1.332122
4.198472,-2.633612,1.408393,1.073672,0.090127,5.639859,-3.811111,1.361685,1.245222
4.298436,-2.721701,1.455651,1.083304,0.102591,5.571900,-3.463261,1.335697,1.159940
4.398400,-2.810270,1.502004,1.094184,0.115039,5.509416,-3.178297,1.293206,1.076593
4.498363,-2.899365,1.547335,1.106304,0.127471,5.451444,-2.899068,1.248216,0.995604
4.598327,-2.989029,1.591526,1.119678,0.140255,5.398022,-2.613947,1.203686,0.917529
4.698290,-3.079304,1.634456,1.134355,0.153397,5.349396,-2.315884,1.160497,0.843098
4.798254,-3.170222,1.675994,1.150358,0.167068,5.305943,-2.002013,1.118775,0.773290
4.898218,-3.261825,1.716009,1.167769,0.181283,5.268090,-1.676478,1.078644,0.709370
4.998181,-3.354131,1.754355,1.186603,0.195619,5.236182,-1.336398,1.040242,0.652002
5.098145,-3.447175,1.790891,1.206880,0.210083,5.210606,-0.983398,1.003702,0.592498
5.198109,-3.540957,1.825462,1.228605,0.224721,5.191706,-0.613536,0.969169,0.543057
5.298072,-3.635500,1.857920,1.251810,0.239539,5.179879,-0.319237,0.936779,0.506509
5.398036,-3.730777,1.888103,1.276407,0.251108,5.173715,-0.103398,0.906686,0.485653
5.497999,-3.826795,1.915890,1.301930,0.259522,5.171716,-0.103398,0.878999,0.482419
5.597963,-3.923480,1.941176,1.328043,0.258655,5.169717,-0.078672,0.853815,0.497074
5.697927,-4.020808,1.963963,1.353427,0.249200,5.168196,0.178079,0.833666,0.519415
5.797890,-4.118658,1.984315,1.377856,0.239579,5.171639,0.426226,0.827705,0.539797
5.897854,-4.216986,2.002322,1.401321,0.229913,5.179871,0.664386,0.836144,0.557830
5.997818,-4.315692,2.018064,1.423830,0.220583,5.192677,0.884206,0.826628,0.580237
6.097781,-4.414730,2.031626,1.445430,0.211585,5.209671,1.087834,0.813083,0.616213
6.197745,-4.514031,2.043090,1.466141,0.202881,5.230503,1.277982,0.801632,0.663613
6.297708,-4.613544,2.052537,1.485999,0.194478,5.254870,1.454196,0.792194,0.720234
6.397672,-4.713230,2.060049,1.505031,0.186334,5.282461,1.612614,0.784688,0.779842
6.497636,-4.813028,2.065702,1.523262,0.178464,5.312890,1.761119,0.779039,0.840728
6.597599,-4.912931,2.069575,1.540720,0.170803,5.345923,1.902483,0.775168,0.895027
6.697563,-5.012861,2.071740,1.557418,0.163357,5.381380,2.037351,0.773003,0.950563
6.797527,-5.112846,2.072273,1.573388,0.156090,5.419094,2.167375,0.772469,1.001479
6.897490,-5.212792,2.071246,1.588633,0.148991,5.458928,2.293477,0.773495,1.052934
6.997454,-5.312752,2.068730,1.603184,0.142049,5.500766,2.417295,0.776011,1.107162
7.097417,-5.412627,2.064796,1.617039,0.135228,5.544520,2.583345,0.779946,1.159518
7.197381,-5.512478,2.059509,1.630227,0.128545,5.590902,2.748893,0.785233,1.205711
7.297345,-5.612221,2.052942,1.642745,0.121939,5.639837,2.916300,0.796115,1.250546
7.397308,-5.711900,2.045158,1.654613,0.115453,5.691293,3.084639,0.820313,1.293935
7.497272,-5.811473,2.036224,1.665831,0.109003,5.745217,3.257091,0.856631,1.342385
7.597236,-5.910935,2.026207,1.676411,0.102651,5.801612,3.373340,0.868391,1.390579
7.697199,-6.010316,2.015166,1.686356,0.096294,5.859447,3.489493,0.879429,1.433825
7.797163,-6.109536,2.003176,1.695666,0.090012,5.918679,3.608717,0.891417,1.478468
7.897126,-6.208718,1.990283,1.704353,0.083695,5.979318,3.735093,0.904308,1.518689
7.997090,-6.307686,1.976575,1.712402,0.077419,6.041440,3.869402,0.918015,1.559926
8.097054,-6.406677,1.962082,1.719829,0.071064,6.105128,4.014807,0.932507,1.598235
8.197017,-6.505399,1.946912,1.726611,0.064718,6.170516,4.166980,0.947678,1.639186
8.296981,-6.604212,1.931072,1.732766,0.058287,6.237656,4.329947,0.963520,1.680653
8.396945,-6.702710,1.914694,1.738263,0.051820,6.306665,4.545304,0.979903,1.718425
8.496908,-6.801369,1.897763,1.743121,0.045214,6.378304,4.785540,0.996839,1.755959
8.596872,-6.899679,1.880435,1.747302,0.038534,6.452869,1.990232,1.014176,1.789550
8.696835,-6.998212,1.862676,1.750819,0.031704,6.483627,-5.644258,1.031945,1.827750
8.796799,-7.096382,1.844661,1.753638,0.024757,6.396013,-5.933241,1.049975,1.869794
8.896763,-7.194824,1.826344,1.755758,0.017566,6.302600,-6.215317,1.071907,1.906288
8.996726,-7.292911,1.807915,1.757147,0.010228,6.203237,-6.515923,1.102582,1.943474
9.096690,-7.391302,1.789326,1.757793,0.002638,6.097331,-6.818086,1.141419,1.979806
9.196654,-7.489371,1.770770,1.757670,-0.005117,5.984507,-6.604052,1.173826,2.016438
9.296617,-7.587752,1.752208,1.756762,-0.013058,5.873158,-6.401179,1.192384,2.051950
9.396581,-7.685872,1.733827,1.755054,-0.021252,5.763178,-6.091742,1.210762,2.089039
9.496544,-7.784288,1.715608,1.752491,-0.030006,5.656528,-5.778572,1.228981,2.127365
9.596508,-7.882528,1.697727,1.749048,-0.039087,5.553469,-5.513087,1.246865,2.164429
9.696472,-7.981031,1.680195,1.744651,-0.048850,5.453330,-5.312335,1.264400,2.202295
9.796435,-8.079460,1.663173,1.739274,-0.058904,5.355065,-5.117541,1.281428,2.240292
9.896399,-8.178106,1.646710,1.732860,-0.069395,5.258668,-4.901107,1.297897,2.279015
9.996363,-8.276780,1.630946,1.725392,-0.080219,5.164661,-4.688804,1.313667,2.265044
10.096326,-8.375622,1.615967,1.716812,-0.091440,5.073096,-4.486315,1.328653,2.236601
10.196290,-8.474582,1.601895,1.707099,-0.103052,4.983911,-4.303638,1.342732,2.201878
10.296253,-8.573664,1.588845,1.696204,-0.115014,4.896831,-4.126956,1.355788,2.171313
10.396217,-8.672932,1.576930,1.684092,-0.127399,4.811846,-3.950861,1.370504,2.146080
10.496181,-8.772276,1.566288,1.670733,-0.140028,4.729057,-3.752300,1.385819,2.112493
10.596144,-8.871844,1.557029,1.656080,-0.153126,4.649063,-3.565223,1.404970,2.077279
10.696108,-8.971444,1.549303,1.640122,-0.166352,4.571762,-3.383663,1.429376,2.047847
10.796072,-9.071264,1.543229,1.622802,-0.180085,4.497168,-3.283256,1.451380,2.024524
10.896035,-9.171081,1.538956,1.604123,-0.193848,4.423585,-3.187110,1.455652,2.003233
10.995999,-9.271047,1.536617,1.584026,-0.208096,4.350967,-3.104556,1.457992,1.979259
11.095962,-9.370980,1.536357,1.562520,-0.222370,4.279045,-3.001375,1.458251,1.962162
11.195926,-9.470929,1.538320,1.539557,-0.237016,4.208346,-2.891415,1.456288,1.949145
11.295890,-9.570782,1.542649,1.515137,-0.251699,4.139094,-2.788676,1.451959,1.932199
11.395853,-9.670506,1.549490,1.489230,-0.266636,4.071188,-2.694503,1.445117,1.919041
11.495817,-9.770003,1.558985,1.461830,-0.281745,4.004481,-2.581149,1.435621,1.907723
11.595781,-9.869204,1.571279,1.432901,-0.297025,3.939521,-2.476405,1.423323,1.899728
11.695744,-9.967981,1.586510,1.402455,-0.312260,3.876174,-2.377128,1.408088,1.889851
11.795708,-10.066265,1.604822,1.370462,-0.327749,3.814377,-2.281081,1.389771,1.888348
11.895671,-10.163844,1.626333,1.336921,-0.343628,3.754120,-2.227034,1.368257,1.895393
11.995635,-10.260702,1.651201,1.301771,-0.359256,3.694343,-2.183562,1.343390,1.900114
12.095599,-10.356518,1.679505,1.265096,-0.375045,3.634779,-2.138811,1.318412,1.899965
12.195562,-10.451302,1.711414,1.226753,-0.391739,3.575474,-2.131310,1.296932,1.908804
12.295526,-10.544646,1.746961,1.186877,-0.406535,3.515381,-2.119342,1.279045,1.926630
12.395490,-10.636577,1.786315,1.145509,-0.421503,3.454590,-2.045610,1.258285,1.953357
12.495453,-10.726670,1.829467,1.102386,-0.441976,3.394881,-2.025905,1.215218,1.976197
12.595417,-10.814870,1.876609,1.057185,-0.458927,3.334694,-2.017288,1.168291,2.006707
12.695380,-10.900752,1.927701,1.010942,-0.466760,3.273664,-2.102472,1.117641,2.039615
12.795344,-10.984117,1.982719,0.963625,-0.487417,3.208821,-1.989101,1.062715,2.077583
12.895308,-11.064705,2.041734,0.913266,-0.519413,3.146245,-1.988313,1.003118,2.112768
12.995271,-11.142189,2.104895,0.860156,-0.541490,3.082424,-1.967644,0.945052,2.156713
13.095235,-11.216182,2.172205,0.804703,-0.569028,3.017939,-1.638371,0.889662,2.208994
13.195199,-11.286178,2.243598,0.745281,-0.629790,2.963174,-1.162768,0.837470,2.269063
13.295162,-11.351519,2.319229,0.678540,-0.704453,2.923684,-1.006197,0.788756,2.332194
13.395126,-11.411393,2.399088,0.609823,-0.620703,2.889077,-1.780999,0.743872,2.242368
13.495089,-11.466346,2.482713,0.555500,-0.466753,2.826781,-2.375111,0.697220,2.142486
13.595053,-11.517053,2.568899,0.504378,-0.649792,2.741504,-0.029033,0.652941,2.042498
13.695017,-11.562020,2.658162,0.423711,-0.962251,2.740445,-0.029033,0.615477,1.942692
13.794980,-11.598531,2.751114,0.326903,-0.887349,2.739386,0.539643,0.583649,1.843970
13.894944,-11.626701,2.847111,0.246753,-0.719484,2.759008,1.716417,0.558990,1.747063
13.994908,-11.647691,2.944908,0.175301,-0.745072,2.820511,1.237998,0.544244,1.652829
14.094871,-11.661328,3.043827,0.097669,-0.807072,2.864052,0.525203,0.540249,1.562458
14.194835,-11.667014,3.143465,0.016219,-0.818774,2.882325,0.334924,0.540736,1.476977
14.294798,-11.664520,3.243478,-0.066286,-0.831865,2.893917,0.165183,0.538244,1.394678
14.394762,-11.653765,3.342765,-0.149471,-0.831183,2.899617,0.140852,0.527580,1.317515
14.494726,-11.634777,3.440955,-0.232562,-0.830587,2.904469,0.120264,0.509549,1.242556
14.594689,-11.607807,3.537074,-0.313883,-0.794402,2.908605,0.404530,0.502589,1.177662
14.694653,-11.573219,3.630949,-0.391571,-0.759528,2.922475,0.631820,0.507488,1.115366
14.794617,-11.531697,3.721772,-0.465303,-0.715846,2.944007,0.904662,0.524226,1.060950
14.894580,-11.483705,3.809534,-0.534826,-0.674838,2.974566,1.124101,0.552079,1.014243
14.994544,-11.429985,3.893735,-0.600348,-0.637294,3.012106,1.299040,0.584359,0.970769
15.094507,-11.370928,3.974456,-0.662333,-0.602565,3.054914,1.449062,0.616309,0.941803
15.194471,-11.307201,4.051371,-0.720928,-0.570814,3.101968,1.570577,0.656663,0.909407
15.294435,-11.239103,4.124621,-0.776518,-0.541072,3.152175,1.676773,0.704210,0.891474
15.394398,-11.167233,4.193992,-0.829201,-0.513900,3.204908,1.763866,0.757590,0.870175
15.494362,-11.091800,4.259664,-0.879304,-0.488200,3.259460,1.847706,0.815854,0.861844
15.594326,-11.013349,4.321499,-0.926886,-0.464629,3.315643,1.933137,0.877954,0.851396
15.694289,-10.932010,4.379697,-0.972227,-0.442189,3.373422,2.015741,0.935421,0.851473
15.794253,-10.848281,4.434175,-1.015359,-0.421525,3.432634,2.087982,0.989619,0.851326
15.894216,-10.762225,4.485140,-1.056525,-0.401775,3.492910,2.160027,1.040568,0.858863
15.994180,-10.674296,4.532552,-1.095740,-0.383494,3.554191,2.207721,1.088110,0.868190
16.094144,-10.584511,4.576608,-1.133214,-0.365989,3.615751,2.255277,1.132367,0.882471
16.194107,-10.493271,4.617307,-1.168956,-0.349681,3.677573,2.298710,1.173294,0.900252
16.294071,-10.400572,4.654830,-1.203142,-0.334058,3.739535,2.344305,1.211040,0.920756
16.394035,-10.306753,4.689206,-1.235781,-0.319403,3.801685,2.413104,1.245614,0.945897
16.493998,-10.211810,4.720593,-1.267015,-0.305367,3.864616,2.487632,1.276791,0.961162
16.593962,-10.116013,4.749049,-1.296862,-0.292101,3.928435,2.559715,1.305095,0.983648
16.693925,-10.019377,4.774709,-1.325430,-0.279394,3.993039,2.632263,1.330646,1.018238
16.793889,-9.922094,4.797653,-1.352746,-0.267301,4.058401,2.678955,1.359750,1.052443
16.893853,-9.824211,4.817993,-1.378887,-0.255705,4.123859,2.724501,1.392955,1.091837
16.993816,-9.725847,4.835822,-1.403889,-0.244591,4.189381,2.771737,1.430051,1.131294
17.093780,-9.627077,4.851241,-1.427803,-0.233902,4.255004,2.818007,1.457486,1.174068
17.193744,-9.527962,4.864348,-1.450671,-0.223601,4.320701,2.828810,1.470604,1.219188
17.293707,-9.428593,4.875234,-1.472523,-0.213648,4.385660,2.844621,1.481464,1.259680
17.393671,-9.328997,4.883997,-1.493400,-0.204011,4.450026,2.865189,1.490211,1.261519
17.493634,-9.229255,4.890725,-1.513324,-0.194634,4.513930,2.904071,1.496929,1.254786
17.593598,-9.129396,4.895511,-1.532325,-0.185502,4.577790,2.994253,1.501710,1.249998
17.693562,-9.029457,4.898445,-1.550422,-0.176529,4.642714,3.088608,1.504643,1.247064
17.793525,-8.929509,4.899615,-1.567628,-0.167764,4.708747,3.186094,1.505812,1.245894
17.893489,-8.829506,4.899107,-1.583971,-0.159093,4.775906,3.278026,1.505307,1.246402
17.993453,-8.729603,4.897011,-1.599442,-0.150558,4.844032,3.356757,1.503210,1.248494
18.093416,-8.629634,4.893407,-1.614074,-0.141984,4.912815,3.445192,1.499609,1.238355
18.193380,-8.529870,4.888392,-1.627832,-0.133468,4.982423,3.541101,1.494591,1.228142
18.293343,-8.430005,4.882035,-1.640752,-0.124769,5.052970,3.659345,1.488235,1.219699
18.393307,-8.330441,4.874449,-1.652778,-0.116080,5.124852,3.789592,1.487246,1.220566
18.493271,-8.230726,4.865688,-1.663953,-0.107190,5.198245,3.935008,1.491814,1.229332
18.593234,-8.131390,4.855885,-1.674207,-0.098240,5.273373,4.084291,1.501950,1.239148
18.693198,-8.031849,4.845075,-1.683581,-0.088985,5.350236,4.234737,1.500835,1.249966
18.793162,-7.932738,4.833419,-1.691995,-0.079601,5.428781,4.400886,1.489200,1.261642
18.893125,-7.833376,4.820932,-1.699478,-0.069803,5.509222,4.601689,1.476729,1.263398
18.993089,-7.734462,4.807799,-1.705947,-0.059819,5.592095,4.897014,1.463623,1.255419
19.093052,-7.635266,4.794025,-1.711415,-0.049336,5.678959,5.226125,1.449871,1.255958
19.193016,-7.536501,4.779814,-1.715806,-0.038618,5.770218,3.061035,1.435694,1.264896
19.292980,-7.437438,4.765171,-1.719109,-0.027307,5.823006,-6.146635,1.421079,1.279551
19.392943,-7.338754,4.750308,-1.721260,-0.015727,5.716513,-6.580094,1.406256,1.294431
19.492907,-7.239776,4.735243,-1.722225,-0.003494,5.600266,-6.685077,1.391223,1.309510
19.592871,-7.141098,4.720188,-1.721953,0.009033,5.479640,-6.359376,1.376212,1.324584
19.692834,-7.042141,4.705183,-1.720390,0.022238,5.362373,-6.055031,1.361244,1.339604
19.792798,-6.943388,4.690434,-1.717500,0.035749,5.248283,-5.723186,1.346539,1.347895
19.892761,-6.844379,4.676009,-1.713216,0.049925,5.138118,-5.412052,1.332588,1.343095
19.992725,-6.745473,4.662102,-1.707513,0.064407,5.031723,-5.124559,1.326564,1.345228
20.092689,-6.646340,4.648814,-1.700317,0.079497,4.928864,-4.860631,1.328696,1.349983
20.192652,-6.547216,4.636329,-1.691613,0.094889,4.829278,-4.601406,1.339092,1.358280
20.292616,-6.447896,4.624775,-1.681331,0.110797,4.733073,-4.324638,1.330454,1.369837
20.392580,-6.348513,4.614328,-1.669457,0.126997,4.640837,-4.060971,1.320021,1.380288
20.492543,-6.248968,4.605141,-1.655931,0.143605,4.552523,-3.843522,1.310844,1.389478
20.592507,-6.149324,4.597385,-1.640742,0.160486,4.467331,-3.689419,1.303096,1.397236
20.692470,-6.049558,4.591227,-1.623842,0.177652,4.383997,-3.549107,1.296943,1.383857
20.792434,-5.949701,4.586843,-1.605220,0.195087,4.302309,-3.405778,1.292562,1.370845
20.892398,-5.849778,4.584406,-1.584839,0.212703,4.222435,-3.241282,1.290126,1.363100
20.992361,-5.749826,4.584095,-1.562690,0.230597,4.144989,-3.090580,1.289814,1.360537
21.092325,-5.649886,4.586087,-1.538738,0.248600,4.069772,-2.951644,1.291806,1.358545
21.192289,-5.550040,4.590561,-1.512988,0.266698,3.996615,-2.795318,1.296281,1.354069
21.292252,-5.450323,4.597697,-1.485417,0.284853,3.926076,-2.653628,1.303421,1.346931
21.392216,-5.350885,4.607666,-1.456049,0.302871,3.857919,-2.522577,1.314990,1.336959
21.492179,-5.251745,4.620646,-1.424861,0.320953,3.791992,-2.411976,1.332386,1.323973
21.592143,-5.153137,4.636790,-1.391880,0.339180,3.727866,-2.332937,1.357343,1.289367
21.692107,-5.055065,4.656280,-1.357049,0.357498,3.664774,-2.259886,1.392235,1.252940
21.792070,-4.957824,4.679245,-1.320393,0.376240,3.602604,-2.194690,1.434735,1.220205
21.892034,-4.861446,4.705870,-1.281823,0.395290,3.541183,-2.126834,1.461399,1.191278
21.991998,-4.766262,4.736260,-1.241344,0.414969,3.480627,-2.056172,1.491853,1.158429
22.091961,-4.672358,4.770594,-1.198859,0.434715,3.421064,-1.992671,1.526288,1.124032
22.191925,-4.580086,4.808954,-1.154421,0.454767,3.362334,-1.922163,1.564803,1.085636
22.291888,-4.489613,4.851487,-1.107905,0.476331,3.304694,-1.839957,1.607570,1.043134
22.391852,-4.401304,4.898259,-1.059127,0.499869,3.248560,-1.813490,1.654199,0.996526
22.491816,-4.315403,4.949407,-1.008016,0.521089,3.192268,-1.813375,1.705044,0.945788
22.591779,-4.232299,5.004947,-0.954949,0.541104,3.134969,-1.736957,1.760392,0.891004
22.691743,-4.152325,5.064901,-0.899590,0.569996,3.079086,-1.597057,1.820334,0.830203
22.791707,-4.075904,5.129308,-0.840812,0.606006,3.026792,-1.576239,1.884999,0.772540
22.891670,-4.003486,5.198237,-0.779243,0.612959,2.974280,-1.691750,1.954056,0.718760
22.991634,-3.935427,5.271471,-0.718504,0.603282,2.916867,-1.611567,2.026898,0.669968
23.091597,-3.872004,5.348645,-0.655827,0.683920,2.861104,-0.708234,2.104249,0.627598
23.191561,-3.813994,5.429988,-0.581083,0.809523,2.836251,-0.504145,2.185598,0.592417
23.291525,-3.762543,5.515737,-0.502042,0.700618,2.818427,-1.358518,2.271228,0.564892
23.391488,-3.717214,5.604916,-0.441632,0.511329,2.769824,-2.244576,2.360474,0.547290
23.491452,-3.676787,5.696483,-0.386072,0.696676,2.687596,-0.027902,2.452803,0.527889
23.591416,-3.642953,5.790301,-0.301074,1.001240,2.686558,-0.027902,2.360596,0.517454
23.691379,-3.618205,5.886805,-0.204090,0.865874,2.685520,0.964285,2.261023,0.516663
23.791343,-3.601817,5.985628,-0.128059,0.657175,2.721177,2.342758,2.160998,0.526469
23.891306,-3.592356,6.085110,-0.059439,0.756428,2.805919,1.083799,2.061886,0.535912
23.991270,-3.590430,6.185064,0.023195,0.893284,2.844269,-0.031274,1.964148,0.537836
24.091234,-3.597100,6.284506,0.109222,0.816194,2.843169,0.557152,1.869271,0.543098
24.191197,-3.611944,6.383605,0.186761,0.733779,2.862691,1.132745,1.772577,0.547812
24.291161,-3.634005,6.480972,0.258417,0.704599,2.901977,1.194420,1.678691,0.556791
24.391125,-3.662936,6.576769,0.327813,0.682969,2.942833,1.194871,1.588165,0.576360
24.491088,-3.698236,6.670180,0.394178,0.645776,2.983145,1.344328,1.502406,0.605556
24.591052,-3.739567,6.761282,0.457059,0.611943,3.027857,1.467679,1.422129,0.643349
24.691015,-3.786324,6.849549,0.516774,0.583913,3.075931,1.543685,1.347956,0.688363
24.790979,-3.838220,6.935046,0.573873,0.558184,3.125696,1.604849,1.268080,0.739472
24.890943,-3.894741,7.017428,0.628352,0.532549,3.176606,1.674197,1.189628,0.795450
24.990906,-3.955622,7.096757,0.680420,0.509149,3.228861,1.729370,1.118288,0.848799
25.090870,-4.020416,7.172830,0.730212,0.487485,3.281965,1.786206,1.055668,0.903624
25.190834,-4.088877,7.245696,0.777923,0.467043,3.335926,1.845982,0.999117,0.961978
25.290797,-4.160630,7.315253,0.823644,0.448082,3.390791,1.898078,0.933971,1.023233
25.390761,-4.235460,7.381556,0.867542,0.430206,3.446294,1.946875,0.879188,1.086970
25.490724,-4.313044,7.444557,0.909690,0.413301,3.502310,1.992612,0.836808,1.150143
25.590688,-4.393188,7.504317,0.950199,0.397203,3.558729,2.020828,0.803705,1.192046
25.690652,-4.475622,7.560835,0.989133,0.381930,3.615048,2.048951,0.758978,1.235485
25.790615,-4.560170,7.614175,1.026578,0.367276,3.671269,2.078988,0.727367,1.278669
25.890579,-4.646608,7.664368,1.062585,0.353236,3.727447,2.110382,0.680536,1.321414
25.990543,-4.734772,7.711483,1.097217,0.339717,3.783620,2.160608,0.642399,1.367078
26.090506,-4.824481,7.755574,1.130519,0.326619,3.840280,2.224127,0.621588,1.411038
26.190470,-4.915583,7.796714,1.162529,0.313875,3.897744,2.289831,0.597969,1.452129
26.290433,-5.007931,7.834976,1.193272,0.301218,3.956035,2.361779,0.569000,1.490393
26.390397,-5.101388,7.870439,1.222760,0.288816,4.015270,2.430747,0.559731,1.525889
26.490361,-5.195835,7.903191,1.251022,0.276636,4.075337,2.484898,0.541525,1.558689
26.590324,-5.291145,7.933317,1.278076,0.264689,4.135839,2.543958,0.522355,1.567765
26.690288,-5.387227,7.960913,1.303959,0.253180,4.196877,2.604093,0.524593,1.579586
26.790252,-5.483967,7.986066,1.328699,0.241860,4.258451,2.664223,0.508946,1.595105
26.890215,-5.581297,8.008874,1.352363,0.231713,4.320539,2.677828,0.499862,1.614317
26.990179,-5.679119,8.029419,1.375029,0.221811,4.382057,2.697333,0.505984,1.634877
27.090142,-5.777382,8.047786,1.396905,0.216478,4.443163,2.636716,0.498038,1.653257
27.190106,-5.876012,8.064022,1.418315,0.211919,4.502093,2.572312,0.498816,1.669505
27.290070,-5.974968,8.078166,1.439252,0.206894,4.558851,2.578263,0.518508,1.683658
27.390033,-6.074195,8.090261,1.459680,0.201846,4.615039,2.589522,0.507082,1.677694
27.489997,-6.173648,8.100350,1.479651,0.197875,4.670792,2.581927,0.517150,1.672890
27.589961,-6.273279,8.108469,1.499246,0.194190,4.725727,2.572180,0.536812,1.672075
27.689924,-6.373052,8.114653,1.518478,0.190588,4.779827,2.551504,0.534875,1.672914
27.789888,-6.472920,8.118936,1.537352,0.187054,4.832894,2.523380,0.547230,1.674348
27.889851,-6.572856,8.121350,1.555880,0.183646,4.884809,2.497173,0.568006,1.676762
27.989815,-6.672814,8.121929,1.574070,0.180305,4.935647,2.473949,0.573761,1.677341
28.089779,-6.772771,8.120706,1.591930,0.177035,4.985501,2.453357,0.582525,1.676119
28.189742,-6.872686,8.117715,1.609466,0.173821,5.034452,2.441100,0.609491,1.673127
28.289706,-6.972540,8.112988,1.626685,0.170689,5.082692,2.432723,0.631753,1.661796
28.389670,-7.072293,8.106558,1.643593,0.167608,5.130314,2.426344,0.648068,1.635687
28.489633,-7.171929,8.098458,1.660197,0.164599,5.177375,2.421299,0.680413,1.613705
28.589597,-7.271413,8.088719,1.676502,0.161638,5.223916,2.418061,0.713674,1.596058
28.689560,-7.370732,8.077374,1.692515,0.158747,5.269984,2.408867,0.736710,1.582923
28.789524,-7.469854,8.064455,1.708241,0.155900,5.315480,2.392590,0.773540,1.569994
28.889488,-7.568767,8.049992,1.723686,0.153111,5.360287,2.378172,0.796289,1.555518
28.989451,-7.667443,8.034017,1.738853,0.150360,5.404455,2.365999,0.824435,1.539529
29.089415,-7.765872,8.016561,1.753749,0.147674,5.448042,2.355137,0.864653,1.516105
29.189379,-7.864028,7.997654,1.768379,0.145028,5.491086,2.346152,0.899512,1.477030
29.289342,-7.961905,7.977325,1.782747,0.142448,5.533632,2.372359,0.932148,1.442449
29.389306,-8.059477,7.955605,1.796859,0.139905,5.576323,2.408256,0.975251,1.412729
29.489269,-8.156741,7.932523,1.810717,0.137344,5.619329,2.446312,1.015354,1.388210
29.589233,-8.253674,7.908107,1.824318,0.134792,5.662680,2.485713,1.051753,1.363742
29.689197,-8.350274,7.882387,1.837665,0.132222,5.706391,2.527341,1.097267,1.337968
29.789160,-8.446521,7.855394,1.850754,0.129661,5.750494,2.569782,1.142930,1.310922
29.889124,-8.542414,7.827154,1.863589,0.127145,5.794994,2.562399,1.182509,1.282636
29.989088,-8.637937,7.797699,1.876174,0.124655,5.839028,2.557147,1.230061,1.253142
30.089051,-8.733089,7.767055,1.888512,0.122199,5.882643,2.553646,1.281425,1.219320
30.189015,-8.827856,7.735252,1.900606,0.119763,5.925879,2.552198,1.323712,1.169624
30.288978,-8.922239,7.702315,1.912457,0.117364,5.968776,2.552133,1.373019,1.123223
30.388942,-9.016226,7.668275,1.924070,0.114988,6.011367,2.554715,1.428590,1.077616
30.488906,-9.109819,7.633155,1.935448,0.112644,6.053700,2.560921,1.474707,1.038567
30.588869,-9.203006,7.596985,1.946592,0.110319,6.095842,2.568773,1.525538,1.002409
30.688833,-9.295794,7.559787,1.957504,0.108014,6.137822,2.578138,1.581960,0.965277
30.788797,-9.388169,7.521592,1.968187,0.105723,6.179668,2.589182,1.634867,0.927218
30.888760,-9.480141,7.482421,1.978642,0.103444,6.221410,2.601957,1.682695,0.888273
30.988724,-9.571698,7.442303,1.988869,0.101174,6.263078,2.626395,1.735180,0.848496
31.088687,-9.662849,7.401259,1.998869,0.098900,6.304858,2.674515,1.792529,0.807938
31.188651,-9.753586,7.359318,2.008642,0.096630,6.347121,2.724061,1.844375,0.766080
31.288615,-9.843917,7.316500,2.018187,0.094329,6.389879,2.776464,1.897879,0.722800
31.388578,-9.933837,7.272835,2.027501,0.092019,6.433168,2.830911,1.955789,0.678735
31.488542,-10.023354,7.228342,2.036582,0.089647,6.477007,2.889652,2.017709,0.633937
31.588506,-10.112466,7.183051,2.045423,0.087252,6.521452,2.946676,2.083255,0.597651
31.688469,-10.201185,7.136982,2.054022,0.084750,6.566465,3.005177,2.152077,0.575748
31.788433,-10.289505,7.090165,2.062367,0.082221,6.612056,3.066917,2.210787,0.569916
31.888396,-10.377441,7.042623,2.070457,0.079606,6.658261,3.134512,2.266171,0.576364
31.988360,-10.464991,6.994384,2.078281,0.076938,6.705156,3.206675,2.325170,0.573417
32.088324,-10.552172,6.945472,2.085828,0.073961,6.752793,3.295612,2.387495,0.584927
32.188287,-10.638987,6.895917,2.093067,0.070870,6.801404,3.399125,2.452864,0.589263
32.288251,-10.725453,6.845747,2.099978,0.067250,6.851181,3.530327,2.518942,0.595151
32.388215,-10.811575,6.794999,2.106509,0.063427,6.902498,3.674750,2.581353,0.602501
32.488178,-10.897374,6.743706,2.112678,0.060141,6.955513,3.797097,2.646546,0.600769
32.588142,-10.982861,6.691898,2.118535,0.057039,7.009872,3.911736,2.714292,0.606490
32.688105,-11.068054,6.639602,2.124133,0.055383,7.065435,3.946769,2.781218,0.604236
32.788069,-11.152957,6.586834,2.129617,0.054358,7.121056,3.951989,2.794582,0.608581
32.888033,-11.237575,6.533603,2.134989,0.053005,7.176319,3.975696,2.764508,0.607257
32.987996,-11.321903,6.479930,2.140212,0.051502,7.231487,4.009059,2.738270,0.613727
33.087960,-11.405955,6.425822,2.145274,0.049669,7.286695,4.062045,2.715964,0.604288
33.187924,-11.489738,6.371298,2.150140,0.047688,7.342209,4.125350,2.685498,0.604556
33.287887,-11.573260,6.316374,2.154806,0.045664,7.398162,4.193588,2.653647,0.600277
33.387851,-11.656532,6.261069,2.159270,0.043636,7.454610,4.264787,2.625658,0.601695
33.487814,-11.739563,6.205401,2.163526,0.041472,7.511582,4.346370,2.601636,0.599979
33.587778,-11.822360,6.149390,2.167560,0.039249,7.569202,4.434334,2.571990,0.602460
33.687742,-11.904937,6.093055,2.171373,0.037036,7.627540,4.524858,2.541513,0.599436
33.787705,-11.987305,6.036414,2.174965,0.034825,7.686612,4.618484,2.515002,0.603029
33.887669,-12.069474,5.979488,2.178335,0.032599,7.746442,4.716356,2.492561,0.597624
33.987633,-12.151459,5.922293,2.181482,0.030366,7.807067,4.818097,2.474281,0.602429
34.087596,-12.233271,5.864850,2.184399,0.027952,7.868517,4.797311,2.447603,0.594720
34.187560,-12.314921,5.807178,2.187069,0.025470,7.929229,4.762179,2.418349,0.599899
34.287523,-12.396424,5.749299,2.189486,0.022836,7.989040,4.727540,2.393163,0.590911
34.387487,-12.477794,5.691234,2.191634,0.020139,8.047977,4.693381,2.372150,0.593987
34.487451,-12.559047,5.633006,2.193513,0.017453,8.106064,4.659688,2.345582,0.586405
34.587414,-12.640199,5.574636,2.195123,0.014772,8.163324,4.626449,2.317000,0.587464
34.687378,-12.721264,5.516146,2.196467,0.012109,8.219782,4.444889,2.292569,0.581422
34.787342,-12.802260,5.457557,2.197544,0.009454,8.273661,-6.521760,2.272396,0.580542
34.887305,-12.883198,5.398893,2.198356,0.006789,8.194486,-6.708097,2.256569,0.576181
34.987269,-12.964098,5.340173,2.198902,0.004120,8.112242,-6.887767,2.230908,0.573229
35.087232,-13.044972,5.281421,2.199181,0.001464,8.026918,-7.059298,2.202512,0.563082
35.187196,-13.125840,5.222655,2.199194,-0.001188,7.938518,-6.906078,2.178349,0.561781
35.287160,-13.206713,5.163901,2.198943,-0.003840,7.851073,-6.746077,2.137499,0.549657
35.387123,-13.287610,5.105176,2.198427,-0.006494,7.764704,-6.593415,2.096762,0.543084
35.487087,-13.368543,5.046505,2.197645,-0.009141,7.679351,-6.447681,2.060013,0.537449
35.587051,-13.449532,4.987907,2.196599,-0.011785,7.594956,-6.313316,2.027444,0.530359
35.687014,-13.530587,4.929406,2.195292,-0.014344,7.511402,-6.187041,1.999235,0.529794
35.786978,-13.611729,4.871019,2.193732,-0.016867,7.428607,-6.070996,1.975545,0.518389
35.886941,-13.692966,4.812771,2.191923,-0.019310,7.346458,-5.962156,1.956515,0.516215
35.986905,-13.774319,4.754678,2.189872,-0.021721,7.264877,-5.853683,1.942258,0.507399
36.086869,-13.855795,4.696763,2.187577,-0.024227,7.183880,-5.748759,1.932856,0.508198
36.186832,-13.937413,4.639044,2.185028,-0.026771,7.103436,-5.655810,1.928353,0.502046
36.286796,-14.019181,4.581548,2.182229,-0.029180,7.023393,-5.557008,1.928760,0.503304
36.386760,-14.101122,4.524286,2.179195,-0.031530,6.943850,-5.405478,1.934049,0.499914
36.486723,-14.183236,4.467288,2.175887,-0.034976,6.865591,-5.240260,1.940541,0.499797
36.586687,-14.265558,4.410571,2.172196,-0.038864,6.788864,-5.066070,1.945823,0.499310
36.686650,-14.348091,4.354181,2.168100,-0.043229,6.713854,-4.896555,1.955819,0.517878
36.786614,-14.430876,4.298143,2.163551,-0.047786,6.640548,-4.734080,1.970417,0.537465
36.886578,-14.513919,4.242506,2.158546,-0.052355,6.568897,-4.578458,1.989468,0.574468
36.986541,-14.597261,4.187298,2.153083,-0.056925,6.498850,-4.414898,2.012804,0.625849
37.086505,-14.680907,4.132572,2.147165,-0.061504,6.430582,-4.257934,2.040230,0.682102
37.186469,-14.764897,4.078355,2.140787,-0.066084,6.364048,-4.106813,2.071545,0.738526
37.286432,-14.849234,4.024700,2.133952,-0.070676,6.299210,-3.972350,2.091196,0.789111
37.386396,-14.933957,3.971637,2.126657,-0.075271,6.235853,-3.880123,2.108655,0.849054
37.486359,-15.019067,3.919218,2.118903,-0.079880,6.173340,-3.793085,2.129933,0.913871
37.586323,-15.104603,3.867475,2.110687,-0.084495,6.111610,-3.710696,2.154876,0.972678
37.686287,-15.190563,3.816462,2.102010,-0.089127,6.050613,-3.633940,2.182411,1.031393
37.786250,-15.276984,3.766211,2.092868,-0.093766,5.990274,-3.565417,2.204474,1.092711
37.886214,-15.363862,3.716778,2.083263,-0.098426,5.930478,-3.501639,2.219183,1.153986
37.986178,-15.451232,3.668196,2.073190,-0.103097,5.871158,-3.442146,2.229745,1.218607
38.086141,-15.539089,3.620523,2.062650,-0.107791,5.812255,-3.387241,2.238951,1.279383
38.186105,-15.627463,3.573795,2.051639,-0.112501,5.753704,-3.273737,2.251497,1.343559
38.286068,-15.716348,3.528068,2.040158,-0.117237,5.696543,-3.159812,2.267276,1.407796
38.386032,-15.805772,3.483381,2.028200,-0.121993,5.640822,-3.049084,2.286177,1.475006
38.485996,-15.895725,3.439792,2.015767,-0.126779,5.586526,-2.941575,2.300704,1.539393
38.585959,-15.986233,3.397343,2.002853,-0.131590,5.533640,-2.855322,2.313062,1.606911
38.685923,-16.077281,3.356092,1.989458,-0.136444,5.481817,-2.806339,2.321036,1.675894
38.785887,-16.168893,3.316083,1.975573,-0.141333,5.430401,-2.760250,2.328337,1.748307
38.885850,-16.261052,3.277376,1.961200,-0.146261,5.379350,-2.717209,2.334166,1.816649
38.985814,-16.353775,3.240017,1.946331,-0.151225,5.328617,-2.678771,2.342795,1.886184
39.085777,-16.447045,3.204067,1.930967,-0.156171,5.278125,-2.636406,2.354142,1.959366
39.185741,-16.540871,3.169575,1.915108,-0.161118,5.227955,-2.587926,2.349050,2.035830
39.285705,-16.635234,3.136601,1.898755,-0.166059,5.178235,-2.542706,2.346062,2.075836
39.385668,-16.730138,3.105195,1.881908,-0.171013,5.128914,-2.499233,2.345671,2.029776
39.485632,-16.825559,3.075418,1.864563,-0.176036,5.079970,-2.457466,2.347831,1.985364
39.585596,-16.921494,3.047324,1.846712,-0.181130,5.031379,-2.420981,2.349600,1.931361
39.685559,-17.017917,3.020972,1.828350,-0.186270,4.983047,-2.392018,2.342536,1.880774
39.785523,-17.114818,2.996419,1.809470,-0.191469,4.934828,-2.365613,2.332299,1.835918
39.885486,-17.212169,2.973726,1.790068,-0.196727,4.886674,-2.341552,2.324406,1.797289
39.985450,-17.309947,2.952952,1.770137,-0.202055,4.838537,-2.319732,2.311594,1.763187
40.085414,-17.408127,2.934156,1.749670,-0.207466,4.790372,-2.295829,2.300331,1.721230
40.185377,-17.506672,2.917402,1.728655,-0.212996,4.742221,-2.255231,2.290398,1.677947
40.285341,-17.605556,2.902748,1.707083,-0.218640,4.694441,-2.215540,2.268216,1.641618
40.385305,-17.704729,2.890260,1.684940,-0.224399,4.647024,-2.179002,2.243458,1.612788
40.485268,-17.804167,2.879998,1.662219,-0.230177,4.599912,-2.144573,2.220723,1.586797
40.585232,-17.903803,2.872028,1.638920,-0.236021,4.553068,-2.104512,2.188938,1.556799
40.685195,-18.003616,2.866410,1.615022,-0.242299,4.506627,-2.092838,2.158024,1.535051
40.785159,-18.103517,2.863212,1.590455,-0.249284,4.459963,-2.080311,2.129019,1.517103
40.885123,-18.203488,2.862505,1.565169,-0.256910,4.413089,-2.050915,2.101941,1.494472
40.985086,-18.303420,2.864365,1.539054,-0.265666,4.366386,-2.027835,2.073836,1.475893
41.085050,-18.403292,2.868879,1.512052,-0.274401,4.319711,-2.014424,2.029567,1.458914
41.185014,-18.502976,2.876129,1.484200,-0.282960,4.272840,-1.989495,1.986805,1.449766
41.284977,-18.602444,2.886198,1.455474,-0.291629,4.226040,-1.955233,1.945607,1.432552
41.384941,-18.701546,2.899158,1.425896,-0.300291,4.179534,-1.923669,1.906054,1.425085
41.484904,-18.800245,2.915092,1.395430,-0.309078,4.133269,-1.900743,1.864741,1.427607
41.584868,-18.898372,2.934061,1.364112,-0.317666,4.087041,-1.882326,1.818195,1.426604
41.684832,-18.995882,2.956144,1.331910,-0.326305,4.040739,-1.882280,1.761100,1.429510
41.784795,-19.092586,2.981385,1.298916,-0.333996,3.993902,-1.864682,1.705198,1.441083
41.884759,-19.188425,3.009851,1.265120,-0.342071,3.946955,-1.848491,1.650320,1.449366
41.984723,-19.283207,3.041566,1.230522,-0.350327,3.899858,-1.829499,1.587822,1.452305
42.084686,-19.376844,3.076590,1.195062,-0.359091,3.852677,-1.807784,1.526438,1.463791
42.184650,-19.469146,3.114946,1.158709,-0.368376,3.805483,-1.781755,1.466345,1.485434
42.284613,-19.559981,3.156678,1.121392,-0.378306,3.758388,-1.779223,1.407696,1.506398
42.384577,-19.649176,3.201815,1.083073,-0.388439,3.710763,-1.777272,1.350687,1.535578
42.484541,-19.736538,3.250374,1.043705,-0.399373,3.662572,-1.772548,1.295542,1.558582
42.584504,-19.821915,3.302397,1.003196,-0.411092,3.613870,-1.763516,1.242480,1.589705
42.684468,-19.905050,3.357862,0.961484,-0.423750,3.564755,-1.755987,1.186769,1.630115
42.784432,-19.985803,3.416829,0.918458,-0.436962,3.515169,-1.730120,1.127798,1.678831
42.884395,-20.063854,3.479228,0.874078,-0.451388,3.465619,-1.697823,1.065816,1.721464
42.984359,-20.139065,3.545131,0.828185,-0.466564,3.416295,-1.657309,1.000430,1.772629
43.084322,-20.211062,3.614414,0.780750,-0.483037,3.367452,-1.619824,0.937390,1.831555
43.184286,-20.279699,3.687165,0.731597,-0.499894,3.319019,-1.565044,0.877096,1.889299
43.284250,-20.344543,3.763170,0.680720,-0.518876,3.271542,-1.510415,0.820302,1.944001
43.384213,-20.405429,3.842530,0.627804,-0.539206,3.225061,-1.449764,0.767636,1.969889
43.484177,-20.461875,3.924947,0.572844,-0.561342,3.179806,-1.383795,0.720116,2.000710
43.584141,-20.513681,4.010520,0.515536,-0.584520,3.136002,-1.287340,0.672633,2.041169
43.684104,-20.560331,4.098846,0.455851,-0.610958,3.094695,-1.181909,0.625527,2.090671
43.784068,-20.601584,4.190043,0.393320,-0.638330,3.056279,-1.015767,0.585785,2.148814
43.884031,-20.636847,4.283466,0.327983,-0.671259,3.022873,-0.887811,0.555067,2.214668
43.983995,-20.665839,4.379275,0.259240,-0.699532,2.993370,-0.756006,0.534588,2.287828
44.083959,-20.687996,4.476589,0.188039,-0.727676,2.968016,-0.638875,0.525458,2.358674
44.183922,-20.703083,4.575663,0.113807,-0.752895,2.946420,-0.383449,0.527994,2.426262
44.283886,-20.710626,4.675103,0.037000,-0.789909,2.933381,-0.308704,0.532789,2.500821
44.383850,-20.710374,4.775154,-0.041285,-0.753965,2.922843,-0.597631,0.532534,2.582067
44.483813,-20.702639,4.874541,-0.112786,-0.677775,2.902331,-1.463795,0.524819,2.664485
44.583777,-20.688079,4.973276,-0.180427,-0.690692,2.851469,-1.585554,0.516680,2.749728
44.683740,-20.666707,5.070968,-0.250687,-0.712737,2.795331,-0.875105,0.520886,2.839314
44.783704,-20.638411,5.166469,-0.327532,-0.834538,2.763860,-0.029508,0.536703,2.868506
44.883668,-20.602026,5.259886,-0.417252,-0.946748,2.762792,-0.029508,0.562275,2.878456
44.983631,-20.557679,5.348846,-0.505840,-0.837482,2.761724,0.804404,0.595100,2.900594
45.083595,-20.505485,5.434694,-0.585127,-0.746353,2.790689,1.366261,0.634267,2.928743
45.183559,-20.447296,5.515854,-0.658620,-0.729533,2.839207,1.275921,0.667059,2.841930
45.283522,-20.383208,5.592693,-0.731844,-0.732998,2.883780,1.040718,0.697862,2.758032
45.383486,-20.313809,5.664639,-0.801778,-0.664250,2.919633,1.457902,0.730178,2.672849
45.483449,-20.239832,5.731791,-0.864407,-0.590403,2.969130,1.892740,0.768246,2.589258
45.583413,-20.161966,5.794460,-0.921062,-0.544308,3.032184,2.072611,0.811742,2.510384
45.683377,-20.080786,5.852808,-0.973488,-0.505559,3.099760,2.205837,0.842055,2.436666
45.783340,-19.996718,5.907005,-1.022219,-0.468516,3.170098,2.341006,0.872075,2.368505
45.883304,-19.910333,5.957134,-1.067138,-0.431143,3.243077,2.500090,0.880992,2.306409
45.983268,-19.821779,6.003539,-1.108501,-0.396158,3.319245,2.676832,0.896794,2.250236
46.083231,-19.731495,6.046384,-1.146333,-0.360829,3.398905,2.882341,0.911538,2.190247
46.183195,-19.639688,6.085962,-1.180606,-0.324875,3.482645,3.120310,0.921263,2.136269
46.283158,-19.546673,6.122527,-1.211310,-0.289897,3.571085,3.351861,0.934067,2.080568
46.383122,-19.452621,6.156384,-1.238637,-0.256740,3.663711,3.584539,0.929513,2.027233
46.483086,-19.357740,6.187815,-1.262624,-0.223250,3.760243,3.860223,0.928367,1.979788
46.583049,-19.262187,6.217118,-1.283287,-0.190263,3.861501,4.210388,0.911994,1.938388
46.683013,-19.166065,6.244607,-1.300668,-0.157611,3.969000,4.596959,0.902892,1.890349
46.782977,-19.069561,6.270567,-1.314832,-0.125843,4.083138,4.980296,0.900460,1.847257
46.882940,-18.972692,6.295322,-1.325828,-0.094329,4.203298,5.396138,0.890082,1.809824
46.982904,-18.875651,6.319148,-1.333737,-0.063994,4.329729,5.796604,0.889929,1.778152
47.082867,-18.778388,6.342370,-1.338629,-0.034115,4.461552,6.217343,0.880506,1.740162
47.182831,-18.681122,6.365240,-1.340613,-0.005642,4.598746,6.647316,0.870507,1.693617
47.282795,-18.583758,6.388076,-1.339765,0.022398,4.741038,-4.291320,0.852020,1.647403
47.382758,-18.486530,6.411108,-1.336177,0.049376,4.649677,-5.472719,0.843874,1.605922
47.482722,-18.389327,6.434641,-1.329901,0.075950,4.530491,-5.099852,0.843361,1.569219
47.582686,-18.292390,6.458890,-1.321030,0.101585,4.416531,-4.802869,0.838062,1.535804
47.682649,-18.195622,6.484143,-1.309595,0.126953,4.306451,-4.522941,0.828368,1.491419
47.782613,-18.099253,6.510602,-1.295670,0.151722,4.200151,-4.242930,0.815982,1.451420
47.882576,-18.003234,6.538538,-1.279258,0.176463,4.097925,-3.996560,0.817258,1.398694
47.982540,-17.907770,6.568148,-1.260393,0.201075,3.999246,-3.734639,0.813289,1.349292
48.082504,-17.812890,6.599682,-1.239048,0.225858,3.904780,-3.498989,0.820107,1.303843
48.182467,-17.718761,6.633345,-1.215233,0.250666,3.814154,-3.294350,0.820748,1.259805
48.282431,-17.625509,6.669354,-1.188917,0.275853,3.726813,-3.139954,0.822788,1.202741
48.382395,-17.533266,6.707930,-1.160062,0.301447,3.641617,-3.000058,0.825455,1.149131
48.482358,-17.442266,6.749250,-1.128628,0.327696,3.558312,-2.862719,0.835029,1.099333
48.582322,-17.352617,6.793555,-1.094503,0.354922,3.476959,-2.717301,0.857965,1.053453
48.682285,-17.264665,6.840977,-1.057641,0.383051,3.397938,-2.573816,0.875709,1.003750
48.782249,-17.178520,6.891775,-1.017856,0.412747,3.321356,-2.438712,0.893221,0.952818
48.882213,-17.094628,6.946030,-0.975090,0.443543,3.247128,-2.323622,0.909847,0.898658
48.982176,-17.013143,7.004010,-0.929094,0.476495,3.174789,-2.213842,0.941093,0.841182
49.082140,-16.934595,7.065739,-0.879787,0.510888,3.104300,-2.091532,0.963418,0.780249
49.182104,-16.859227,7.131466,-0.826829,0.548460,3.036203,-1.979047,0.995326,0.723495
49.282067,-16.787648,7.201154,-0.770084,0.587814,2.970330,-1.860790,1.040731,0.671943
49.382031,-16.720226,7.274995,-0.709176,0.630757,2.907032,-1.734679,1.096942,0.626573
49.481994,-16.657648,7.352869,-0.643906,0.676367,2.846757,-1.567916,1.151807,0.588673
49.581958,-16.600435,7.434860,-0.573728,0.727923,2.791157,-1.368552,1.211477,0.559403
49.681922,-16.549374,7.520733,-0.498263,0.783411,2.741705,-1.066245,1.270048,0.539851
49.781885,-16.505164,7.610404,-0.416735,0.848397,2.702550,-0.717224,1.339293,0.524489
49.881849,-16.468745,7.703422,-0.328502,0.914089,2.675889,-0.408815,1.417548,0.508091
49.981813,-16.440933,7.799438,-0.234492,0.967780,2.660573,-0.094376,1.497454,0.501983
50.081776,-16.422545,7.897613,-0.134940,1.014261,2.657025,-0.057596,1.554000,0.506044
50.181740,-16.414142,7.997204,-0.033286,1.021054,2.654857,-0.027226,1.604559,0.514456
50.281703,-16.415940,8.097109,0.069433,1.026086,2.653832,-0.027226,1.667613,0.512664
50.381667,-16.427946,8.196365,0.170995,1.007253,2.652806,0.113104,1.741308,0.505824
50.481631,-16.449856,8.293808,0.271074,0.984738,2.657065,0.251164,1.823429,0.503134
50.581594,-16.481223,8.388702,0.366354,0.921562,2.666497,0.655736,1.909851,0.497312
50.681558,-16.521156,8.480233,0.455417,0.861523,2.690968,0.969506,1.890829,0.502299
50.781522,-16.568837,8.568044,0.538480,0.800899,2.726745,1.247830,1.813247,0.518330
50.881485,-16.623388,8.651756,0.615606,0.742121,2.772114,1.484348,1.743563,0.544883
50.981449,-16.683999,8.731206,0.686823,0.683457,2.825133,1.708229,1.675249,0.580897
51.081412,-16.749912,8.806348,0.752385,0.628721,2.884943,1.903154,1.610188,0.625073
51.181376,-16.820408,8.877194,0.812595,0.576420,2.950151,2.089421,1.554030,0.663568
51.281340,-16.894870,8.943860,0.867761,0.528456,3.020119,2.259355,1.506418,0.696603
51.381303,-16.972749,9.006502,0.918296,0.482813,3.093999,2.442779,1.453149,0.737112
51.481267,-17.053554,9.065308,0.964368,0.440316,3.171940,2.618883,1.409332,0.784219
51.581231,-17.136887,9.120513,1.006401,0.400799,3.253428,2.791291,1.375562,0.829388
51.681194,-17.222358,9.172330,1.044538,0.362358,3.338090,3.005979,1.334344,0.870511
51.781158,-17.309665,9.221026,1.078870,0.324633,3.426926,3.241697,1.301145,0.895175
51.881121,-17.398495,9.266857,1.109479,0.287945,3.520217,3.490552,1.278115,0.919170
51.981085,-17.488623,9.310119,1.136464,0.252014,3.617981,3.740840,1.245627,0.938752
52.081049,-17.579805,9.351093,1.159885,0.216522,3.719903,4.023516,1.220964,0.965931
52.181012,-17.671862,9.390087,1.179770,0.181364,3.826499,4.381320,1.206268,1.000404
52.280976,-17.764608,9.427405,1.196156,0.146350,3.939294,4.799792,1.178542,1.020971
52.380940,-17.857890,9.463361,1.209037,0.111399,4.059267,5.245867,1.159245,1.036795
52.480903,-17.951571,9.498278,1.218426,0.076244,4.186459,5.728623,1.142063,1.041493
52.580867,-18.045508,9.532477,1.224280,0.040890,4.321081,6.239329,1.124288,1.054093
52.680830,-18.139595,9.566296,1.226594,0.005269,4.463088,-5.159623,1.108987,1.075482
52.780794,-18.233685,9.600060,1.225328,-0.030623,4.345988,-6.015728,1.097034,1.105304
52.880758,-18.327686,9.634118,1.220459,-0.066919,4.205342,-5.489252,1.073710,1.118802
52.980721,-18.421438,9.668797,1.211937,-0.103614,4.072769,-4.997746,1.058684,1.139725
53.080685,-18.514844,9.704453,1.199724,-0.140896,3.948197,-4.527357,1.042920,1.163668
53.180649,-18.607716,9.741411,1.183751,-0.178753,3.831856,-4.115372,1.013227,1.180605
53.280612,-18.699935,9.780034,1.163964,-0.217229,3.722949,-3.780545,0.985834,1.200288
53.380576,-18.791266,9.820638,1.140298,-0.256403,3.620015,-3.477568,0.965894,1.216098
53.480539,-18.881553,9.863583,1.112678,-0.296282,3.522677,-3.177104,0.933191,1.241017
53.580503,-18.970497,9.909167,1.081033,-0.337061,3.431335,-2.894706,0.898502,1.276057
53.680467,-19.057887,9.957740,1.045270,-0.378413,3.345942,-2.626719,0.870624,1.317707
53.780430,-19.143339,10.009561,1.005336,-0.420892,3.266524,-2.389025,0.836321,1.349493
53.880394,-19.226574,10.064958,0.961082,-0.464518,3.192577,-2.156429,0.790350,1.381090
53.980358,-19.307101,10.124125,0.912404,-0.509927,3.124327,-1.953000,0.750516,1.417536
54.080321,-19.384564,10.187364,0.859177,-0.553913,3.061202,-1.743076,0.715507,1.464444
54.180285,-19.458343,10.254736,0.801572,-0.599551,3.003743,-1.483089,0.665324,1.521016
54.280248,-19.528017,10.326481,0.739071,-0.651947,2.953974,-1.158286,0.621493,1.586495
54.380212,-19.592787,10.402516,0.671074,-0.709864,2.914514,-0.948294,0.585219,1.655185
54.480176,-19.652064,10.483011,0.597740,-0.752972,2.881805,-0.748367,0.557504,1.722728
54.580139,-19.705076,10.567666,0.520546,-0.792615,2.855728,-0.496409,0.539420,1.788499
54.680103,-19.751341,10.656490,0.439156,-0.834545,2.838298,-0.031119,0.527788,1.862931
54.780067,-19.789878,10.748522,0.352907,-0.897740,2.837202,-0.031119,0.512941,1.944376
54.880030,-19.820111,10.843627,0.262919,-0.889643,2.836105,0.002331,0.508457,2.031957
54.979994,-19.841847,10.941195,0.176342,-0.837110,2.836187,0.424450,0.514690,2.124404
55.079957,-19.855307,11.039729,0.096202,-0.776074,2.851108,0.842778,0.528211,2.219669
55.179921,-19.861140,11.140012,0.020830,-0.726200,2.880505,1.112450,0.534012,2.318071
55.279885,-19.859659,11.239548,-0.050159,-0.700969,2.918856,1.148430,0.535914,2.416874
55.379848,-19.851142,11.339514,-0.119529,-0.683169,2.957925,1.125414,0.547441,2.474456
55.479812,-19.835923,11.437800,-0.187821,-0.688917,2.995718,0.902883,0.554967,2.463728
55.579776,-19.813763,11.535768,-0.257076,-0.688748,3.025696,0.772977,0.573447,2.457642
55.679739,-19.785106,11.631614,-0.323149,-0.638947,3.051127,1.125065,0.601728,2.461081
55.779703,-19.750410,11.725282,-0.386182,-0.629552,3.087767,1.063572,0.638704,2.428350
55.879666,-19.709780,11.816558,-0.452592,-0.696292,3.122009,0.272319,0.682877,2.329164
55.979630,-19.662938,11.904803,-0.523789,-0.720209,3.130716,-0.001755,0.732348,2.231179
56.079594,-19.610276,11.989250,-0.589095,-0.588726,3.130660,1.287179,0.785646,2.135439
56.179557,-19.552237,12.071119,-0.642463,-0.479462,3.171494,2.226479,0.843292,2.041171
56.279521,-19.490317,12.149924,-0.689453,-0.468891,3.240912,2.110087,0.896479,1.949569
56.379485,-19.425029,12.225436,-0.736430,-0.472679,3.305355,1.875622,0.952765,1.861359
56.479448,-19.356174,12.297891,-0.783152,-0.457816,3.361601,1.872971,1.012254,1.776727
56.579412,-19.284127,12.367080,-0.827700,-0.433180,3.416844,1.995650,1.074298,1.696514
56.679375,-19.209118,12.433109,-0.869996,-0.415995,3.474738,2.037088,1.138591,1.621305
56.779339,-19.131386,12.495993,-0.911038,-0.405597,3.532856,1.993999,1.201442,1.551853
56.879303,-19.051152,12.555685,-0.951109,-0.394882,3.588834,1.959379,1.261433,1.489042
56.979266,-18.968687,12.612122,-0.989949,-0.382311,3.643002,1.960928,1.318358,1.418352
57.079230,-18.884104,12.665381,-1.027536,-0.369984,3.696418,1.969007,1.371317,1.349379
57.179194,-18.797609,12.715477,-1.063948,-0.358709,3.749288,1.971469,1.426325,1.287412
57.279157,-18.709356,12.762447,-1.099268,-0.347713,3.801488,2.004404,1.483185,1.233492
57.379121,-18.619546,12.806311,-1.133470,-0.336678,3.853836,2.044754,1.541688,1.188711
57.479084,-18.528297,12.847135,-1.166584,-0.325802,3.906514,2.088981,1.601694,1.147692
57.579048,-18.435776,12.884962,-1.198615,-0.315152,3.959608,2.135865,1.653401,1.109741
57.679012,-18.342100,12.919859,-1.229602,-0.304773,4.013167,2.178894,1.702065,1.074773
57.778975,-18.247412,12.951883,-1.259553,-0.294533,4.067079,2.208531,1.752508,1.042715
57.878939,-18.151817,12.981108,-1.288494,-0.284481,4.121005,2.242185,1.799054,1.013481
57.978903,-18.055433,13.007601,-1.316433,-0.274553,4.175039,2.280685,1.835396,0.978777
58.078866,-17.958357,13.031440,-1.343390,-0.264803,4.229294,2.322796,1.872663,0.931874
58.178830,-17.860682,13.052702,-1.369378,-0.255159,4.283843,2.348495,1.912038,0.894911
58.278793,-17.762500,13.071464,-1.394408,-0.245659,4.338299,2.366272,1.939653,0.851746
58.378757,-17.663882,13.087811,-1.418495,-0.236245,4.392485,2.390658,1.969540,0.820938
58.478721,-17.564912,13.101824,-1.441644,-0.226950,4.446558,2.420549,2.001763,0.795999
58.578684,-17.465641,13.113589,-1.463870,-0.217731,4.500646,2.457065,2.033218,0.773106
58.678648,-17.366147,13.123189,-1.485177,-0.208608,4.554893,2.549439,2.056817,0.737273
58.778612,-17.266464,13.130714,-1.505578,-0.199550,4.610505,2.645936,2.082957,0.715801
58.878575,-17.166662,13.136248,-1.525074,-0.190566,4.667520,2.746601,2.108849,0.698000
58.978539,-17.066760,13.139881,-1.543679,-0.181640,4.725978,2.852057,2.127078,0.667888
59.078502,-16.966822,13.141699,-1.561390,-0.172772,4.785924,2.946930,2.148040,0.653679
59.178466,-16.866853,13.141790,-1.578222,-0.163956,4.847086,3.036766,2.165460,0.633532
59.278430,-16.766911,13.140244,-1.594170,-0.155183,4.909315,3.132866,2.179141,0.614532
59.378393,-16.666990,13.137147,-1.609248,-0.146457,4.972697,3.235314,2.195771,0.607551
59.478357,-16.567139,13.132588,-1.623452,-0.137763,5.037316,3.350789,2.208636,0.593541
59.578321,-16.467346,13.126653,-1.636791,-0.129112,5.103378,3.477684,2.218607,0.575198
59.678284,-16.367652,13.119432,-1.649265,-0.120484,5.171049,3.612315,2.231737,0.566622
59.778248,-16.268038,13.111010,-1.660880,-0.111895,5.240415,3.754658,2.239577,0.552284
59.878211,-16.168538,13.101476,-1.671636,-0.103323,5.311554,3.884184,2.246631,0.547807
59.978175,-16.069129,13.090913,-1.681538,-0.094786,5.384158,4.019016,2.257071,0.554377
60.078139,-15.969837,13.079410,-1.690586,-0.086262,5.458266,4.163734,2.260583,0.527481
60.178102,-15.870635,13.067049,-1.698785,-0.077769,5.533996,4.352791,2.265503,0.503388
60.278066,-15.771544,13.053919,-1.706134,-0.069285,5.612072,4.596898,2.274036,0.499324
60.378030,-15.672534,13.040102,-1.712638,-0.060834,5.693365,4.853546,2.273952,0.505636
60.477993,-15.573622,13.025685,-1.718296,-0.052384,5.777954,5.093040,2.277504,0.520093
60.577957,-15.474776,13.010748,-1.723111,-0.043950,5.865407,5.280159,2.283045,0.521007
60.677920,-15.376007,12.995378,-1.727090,-0.035958,5.954716,5.466388,2.281968,0.512688
60.777884,-15.277284,12.979652,-1.730334,-0.028939,6.045785,5.635193,2.284908,0.506530
60.877848,-15.178618,12.963641,-1.732905,-0.023809,6.138253,5.750042,2.281124,0.492390
60.977811,-15.079982,12.947391,-1.735237,-0.022860,6.231191,5.713381,2.275583,0.498542
61.077775,-14.981390,12.930916,-1.737476,-0.021977,6.322183,5.682514,2.274199,0.513675
61.177739,-14.882830,12.914224,-1.739636,-0.021251,6.411403,5.631942,2.276986,0.504251
61.277702,-14.784307,12.897323,-1.741722,-0.020393,6.498621,5.582446,2.273894,0.504241
61.377666,-14.685816,12.880221,-1.743704,-0.019248,6.583931,5.533975,2.272553,0.514584
61.477629,-14.587360,12.862930,-1.745571,-0.018105,6.667424,5.486483,2.275415,0.509424
61.577593,-14.488934,12.845461,-1.747323,-0.016963,6.749181,5.439926,2.282475,0.503666
61.677557,-14.390539,12.827824,-1.748962,-0.015816,6.829278,5.394264,2.283182,0.500555
61.777520,-14.292171,12.810033,-1.750485,-0.014658,6.907785,5.349460,2.278483,0.497511
61.877484,-14.193830,12.792097,-1.751892,-0.013506,6.984769,5.305479,2.273343,0.505135
61.977448,-14.095512,12.774028,-1.753185,-0.012365,7.060291,5.262289,2.272457,0.515406
62.077411,-13.997218,12.755838,-1.754366,-0.011326,7.134408,5.219859,2.275842,0.506852
62.177375,-13.898944,12.737536,-1.755458,-0.010517,7.207175,5.178161,2.271264,0.508327
62.277338,-13.800690,12.719131,-1.756471,-0.009839,7.278642,5.137168,2.270756,0.493909
62.377302,-13.702453,12.700629,-1.757435,-0.009454,7.348856,5.096855,2.272729,0.498370
62.477266,-13.604235,12.682034,-1.758360,-0.009041,7.417863,5.057198,2.268346,0.512965
62.577229,-13.506032,12.663351,-1.759240,-0.008565,7.485704,5.018175,2.268274,0.511712
62.677193,-13.407846,12.644583,-1.760073,-0.008093,7.552419,4.979766,2.268661,0.510580
62.777157,-13.309675,12.625736,-1.760859,-0.007633,7.618046,4.941949,2.264735,0.503836
62.877120,-13.211519,12.606815,-1.761599,-0.007169,7.682620,4.904706,2.265142,0.495352
62.977084,-13.113376,12.587822,-1.762292,-0.006699,7.746175,4.868019,2.263979,0.506905
63.077047,-13.015246,12.568765,-1.762938,-0.006228,7.808744,4.831872,2.260555,0.518719
63.177011,-12.917128,12.549646,-1.763537,-0.005756,7.870356,4.796247,2.261485,0.513315
63.276975,-12.819021,12.530470,-1.764089,-0.005284,7.931041,4.761130,2.258812,0.519283
63.376938,-12.720923,12.511243,-1.764593,-0.004811,7.990825,4.726506,2.255932,0.507352
63.476902,-12.622836,12.491968,-1.765051,-0.004339,8.049736,4.692361,2.257432,0.505745
63.576866,-12.524756,12.472651,-1.765461,-0.003868,8.107797,4.658683,2.253071,0.523621
63.676829,-12.426684,12.453297,-1.765824,-0.003395,8.165033,4.625457,2.246537,0.517779
63.776793,-12.328619,12.433908,-1.766139,-0.002917,8.221467,4.592672,2.244406,0.519182
63.876756,-12.230559,12.414492,-1.766407,-0.002436,8.277121,4.560316,2.234087,0.529088
63.976720,-12.132504,12.395051,-1.766626,-0.001948,8.332014,4.528379,2.228030,0.514770
64.076684,-12.034453,12.375591,-1.766796,-0.001459,8.386167,4.496850,2.226430,0.519661
64.176647,-11.936404,12.356117,-1.766918,-0.000971,8.439600,4.465718,2.227516,0.531378
64.276611,-11.838358,12.336634,-1.766990,-0.000482,8.492330,4.434974,2.222135,0.520273
64.376575,-11.740312,12.317146,-1.767014,0.000005,8.544375,4.404608,2.221239,0.528200
64.476538,-11.642267,12.297657,-1.766989,0.000493,8.595751,4.374612,2.224193,0.547093
64.576502,-11.544220,12.278174,-1.766916,0.000981,8.646476,4.344976,2.219572,0.530145
64.676465,-11.446172,12.258700,-1.766793,0.001469,8.696564,4.315692,2.219458,0.516691
64.776429,-11.348120,12.239241,-1.766622,0.001957,8.746030,4.286753,2.214587,0.511284
64.876393,-11.250065,12.219801,-1.766402,0.002444,8.794890,4.258151,2.210702,0.510680
64.976356,-11.152005,12.200384,-1.766133,0.002932,8.843156,4.229877,2.211358,0.507612
65.076320,-11.053940,12.180997,-1.765816,0.003420,8.890842,4.201926,2.208494,0.517411
65.176284,-10.955867,12.161643,-1.765450,0.003908,8.937961,4.174290,2.205429,0.529726
65.276247,-10.857788,12.142327,-1.765034,0.004395,8.984526,4.146962,2.206931,0.523009
65.376211,-10.759700,12.123055,-1.764571,0.004879,9.030548,4.119936,2.202825,0.523340
65.476174,-10.661602,12.103830,-1.764059,0.005333,9.076039,4.093206,2.200629,0.507412
65.576138,-10.563494,12.084658,-1.763507,0.005720,9.121010,4.066766,2.203024,0.505640
65.676102,-10.465376,12.065541,-1.762918,0.005992,9.165473,4.040609,2.197712,0.491958
65.776065,-10.367246,12.046484,-1.762318,0.006011,9.209436,4.014731,2.196425,0.498297
65.876029,-10.269105,12.027485,-1.761716,0.006002,9.252911,3.989125,2.198216,0.517342
65.975993,-10.170952,12.008545,-1.761120,0.005930,9.295908,3.963788,2.193244,0.536330
66.075956,-10.072787,11.989663,-1.760531,0.005857,9.338435,3.938712,2.192881,0.542580
66.175920,-9.974612,11.970839,-1.759949,0.005782,9.380503,3.913894,2.193489,0.533291
66.275883,-9.876426,11.952071,-1.759375,0.005708,9.422119,3.889329,2.189428,0.542523
66.375847,-9.778229,11.933360,-1.758808,0.005634,9.463293,3.865012,2.189985,0.561244
66.475811,-9.680022,11.914703,-1.758248,0.005560,9.504032,3.840938,2.184281,0.561277
66.575774,-9.581805,11.896102,-1.757696,0.005486,9.544346,3.817103,2.176676,0.555322
66.675738,-9.483577,11.877554,-1.757152,0.005412,9.584241,3.793503,2.173701,0.567149
66.775702,-9.385339,11.859059,-1.756614,0.005338,9.623726,3.770134,2.174212,0.561757
66.875665,-9.287091,11.840617,-1.756084,0.005264,9.662808,3.746992,2.167430,0.558554
66.975629,-9.188834,11.822226,-1.755562,0.005190,9.701494,3.724072,2.165299,0.572993
67.075592,-9.090567,11.803887,-1.755047,0.005116,9.739791,3.701372,2.167833,0.562238
67.175556,-8.992291,11.785598,-1.754539,0.005042,9.777706,3.678886,2.175013,0.561774
67.275520,-8.894005,11.767358,-1.754038,0.004968,9.815245,3.656613,2.175686,0.577972
67.375483,-8.795711,11.749167,-1.753546,0.004894,9.852416,3.634547,2.167574,0.562736
67.475447,-8.697407,11.731024,-1.753060,0.004820,9.889223,3.612687,2.162588,0.564998
67.575411,-8.599095,11.712929,-1.752582,0.004746,9.925675,3.591028,2.162265,0.575821
67.675374,-8.500774,11.694880,-1.752111,0.004672,9.961775,3.569567,2.165105,0.563265
67.775338,-8.402445,11.676877,-1.751648,0.004598,9.997530,3.548301,2.161012,0.568240
67.875301,-8.304108,11.658919,-1.751192,0.004524,10.032947,3.527228,2.161585,0.573705
67.975265,-8.205762,11.641006,-1.750743,0.004450,10.068029,3.506343,2.163176,0.563842
68.075229,-8.107409,11.623137,-1.750302,0.004376,10.102783,3.485645,2.159972,0.571519
68.175192,-8.009047,11.605310,-1.749868,0.004302,10.137213,3.465130,2.161434,0.571639
68.275156,-7.910678,11.587526,-1.749442,0.004228,10.171326,3.444795,2.161770,0.564485
68.375120,-7.812302,11.569783,-1.749023,0.004154,10.205125,3.424638,2.159449,0.574850
68.475083,-7.713918,11.552082,-1.748611,0.004080,10.238616,3.404657,2.161794,0.569644
68.575047,-7.615527,11.534420,-1.748207,0.004006,10.271803,3.384848,2.160866,0.565212
68.675010,-7.517129,11.516798,-1.747810,0.003932,10.304691,3.365209,2.159423,0.578251
68.774974,-7.418724,11.499215,-1.747421,0.003858,10.337285,3.345738,2.162644,0.567740
68.874938,-7.320312,11.481669,-1.747039,0.003784,10.369588,3.326432,2.160446,0.566042
68.974901,-7.221894,11.464161,-1.746664,0.003710,10.401606,3.307289,2.159875,0.581740
69.074865,-7.123469,11.446689,-1.746297,0.003636,10.433342,3.288306,2.163964,0.565947
69.174829,-7.025038,11.429253,-1.745937,0.003562,10.464800,3.269482,2.160489,0.566995
69.274792,-6.926600,11.411852,-1.745585,0.003488,10.495985,3.250814,2.157882,0.577976
69.374756,-6.828157,11.394485,-1.745240,0.003414,10.526900,3.232300,2.155185,0.564286
69.474719,-6.729707,11.377152,-1.744902,0.003340,10.557550,3.213938,2.147090,0.568091
69.574683,-6.631252,11.359852,-1.744572,0.003266,10.587937,3.195726,2.143665,0.573789
69.674647,-6.532791,11.342584,-1.744249,0.003192,10.618066,3.177661,2.144931,0.562781
69.774610,-6.434325,11.325348,-1.743934,0.003118,10.647940,3.159743,2.150879,0.569350
69.874574,-6.335853,11.308142,-1.743626,0.003044,10.677563,3.141968,2.161469,0.569743
69.974538,-6.237376,11.290966,-1.743325,0.002970,10.706937,3.124336,2.159476,0.561453
70.074501,-6.138894,11.273819,-1.743032,0.002896,10.736068,3.106843,2.153161,0.570792
70.174465,-6.040407,11.256701,-1.742746,0.002823,10.764957,3.089489,2.151505,0.565863
70.274428,-5.941915,11.239610,-1.742468,0.002748,10.793608,3.072272,2.154308,0.560326
70.374392,-5.843418,11.222547,-1.742197,0.002671,10.822024,3.055189,2.148767,0.572437
70.474356,-5.744917,11.205510,-1.741934,0.002594,10.850208,3.038240,2.147894,0.562175
70.574319,-5.646412,11.188499,-1.741679,0.002514,10.878163,3.021422,2.151697,0.559423
70.674283,-5.547902,11.171512,-1.741431,0.002435,10.905893,3.004734,2.150082,0.574305
70.774247,-5.449388,11.154549,-1.741192,0.002357,10.933400,2.988175,2.150046,0.558704
70.874210,-5.350870,11.137610,-1.740960,0.002278,10.960686,2.971742,2.154677,0.558769
70.974174,-5.252348,11.120692,-1.740736,0.002199,10.987756,2.955434,2.151742,0.570332
71.074137,-5.153823,11.103797,-1.740520,0.002120,11.014611,2.939250,2.152534,0.555479
71.174101,-5.055294,11.086922,-1.740312,0.002042,11.041254,-1.169752,2.156770,0.558387
71.274065,-4.956761,11.070068,-1.740112,0.001963,11.030658,-7.136057,2.153724,0.564655
71.374028,-4.858226,11.053233,-1.739920,0.001884,10.965798,-7.142813,2.155335,0.552527
71.473992,-4.759687,11.036416,-1.739735,0.001805,10.900490,-7.149341,2.158236,0.558302
71.573956,-4.661145,11.019617,-1.739559,0.001727,10.834728,-7.155643,2.156007,0.559225
71.673919,-4.562600,11.002836,-1.739390,0.001648,10.768506,-7.161717,2.158427,0.549876
71.773883,-4.464052,10.986070,-1.739229,0.001569,10.701818,-7.167563,2.159989,0.558536
71.873846,-4.365502,10.969320,-1.739077,0.001490,10.634656,-7.173180,2.158569,0.554072
71.973810,-4.266949,10.952585,-1.738932,0.001411,10.567015,-7.178569,2.161790,0.547555
72.073774,-4.168394,10.935863,-1.738794,0.001333,10.498886,-7.183730,2.158450,0.557122
72.173737,-4.069836,10.919155,-1.738665,0.001254,10.430263,-7.188662,2.153346,0.549227
72.273701,-3.971277,10.902459,-1.738544,0.001175,10.361138,-7.193365,2.152888,0.545590
72.373665,-3.872716,10.885774,-1.738430,0.001096,10.291503,-7.197840,2.151987,0.560053
72.473628,-3.774152,10.869101,-1.738324,0.001018,10.221349,-7.202085,2.147578,0.544722
72.573592,-3.675587,10.852437,-1.738227,0.000939,10.150670,-7.206101,2.147827,0.544009
72.673555,-3.577021,10.835783,-1.738137,0.000860,10.079454,-7.209888,2.152732,0.541757
72.773519,-3.478453,10.819137,-1.738055,0.000781,10.007694,-7.213447,2.162261,0.540588
72.873483,-3.379884,10.802499,-1.737981,0.000702,9.935380,-7.216775,2.163115,0.542837
72.973446,-3.281313,10.785867,-1.737914,0.000624,9.862502,-7.219875,2.155654,0.550032
73.073410,-3.182742,10.769242,-1.737856,0.000545,9.789050,-7.222745,2.152821,0.536855
73.173374,-3.084169,10.752622,-1.737805,0.000466,9.715013,-7.225386,2.154632,0.539198
73.273337,-2.985596,10.736007,-1.737763,0.000387,9.640380,-7.227798,2.157771,0.528073
73.373301,-2.887022,10.719396,-1.737728,0.000308,9.565139,-7.229981,2.155714,0.533556
73.473265,-2.788448,10.702788,-1.737701,0.000230,9.489279,-7.231934,2.158292,0.541820
73.573228,-2.689874,10.686182,-1.737682,0.000151,9.412787,-7.233659,2.160049,0.538074
73.673192,-2.591299,10.669577,-1.737671,0.000072,9.335650,-7.235153,2.158758,0.530719
73.773155,-2.492724,10.652973,-1.737668,-0.000007,9.257853,-7.223048,2.162093,0.542021
73.873119,-2.394148,10.636369,-1.737672,-0.000086,9.179530,-7.211071,2.162466,0.532727
73.973083,-2.295574,10.619765,-1.737685,-0.000164,9.100663,-7.199329,2.161932,0.528375
74.073046,-2.196999,10.603158,-1.737705,-0.000243,9.021238,-7.187822,2.166016,0.532105
74.173010,-2.098425,10.586549,-1.737733,-0.000322,8.941235,-7.176550,2.165000,0.527849
74.272974,-1.999851,10.569937,-1.737770,-0.000401,8.860638,-7.165510,2.165215,0.526550
74.372937,-1.901278,10.553322,-1.737814,-0.000480,8.779426,-7.154704,2.170036,0.540489
74.472901,-1.802706,10.536701,-1.737865,-0.000558,8.697580,-7.144131,2.167629,0.523473
74.572864,-1.704135,10.520075,-1.737925,-0.000637,8.615080,-7.133788,2.168584,0.525272
74.672828,-1.605564,10.503442,-1.737993,-0.000716,8.531902,-7.123671,2.173241,0.517098
74.772792,-1.506995,10.486803,-1.738068,-0.000795,8.448026,-7.113794,2.170333,0.519632
74.872755,-1.408428,10.470156,-1.738152,-0.000874,8.363426,-7.104162,2.170657,0.524565
74.972719,-1.309861,10.453500,-1.738243,-0.000952,8.278079,-7.094726,2.166678,0.527448
75.072683,-1.211297,10.436834,-1.738342,-0.001031,8.191957,-7.085455,2.159949,0.516359
75.172646,-1.112734,10.420159,-1.738449,-0.001111,8.105034,-7.076540,2.157825,0.513249
75.272610,-1.014173,10.403473,-1.738564,-0.001189,8.017280,-7.068097,2.160318,0.504473
75.372573,-0.915614,10.386774,-1.738687,-0.001264,7.928662,-7.059383,2.167411,0.513686
75.472537,-0.817056,10.370064,-1.738817,-0.001346,7.839153,-7.049952,2.178991,0.523734
75.572501,-0.718501,10.353340,-1.738956,-0.001444,7.748732,-7.034252,2.175327,0.516519
75.672464,-0.619949,10.336602,-1.739108,-0.001653,7.657447,-7.006315,2.170123,0.511640
75.772428,-0.521400,10.319847,-1.739294,-0.002087,7.565431,-6.960789,2.169501,0.496662
75.872392,-0.422854,10.303072,-1.739530,-0.002858,7.472891,-6.880583,2.169265,0.494574
75.972355,-0.324313,10.286269,-1.739888,-0.004305,7.380277,-6.801358,2.164656,0.510277
76.072319,-0.225779,10.269422,-1.740392,-0.005808,7.287572,-6.720339,2.164615,0.508378
76.172282,-0.127255,10.252519,-1.741053,-0.007424,7.194799,-6.643408,2.169128,0.508154
76.272246,-0.028743,10.235542,-1.741876,-0.009043,7.101896,-6.570343,2.166392,0.509834
76.372210,0.069752,10.218477,-1.742861,-0.010668,7.008804,-6.481146,2.166883,0.519997
76.472173,0.168230,10.201306,-1.744009,-0.012290,6.915749,-6.394194,2.171030,0.505530
76.572137,0.266687,10.184014,-1.745318,-0.013905,6.822698,-6.314693,2.167438,0.509357
76.672101,0.365120,10.166586,-1.746789,-0.015507,6.729541,-6.250685,2.168315,0.497346
76.772064,0.463525,10.149005,-1.748418,-0.017087,6.636041,-6.190160,2.170662,0.504524
76.872028,0.561901,10.131256,-1.750205,-0.018671,6.542130,-6.121826,2.167359,0.513348
76.971991,0.660243,10.113323,-1.752151,-0.020267,6.447910,-6.038727,2.168476,0.512814
77.071955,0.758546,10.095191,-1.754261,-0.022095,6.353600,-5.941567,2.168882,0.505574
77.171919,0.856809,10.076842,-1.756584,-0.024386,6.259421,-5.845977,2.165720,0.498364
77.271882,0.955028,10.058254,-1.759165,-0.028454,6.165354,-5.632799,2.166924,0.494160
77.371846,1.053190,10.039383,-1.762392,-0.036103,6.073338,-5.415932,2.165196,0.509168
77.471810,1.151291,10.020157,-1.766392,-0.044295,5.983531,-5.179778,2.161892,0.515842
77.571773,1.249299,10.000498,-1.771285,-0.053603,5.896360,-4.965578,2.162764,0.515363
77.671737,1.347208,9.980312,-1.777106,-0.062720,5.811567,-4.754354,2.156255,0.516571
77.771700,1.444981,9.959514,-1.783812,-0.071451,5.729205,-4.502875,2.147635,0.502224
77.871664,1.542609,9.938017,-1.791383,-0.079713,5.650092,-4.293936,2.142932,0.507613
77.971628,1.640058,9.915745,-1.799717,-0.087022,5.573604,-4.096808,2.133083,0.530003
78.071591,1.737315,9.892625,-1.808781,-0.094302,5.499636,-3.985949,2.122679,0.528711
78.171555,1.834346,9.868590,-1.818568,-0.101516,5.426702,-3.882374,2.116009,0.539022
78.271519,1.931131,9.843570,-1.829079,-0.108787,5.354709,-3.784773,2.113035,0.540383
78.371482,2.027637,9.817500,-1.840322,-0.116159,5.283581,-3.680607,2.113701,0.537635
78.471446,2.123832,9.790311,-1.852304,-0.123603,5.213480,-3.569515,2.101925,0.554364
78.571409,2.219687,9.761935,-1.865038,-0.131169,5.144583,-3.464091,2.082805,0.573543
78.671373,2.315157,9.732306,-1.878531,-0.138820,5.076826,-3.362915,2.067046,0.577493
78.771337,2.410213,9.701353,-1.892798,-0.146608,5.010172,-3.276072,2.054649,0.599683
78.871300,2.504796,9.669013,-1.907845,-0.154499,4.944375,-3.194523,2.040132,0.605286
78.971264,2.598878,9.635213,-1.923693,-0.162555,4.879362,-3.117879,2.020600,0.616466
79.071228,2.692387,9.599892,-1.940348,-0.170727,4.815063,-3.044672,2.004257,0.644697
79.171191,2.785292,9.562976,-1.957832,-0.179078,4.751433,-2.948107,1.984716,0.658891
79.271155,2.877507,9.524409,-1.976154,-0.187571,4.688999,-2.852802,1.960642,0.677151
79.371118,2.968997,9.484112,-1.995341,-0.196284,4.627781,-2.761116,1.939573,0.710893
79.471082,3.059663,9.442036,-2.015401,-0.205135,4.567749,-2.670941,1.913759,0.744235
79.571046,3.149464,9.398101,-2.036362,-0.214220,4.508918,-2.632095,1.884282,0.769106
79.671009,3.238285,9.352262,-2.058235,-0.223492,4.450181,-2.605979,1.857641,0.797535
79.770973,3.326077,9.304442,-2.081052,-0.232991,4.391253,-2.584658,1.825259,0.816001
79.870937,3.412714,9.254600,-2.104821,-0.242720,4.332016,-2.564746,1.789455,0.848118
79.970900,3.498132,9.202660,-2.129593,-0.252883,4.272423,-2.526880,1.756287,0.892493
80.070864,3.582195,9.148588,-2.155385,-0.263224,4.212886,-2.478546,1.717341,0.934005
80.170827,3.664820,9.092313,-2.182227,-0.273811,4.153658,-2.436242,1.674150,0.972680
80.270791,3.745861,9.033807,-2.210133,-0.284523,4.094607,-2.400602,1.633397,1.020003
80.370755,3.825216,8.973011,-2.239115,-0.295338,4.035574,-2.358583,1.588379,1.054924
80.470718,3.902731,8.909909,-2.269187,-0.306419,3.976722,-2.302632,1.536641,1.100449
80.570682,3.978287,8.844453,-2.300389,-0.317876,3.918413,-2.247784,1.487088,1.155391
80.670646,4.051715,8.776638,-2.332750,-0.329740,3.860643,-2.191681,1.434446,1.213202
80.770609,4.122876,8.706432,-2.366332,-0.342178,3.803470,-2.135493,1.368684,1.265360
80.870573,4.191587,8.633842,-2.401177,-0.355243,3.746925,-2.102899,1.303264,1.325715
80.970536,4.257682,8.558851,-2.437382,-0.369180,3.690395,-2.071312,1.239598,1.391278
81.070500,4.320962,8.481476,-2.475003,-0.383746,3.633855,-2.034014,1.177955,1.450206
81.170464,4.381231,8.401725,-2.514145,-0.399470,3.577464,-1.978587,1.118633,1.516311
81.270427,4.438254,8.319651,-2.554918,-0.417309,3.521743,-1.898362,1.061999,1.588693
81.370391,4.491808,8.235263,-2.597615,-0.436947,3.467440,-1.806359,1.008429,1.666554
81.470355,4.541643,8.148589,-2.642294,-0.457600,3.414967,-1.662591,0.943599,1.739031
81.570318,4.587456,8.059728,-2.689283,-0.482980,3.365948,-1.582362,0.880917,1.816704
81.670282,4.628924,7.968763,-2.738801,-0.503409,3.318621,-1.579264,0.821533,1.899222
81.770245,4.665759,7.875850,-2.789689,-0.514768,3.270705,-1.593544,0.766206,1.985879
81.870209,4.697758,7.781188,-2.841850,-0.532395,3.221633,-1.507815,0.715917,2.075998
81.970173,4.724679,7.684934,-2.896317,-0.557539,3.174502,-1.445867,0.671756,2.163723
82.070136,4.746206,7.587284,-2.953296,-0.581047,3.128641,-1.359472,0.634903,2.254555
82.170100,4.762017,7.488579,-3.012653,-0.607422,3.084899,-1.196736,0.606614,2.348240
82.270064,4.771803,7.389094,-3.075006,-0.641273,3.045872,-1.003997,0.587769,2.444254
82.370027,4.775193,7.289239,-3.140894,-0.677249,3.012742,-0.965710,0.563661,2.450226
82.469991,4.771826,7.189274,3.073251,-0.697397,2.980527,-0.927927,0.549947,2.426634
82.569954,4.761503,7.089873,3.002621,-0.718090,2.949241,-0.636472,0.539633,2.413890
82.669918,4.744034,6.991360,2.928761,-0.763794,2.927589,-0.205033,0.522191,2.408708
82.769882,4.719157,6.894691,2.849768,-0.818382,2.920579,-0.181230,0.504755,2.411253
82.869845,4.686526,6.800363,2.767603,-0.809201,2.914370,-0.236017,0.498679,2.425952
82.969809,4.646348,6.708873,2.688640,-0.770162,2.906263,-0.439358,0.504469,2.448997
83.069773,4.599281,6.620954,2.610708,-0.808563,2.891111,-0.032288,0.505842,2.468298
83.169736,4.545074,6.536810,2.526967,-0.862888,2.889995,-0.032288,0.516847,2.499274
83.269700,4.484163,6.457829,2.443781,-0.789898,2.888878,0.541958,0.538211,2.541431
83.369663,4.416909,6.383587,2.368542,-0.715146,2.907571,1.079809,0.569308,2.593798
83.469627,4.344804,6.314660,2.299508,-0.669615,2.944461,1.303358,0.608871,2.654457
83.569591,4.267951,6.250455,2.234843,-0.621036,2.988382,1.542678,0.655893,2.644374
83.669554,4.187516,6.191275,2.176703,-0.543778,3.039548,2.051698,0.708867,2.548945
83.769518,4.103797,6.136446,2.125616,-0.479436,3.106290,2.436093,0.758524,2.455511
83.869482,4.017615,6.085779,2.079552,-0.442211,3.183721,2.564333,0.809694,2.364660
83.969445,3.929311,6.038981,2.037379,-0.400985,3.263244,2.764836,0.857035,2.276647
84.069409,3.839276,5.995790,1.999520,-0.357576,3.346868,3.039319,0.899716,2.191804
84.169372,3.747575,5.955767,1.965816,-0.316497,3.436447,3.317682,0.939380,2.105835
84.269336,3.654776,5.918715,1.936182,-0.276680,3.531638,3.605638,0.983867,2.022555
84.369300,3.560913,5.884217,1.910487,-0.237289,3.632263,3.906226,1.033838,1.934894
84.469263,3.466317,5.851976,1.888727,-0.198230,3.738220,4.245950,1.088759,1.849472
84.569227,3.371057,5.821601,1.870843,-0.159563,3.850087,4.678757,1.130461,1.766654
84.669191,3.275338,5.792755,1.856822,-0.120953,3.969708,5.173973,1.173699,1.686680
84.769154,3.179290,5.765071,1.846656,-0.082473,4.097927,5.691466,1.222559,1.609737
84.869118,3.082979,5.738169,1.840329,-0.044045,4.234487,6.268858,1.264057,1.535958
84.969081,2.986614,5.711710,1.837851,-0.005525,4.379977,-5.428730,1.304245,1.457318
85.069045,2.890147,5.685279,1.839236,0.033257,4.254274,-5.983084,1.350642,1.381402
85.169009,2.793879,5.658559,1.844507,0.072314,4.111285,-5.436649,1.393988,1.308578
85.268972,2.697678,5.631105,1.853711,0.111775,3.976900,-4.909341,1.434549,1.238909
85.368936,2.601940,5.602624,1.866864,0.151661,3.851522,-4.443828,1.481663,1.172874
85.468900,2.506484,5.572642,1.884062,0.192232,3.734404,-4.076125,1.529017,1.110576
85.568863,2.411797,5.540891,1.905309,0.233339,3.623651,-3.739444,1.567216,1.052593
85.668827,2.317702,5.506874,1.930773,0.275799,3.518982,-3.413460,1.612856,0.998197
85.768790,2.224760,5.470348,1.960460,0.318816,3.420641,-3.113095,1.665490,0.941674
85.868754,2.132850,5.430801,1.994533,0.362426,3.328422,-2.836897,1.724974,0.889859
85.968718,2.042607,5.388032,2.032949,0.407110,3.242102,-2.571878,1.789503,0.843499
86.068681,1.954031,5.341543,2.076102,0.455780,3.161809,-2.330314,1.853699,0.796956
86.168645,1.867797,5.291146,2.124087,0.504598,3.087255,-2.146904,1.918203,0.746716
86.268609,1.784094,5.236394,2.176795,0.549728,3.016938,-1.952996,1.982847,0.695168
86.368572,1.703637,5.177208,2.234082,0.599206,2.951518,-1.627101,2.052127,0.649873
86.468536,1.626822,5.113250,2.297228,0.664034,2.895886,-1.327736,2.127880,0.611765
86.568499,1.554423,5.044344,2.366768,0.724941,2.849685,-1.018508,2.206945,0.581842
86.668463,1.487136,4.970300,2.442148,0.784512,2.813730,-0.550743,2.219706,0.554161
86.768427,1.425985,4.891354,2.524162,0.856528,2.794096,-0.132454,2.174888,0.526328
86.868390,1.371748,4.807411,2.612701,0.913455,2.789353,-0.030055,2.134687,0.508089
86.968354,1.325443,4.719010,2.705884,0.929521,2.788276,-0.030055,2.107208,0.500092
87.068318,1.287438,4.626635,2.795683,0.869724,2.787198,0.423982,2.085204,0.502755
87.168281,1.257579,4.531220,2.879970,0.809734,2.802363,0.814479,2.071060,0.516433
87.268245,1.235536,4.433791,2.956891,0.730367,2.831267,1.305686,2.069743,0.537744
87.368208,1.220651,4.334930,3.026311,0.665034,2.876998,1.634994,2.078594,0.552671
87.468172,1.212385,4.235343,3.090484,0.619894,2.933257,1.780359,2.087259,0.560945
87.568136,1.210303,4.135391,-3.132858,0.575306,2.993316,1.931837,2.106741,0.564872
87.668099,1.213967,4.035524,-3.077789,0.526927,3.057150,2.147310,2.062003,0.580533
87.768063,1.222889,3.935958,-3.027421,0.481620,3.126575,2.350061,1.983768,0.607432
87.868027,1.236592,3.836949,-2.981396,0.439588,3.200830,2.539458,1.909104,0.644493
87.967990,1.254638,3.738616,-2.939473,0.398855,3.279180,2.747822,1.839995,0.690376
88.067954,1.276586,3.641099,-2.901637,0.358343,3.361902,2.996360,1.776938,0.743688
88.167917,1.302017,3.544415,-2.867793,0.318690,3.449846,3.263950,1.720341,0.792544
88.267881,1.330513,3.448600,-2.837897,0.279586,3.543161,3.544346,1.654866,0.839791
88.367845,1.361680,3.353605,-2.811863,0.241242,3.641785,3.835505,1.592618,0.891064
88.467808,1.395126,3.259402,-2.789648,0.203295,3.745587,4.162519,1.529858,0.948216
88.567772,1.430484,3.165884,-2.771204,0.165594,3.855078,4.584493,1.469644,1.009356
88.667736,1.467381,3.072976,-2.756533,0.127968,3.972177,5.061654,1.415358,1.061621
88.767699,1.505469,2.980536,-2.745615,0.090382,4.097579,5.558954,1.367370,1.116365
88.867663,1.544386,2.888456,-2.738464,0.052690,4.231021,6.115855,1.316967,1.158947
88.967626,1.583791,2.796572,-2.735084,0.014831,4.373130,-2.810145,1.262925,1.206733
89.067590,1.623328,2.704756,-2.735505,-0.023278,4.308415,-6.132087,1.210375,1.260524
89.167554,1.662654,2.612841,-2.739748,-0.061710,4.163709,-5.580393,1.154830,1.304763
89.267517,1.701409,2.520695,-2.747855,-0.100524,4.027505,-5.050499,1.103596,1.351561
89.367481,1.739238,2.428157,-2.759860,-0.139779,3.900136,-4.566367,1.044961,1.404769
89.467445,1.775766,2.335107,-2.775818,-0.179562,3.781286,-4.173841,0.991737,1.463985
89.567408,1.810620,2.241411,-2.795776,-0.219841,3.669286,-3.838189,0.943526,1.519073
89.667372,1.843403,2.146981,-2.819791,-0.260733,3.563187,-3.527419,0.884802,1.575813
89.767335,1.873717,2.051720,-2.847921,-0.302194,3.462813,-3.225548,0.828577,1.628107
89.867299,1.901135,1.955599,-2.880240,-0.344559,3.368412,-2.948910,0.771694,1.687129
89.967263,1.925227,1.858585,-2.916833,-0.387765,3.279730,-2.710567,0.721103,1.752472
90.067226,1.945539,1.760723,-2.957796,-0.431980,3.196046,-2.512838,0.677887,1.823667
90.167190,1.961611,1.662049,-3.003192,-0.475932,3.116461,-2.323224,0.643163,1.891054
90.267154,1.972967,1.562751,-3.053025,-0.521587,3.041028,-2.137520,0.609297,1.963120
90.367117,1.979130,1.462983,-3.107561,-0.570023,2.969933,-1.967534,0.579781,2.034170
90.467081,1.979602,1.363060,3.116160,-0.620063,2.902954,-1.810485,0.560920,2.072320
90.567044,1.973884,1.263293,3.051681,-0.670574,2.839925,-1.639568,0.553356,2.052802
90.667008,1.961493,1.164130,2.981997,-0.724173,2.781615,-1.468745,0.540942,2.044674
90.766972,1.941931,1.065983,2.906838,-0.778056,2.728322,-1.162712,0.521302,2.046805
90.866935,1.914833,0.969828,2.825824,-0.846387,2.685383,-0.649469,0.510535,2.054223
90.966899,1.879654,0.876223,2.736900,-0.933898,2.661096,-0.027354,0.506597,2.063951
91.066863,1.835994,0.786482,2.639235,-1.021281,2.660069,-0.027354,0.498989,2.083080
91.166826,1.783557,0.701611,2.538051,-0.978293,2.659040,0.286786,0.501238,2.109676
91.266790,1.722942,0.622077,2.443922,-0.905352,2.669800,0.755903,0.513516,2.147682
91.366753,1.655430,0.548411,2.356610,-0.843370,2.697954,1.068774,0.535695,2.153837
91.466717,1.581906,0.480663,2.274907,-0.792686,2.737268,1.260946,0.567041,2.083758
91.566681,1.503262,0.418962,2.197993,-0.745578,2.782936,1.408043,0.606371,2.009128
91.666644,1.420267,0.363308,2.125762,-0.700379,2.833062,1.538141,0.642442,1.942239
91.766608,1.333582,0.313609,2.057550,-0.665233,2.886824,1.591190,0.681757,1.883919
91.866572,1.243743,0.269761,1.992709,-0.632182,2.941407,1.640648,0.726081,1.832130
