# x,y
2.221935,-1.705411
2.171935,-1.655411
2.121935,-1.655411
2.071935,-1.655411
2.021935,-1.655411
1.971935,-1.655411
1.921935,-1.655411
1.871935,-1.655411
1.821935,-1.655411
1.771935,-1.655411
1.721935,-1.655411
1.671935,-1.605411
1.621935,-1.605411
1.571935,-1.605411
1.521935,-1.605411
1.471935,-1.605411
1.421935,-1.605411
1.371935,-1.605411
1.321935,-1.605411
1.271935,-1.605411
1.221935,-1.605411
1.171935,-1.555411
1.121935,-1.555411
1.071935,-1.555411
1.021935,-1.555411
0.971935,-1.555411
0.921935,-1.555411
0.871935,-1.555411
0.821935,-1.555411
0.771935,-1.555411
0.721935,-1.555411
0.671935,-1.505411
0.621935,-1.505411
0.571935,-1.505411
0.521935,-1.505411
0.471935,-1.505411
0.421935,-1.505411
0.371935,-1.505411
0.321935,-1.505411
0.271935,-1.505411
0.221935,-1.505411
0.171935,-1.455411
0.121935,-1.455411
0.071935,-1.455411
0.021935,-1.455411
-0.028065,-1.455411
-0.078065,-1.455411
-0.128065,-1.455411
-0.178065,-1.455411
-0.228065,-1.455411
-0.278065,-1.455411
-0.328065,-1.405411
-0.378065,-1.405411
-0.428065,-1.405411
-0.478065,-1.405411
-0.528065,-1.405411
-0.578065,-1.405411
-0.628065,-1.405411
-0.678065,-1.405411
-0.728065,-1.405411
-0.778065,-1.405411
-0.828065,-1.355411
-0.878065,-1.355411
-0.928065,-1.355411
-0.978065,-1.355411
-1.028065,-1.355411
-1.078065,-1.355411
-1.128065,-1.355411
-1.178065,-1.355411
-1.228065,-1.355411
-1.278065,-1.355411
-1.328065,-1.305411
-1.378065,-1.305411
-1.428065,-1.305411
-1.478065,-1.305411
-1.528065,-1.305411
-1.578065,-1.305411
-1.628065,-1.305411
-1.678065,-1.305411
-1.728065,-1.305411
-1.778065,-1.305411
-1.828065,-1.255411
-1.878065,-1.255411
-1.928065,-1.255411
-1.978065,-1.255411
-2.028065,-1.255411
-2.078065,-1.255411
-2.128065,-1.255411
-2.178065,-1.255411
-2.228065,-1.255411
-2.278065,-1.255411
-2.328065,-1.205411
-2.378065,-1.205411
-2.428065,-1.205411
-2.478065,-1.205411
-2.528065,-1.205411
-2.578065,-1.205411
-2.628065,-1.205411
-2.678065,-1.205411
-2.728065,-1.205411
-2.778065,-1.205411
-2.828065,-1.155411
-2.878065,-1.155411
-2.928065,-1.155411
-2.978065,-1.155411
-3.028065,-1.155411
-3.078065,-1.155411
-3.128065,-1.155411
-3.178065,-1.155411
-3.228065,-1.155411
-3.278065,-1.155411
-3.328065,-1.105411
-3.378065,-1.105411
-3.428065,-1.105411
-3.478065,-1.105411
-3.528065,-1.105411
-3.578065,-1.105411
-3.628065,-1.105411
-3.678065,-1.105411
-3.728065,-1.105411
-3.778065,-1.105411
-3.828065,-1.055411
-3.878065,-1.055411
-3.928065,-1.055411
-3.978065,-1.055411
-4.028065,-1.055411
-4.078065,-1.055411
-4.128065,-1.055411
-4.178065,-1.055411
-4.228065,-1.055411
-4.278065,-1.055411
-4.328065,-1.005411
-4.378065,-1.005411
-4.428065,-1.005411
-4.478065,-1.005411
-4.528065,-1.005411
-4.578065,-1.005411
-4.628065,-1.005411
-4.678065,-1.005411
-4.728065,-1.005411
-4.778065,-1.005411
-4.828065,-0.955411
-4.878065,-0.955411
-4.928065,-0.955411
-4.978065,-0.955411
-5.028065,-0.955411
-5.078065,-0.955411
-5.128065,-0.955411
-5.178065,-0.955411
-5.228065,-0.955411
-5.278065,-0.955411
-5.328065,-0.905411
-5.378065,-0.905411
-5.428065,-0.905411
-5.478065,-0.905411
-5.528065,-0.905411
-5.578065,-0.905411
-5.628065,-0.905411
-5.678065,-0.905411
-5.728065,-0.905411
-5.778065,-0.905411
-5.778065,-0.855411
-5.778065,-0.805411
-5.778065,-0.755411
-5.778065,-0.705411
-5.778065,-0.655411
-5.778065,-0.605411
-5.778065,-0.555411
-5.778065,-0.505411
-5.778065,-0.455411
-5.778065,-0.405411
-5.778065,-0.355411
-5.778065,-0.305411
-5.778065,-0.255411
-5.778065,-0.205411
-5.778065,-0.155411
-5.778065,-0.105411
-5.728065,-0.105411
-5.678065,-0.055411
-5.628065,-0.005411
-5.578065,-0.005411
-5.528065,0.044589
-5.478065,0.044589
-5.428065,0.094589
-5.378065,0.144589
-5.328065,0.144589
-5.278065,0.194589
-5.228065,0.244589
-5.178065,0.244589
-5.128065,0.294589
-5.078065,0.294589
-5.028065,0.344589
-4.978065,0.394589
-4.928065,0.394589
-4.878065,0.444589
-4.828065,0.494589
-4.778065,0.494589
-4.728065,0.544589
-4.678065,0.594589
-4.628065,0.594589
-4.578065,0.644589
-4.528065,0.644589
-4.478065,0.694589
-4.428065,0.744589
-4.378065,0.744589
-4.328065,0.794589
-4.278065,0.844589
-4.228065,0.844589
-4.178065,0.894589
-4.128065,0.894589
-4.078065,0.944589
-4.028065,0.994589
-3.978065,0.994589
-3.928065,1.044589
-3.878065,1.094589
-3.878065,1.144589
-3.878065,1.194589
-3.878065,1.244589
-3.878065,1.294589
-3.878065,1.344589
-3.878065,1.394589
-3.928065,1.444589
-3.978065,1.444589
-4.028065,1.444589
-4.078065,1.444589
-4.128065,1.444589
-4.178065,1.444589
-4.228065,1.444589
-4.278065,1.394589
-4.328065,1.394589
-4.378065,1.344589
-4.428065,1.294589
-4.478065,1.294589
-4.528065,1.244589
-4.578065,1.244589
-4.628065,1.194589
-4.678065,1.144589
-4.728065,1.144589
-4.778065,1.094589
-4.828065,1.044589
-4.878065,1.044589
-4.928065,0.994589
-4.978065,0.994589
-5.028065,0.944589
-5.078065,0.894589
-5.128065,0.894589
-5.178065,0.844589
-5.228065,0.794589
-5.278065,0.794589
-5.328065,0.744589
-5.378065,0.694589
-5.428065,0.694589
-5.478065,0.644589
-5.528065,0.644589
-5.578065,0.594589
-5.628065,0.544589
-5.678065,0.544589
-5.728065,0.494589
-5.778065,0.444589
-5.828065,0.444589
-5.878065,0.394589
-5.928065,0.394589
-5.978065,0.344589
-6.028065,0.294589
-6.078065,0.294589
-6.128065,0.244589
-6.178065,0.194589
-6.228065,0.194589
-6.278065,0.144589
-6.328065,0.094589
-6.378065,0.094589
-6.428065,0.044589
-6.478065,0.044589
-6.528065,-0.005411
-6.578065,-0.055411
-6.628065,-0.055411
-6.678065,-0.105411
-6.728065,-0.155411
-6.778065,-0.155411
-6.828065,-0.205411
-6.878065,-0.255411
-6.928065,-0.255411
-6.978065,-0.305411
-7.028065,-0.305411
-7.078065,-0.355411
-7.128065,-0.405411
-7.178065,-0.405411
-7.228065,-0.455411
-7.278065,-0.505411
-7.328065,-0.505411
-7.378065,-0.555411
-7.428065,-0.555411
-7.478065,-0.605411
-7.528065,-0.655411
-7.578065,-0.655411
-7.628065,-0.655411
-7.678065,-0.655411
-7.728065,-0.655411
-7.778065,-0.655411
-7.828065,-0.655411
-7.878065,-0.655411
-7.928065,-0.655411
-7.978065,-0.655411
-8.028065,-0.655411
-8.078065,-0.655411
-8.128065,-0.655411
-8.178065,-0.655411
-8.228065,-0.655411
-8.278065,-0.655411
-8.328065,-0.655411
-8.378065,-0.655411
-8.428065,-0.655411
-8.478065,-0.655411
-8.528065,-0.655411
-8.578065,-0.655411
-8.628065,-0.605411
-8.678065,-0.605411
-8.728065,-0.605411
-8.778065,-0.605411
-8.828065,-0.605411
-8.878065,-0.555411
-8.928065,-0.555411
-8.978065,-0.555411
-9.028065,-0.555411
-9.078065,-0.555411
-9.128065,-0.505411
-9.178065,-0.505411
-9.228065,-0.505411
-9.278065,-0.505411
-9.328065,-0.505411
-9.378065,-0.455411
-9.428065,-0.455411
-9.478065,-0.455411
-9.528065,-0.455411
-9.578065,-0.455411
-9.628065,-0.405411
-9.678065,-0.405411
-9.728065,-0.405411
-9.778065,-0.405411
-9.828065,-0.405411
-9.878065,-0.355411
-9.928065,-0.355411
-9.978065,-0.355411
-10.028065,-0.355411
-10.078065,-0.355411
-10.128065,-0.305411
-10.178065,-0.305411
-10.228065,-0.305411
-10.278065,-0.305411
-10.328065,-0.305411
-10.378065,-0.255411
-10.428065,-0.255411
-10.478065,-0.255411
-10.528065,-0.255411
-10.578065,-0.255411
-10.628065,-0.205411
-10.678065,-0.205411
-10.728065,-0.205411
-10.778065,-0.205411
-10.828065,-0.155411
-10.878065,-0.155411
-10.928065,-0.155411
-10.978065,-0.155411
-11.028065,-0.155411
-11.078065,-0.105411
-11.128065,-0.105411
-11.178065,-0.105411
-11.228065,-0.105411
-11.278065,-0.105411
-11.328065,-0.055411
-11.378065,-0.055411
-11.428065,-0.055411
-11.478065,-0.055411
-11.528065,-0.055411
-11.578065,-0.005411
-11.628065,-0.005411
-11.678065,-0.005411
-11.728065,-0.005411
-11.778065,-0.005411
-11.828065,0.044589
-11.878065,0.044589
-11.928065,0.044589
-11.978065,0.044589
-12.028065,0.044589
-12.078065,0.094589
-12.128065,0.094589
-12.178065,0.094589
-12.228065,0.094589
-12.278065,0.094589
-12.328065,0.144589
-12.378065,0.144589
-12.428065,0.144589
-12.478065,0.144589
-12.528065,0.144589
-12.578065,0.194589
-12.628065,0.194589
-12.678065,0.194589
-12.728065,0.194589
-12.778065,0.194589
-12.828065,0.244589
-12.878065,0.244589
-12.928065,0.244589
-12.978065,0.244589
-13.028065,0.294589
-13.078065,0.294589
-13.128065,0.294589
-13.178065,0.294589
-13.228065,0.294589
-13.278065,0.344589
-13.328065,0.344589
-13.378065,0.344589
-13.428065,0.344589
-13.478065,0.344589
-13.528065,0.394589
-13.578065,0.394589
-13.628065,0.394589
-13.678065,0.394589
-13.728065,0.394589
-13.778065,0.444589
-13.828065,0.444589
-13.878065,0.444589
-13.928065,0.444589
-13.978065,0.444589
-14.028065,0.494589
-14.078065,0.494589
-14.128065,0.494589
-14.178065,0.494589
-14.228065,0.494589
-14.278065,0.544589
-14.328065,0.544589
-14.378065,0.544589
-14.428065,0.544589
-14.478065,0.544589
-14.528065,0.594589
-14.528065,0.644589
-14.528065,0.694589
-14.528065,0.744589
-14.528065,0.794589
-14.528065,0.844589
-14.528065,0.894589
-14.528065,0.944589
-14.528065,0.994589
-14.528065,1.044589
-14.528065,1.094589
-14.528065,1.144589
-14.528065,1.194589
-14.528065,1.244589
-14.528065,1.294589
-14.528065,1.344589
-14.528065,1.394589
-14.528065,1.444589
-14.478065,1.494589
-14.478065,1.544589
-14.478065,1.594589
-14.428065,1.644589
-14.428065,1.694589
-14.378065,1.744589
-14.378065,1.794589
-14.378065,1.844589
-14.328065,1.894589
-14.328065,1.944589
-14.278065,1.994589
-14.278065,2.044589
-14.228065,2.094589
-14.228065,2.144589
-14.228065,2.194589
-14.178065,2.244589
-14.178065,2.294589
-14.128065,2.344589
-14.128065,2.394589
-14.128065,2.444589
-14.078065,2.494589
-14.078065,2.544589
-14.028065,2.594589
-14.028065,2.644589
-14.028065,2.694589
-13.978065,2.744589
-13.978065,2.794589
-13.928065,2.844589
-13.928065,2.894589
-13.928065,2.944589
-13.878065,2.994589
-13.878065,3.044589
-13.828065,3.094589
-13.828065,3.144589
-13.828065,3.194589
-13.778065,3.244589
-13.778065,3.294589
-13.728065,3.344589
-13.728065,3.394589
-13.728065,3.444589
-13.678065,3.494589
-13.678065,3.544589
-13.628065,3.594589
-13.628065,3.644589
-13.578065,3.644589
-13.528065,3.694589
-13.478065,3.744589
-13.428065,3.744589
-13.378065,3.794589
-13.328065,3.844589
-13.278065,3.844589
-13.228065,3.894589
-13.178065,3.944589
-13.128065,3.944589
-13.078065,3.994589
-13.028065,4.044589
-12.978065,4.044589
-12.928065,4.094589
-12.878065,4.144589
-12.828065,4.144589
-12.778065,4.194589
-12.728065,4.244589
-12.678065,4.244589
-12.628065,4.294589
-12.578065,4.294589
-12.528065,4.344589
-12.478065,4.394589
-12.428065,4.394589
-12.378065,4.444589
-12.328065,4.494589
-12.278065,4.494589
-12.228065,4.544589
-12.178065,4.594589
-12.128065,4.594589
-12.078065,4.644589
-12.028065,4.694589
-11.978065,4.694589
-11.928065,4.744589
-11.878065,4.794589
-11.828065,4.794589
-11.778065,4.844589
-11.728065,4.894589
-11.678065,4.894589
-11.628065,4.944589
-11.578065,4.994589
-11.528065,4.994589
-11.478065,5.044589
-11.428065,5.094589
-11.378065,5.094589
-11.328065,5.144589
-11.278065,5.194589
-11.228065,5.194589
-11.178065,5.244589
-11.128065,5.294589
-11.078065,5.294589
-11.028065,5.344589
-10.978065,5.394589
-10.928065,5.394589
-10.878065,5.444589
-10.828065,5.494589
-10.778065,5.494589
-10.728065,5.544589
-10.678065,5.544589
-10.628065,5.594589
-10.578065,5.644589
-10.528065,5.644589
-10.478065,5.694589
-10.428065,5.744589
-10.378065,5.744589
-10.328065,5.794589
-10.278065,5.844589
-10.228065,5.844589
-10.178065,5.894589
-10.128065,5.944589
-10.078065,5.944589
-10.028065,5.994589
-9.978065,6.044589
-9.928065,6.044589
-9.878065,6.094589
-9.828065,6.144589
-9.778065,6.144589
-9.728065,6.144589
-9.678065,6.144589
-9.628065,6.144589
-9.578065,6.144589
-9.528065,6.144589
-9.478065,6.144589
-9.428065,6.144589
-9.378065,6.144589
-9.328065,6.144589
-9.278065,6.144589
-9.228065,6.144589
-9.178065,6.144589
-9.128065,6.144589
-9.078065,6.144589
-9.028065,6.144589
-8.978065,6.144589
-8.928065,6.144589
-8.878065,6.144589
-8.828065,6.144589
-8.778065,6.144589
-8.728065,6.144589
-8.678065,6.144589
-8.628065,6.144589
-8.578065,6.144589
-8.528065,6.144589
-8.478065,6.144589
-8.428065,6.144589
-8.378065,6.094589
-8.328065,6.094589
-8.278065,6.094589
-8.228065,6.094589
-8.178065,6.094589
-8.128065,6.094589
-8.078065,6.094589
-8.028065,6.094589
-7.978065,6.094589
-7.928065,6.094589
-7.878065,6.094589
-7.828065,6.094589
-7.778065,6.094589
-7.728065,6.094589
-7.678065,6.094589
-7.628065,6.094589
-7.578065,6.094589
-7.528065,6.044589
-7.478065,6.044589
-7.428065,6.044589
-7.378065,6.044589
-7.328065,6.044589
-7.278065,6.044589
-7.228065,6.044589
-7.178065,6.044589
-7.128065,6.044589
-7.078065,6.044589
-7.028065,6.044589
-6.978065,6.044589
-6.928065,6.044589
-6.878065,6.044589
-6.828065,6.044589
-6.778065,6.044589
-6.728065,6.044589
-6.678065,6.044589
-6.628065,5.994589
-6.578065,5.994589
-6.528065,5.994589
-6.478065,5.994589
-6.428065,5.994589
-6.378065,5.994589
-6.328065,5.994589
-6.278065,5.994589
-6.228065,5.994589
-6.178065,5.994589
-6.128065,5.994589
-6.078065,5.994589
-6.028065,5.994589
-5.978065,5.994589
-5.928065,5.994589
-5.878065,5.994589
-5.828065,5.994589
-5.778065,5.944589
-5.728065,5.944589
-5.678065,5.944589
-5.628065,5.944589
-5.578065,5.944589
-5.528065,5.944589
-5.478065,5.944589
-5.428065,5.944589
-5.378065,5.944589
-5.328065,5.944589
-5.278065,5.944589
-5.228065,5.944589
-5.178065,5.944589
-5.128065,5.944589
-5.078065,5.944589
-5.028065,5.944589
-4.978065,5.944589
-4.928065,5.944589
-4.878065,5.894589
-4.828065,5.894589
-4.778065,5.894589
-4.728065,5.894589
-4.678065,5.894589
-4.628065,5.894589
-4.578065,5.894589
-4.528065,5.894589
-4.478065,5.894589
-4.428065,5.894589
-4.378065,5.894589
-4.328065,5.894589
-4.278065,5.894589
-4.228065,5.894589
-4.178065,5.894589
-4.128065,5.944589
-4.128065,5.994589
-4.128065,6.044589
-4.128065,6.094589
-4.128065,6.144589
-4.128065,6.194589
-4.128065,6.244589
-4.178065,6.294589
-4.228065,6.294589
-4.278065,6.294589
-4.328065,6.294589
-4.378065,6.294589
-4.428065,6.294589
-4.478065,6.294589
-4.528065,6.294589
-4.578065,6.294589
-4.628065,6.344589
-4.678065,6.344589
-4.728065,6.344589
-4.778065,6.344589
-4.828065,6.344589
-4.878065,6.344589
-4.928065,6.344589
-4.978065,6.344589
-5.028065,6.344589
-5.078065,6.344589
-5.128065,6.344589
-5.178065,6.344589
-5.228065,6.344589
-5.278065,6.344589
-5.328065,6.344589
-5.378065,6.344589
-5.428065,6.344589
-5.478065,6.344589
-5.528065,6.394589
-5.578065,6.394589
-5.628065,6.394589
-5.678065,6.394589
-5.728065,6.394589
-5.778065,6.394589
-5.828065,6.394589
-5.878065,6.394589
-5.928065,6.394589
-5.978065,6.394589
-6.028065,6.394589
-6.078065,6.394589
-6.128065,6.394589
-6.178065,6.394589
-6.228065,6.394589
-6.278065,6.394589
-6.328065,6.394589
-6.378065,6.444589
-6.428065,6.444589
-6.478065,6.444589
-6.528065,6.444589
-6.578065,6.444589
-6.628065,6.444589
-6.678065,6.444589
-6.728065,6.444589
-6.778065,6.444589
-6.828065,6.444589
-6.878065,6.444589
-6.928065,6.444589
-6.978065,6.444589
-7.028065,6.444589
-7.078065,6.444589
-7.128065,6.444589
-7.178065,6.444589
-7.228065,6.444589
-7.278065,6.494589
-7.328065,6.494589
-7.378065,6.494589
-7.428065,6.494589
-7.478065,6.494589
-7.528065,6.494589
-7.578065,6.494589
-7.628065,6.494589
-7.678065,6.494589
-7.728065,6.494589
-7.778065,6.494589
-7.828065,6.494589
-7.878065,6.494589
-7.928065,6.494589
-7.978065,6.494589
-8.028065,6.494589
-8.078065,6.494589
-8.128065,6.544589
-8.178065,6.544589
-8.228065,6.544589
-8.278065,6.544589
-8.328065,6.544589
-8.378065,6.544589
-8.428065,6.544589
-8.478065,6.544589
-8.528065,6.544589
-8.578065,6.544589
-8.628065,6.544589
-8.678065,6.544589
-8.728065,6.544589
-8.778065,6.544589
-8.828065,6.544589
-8.878065,6.544589
-8.928065,6.544589
-8.978065,6.544589
-9.028065,6.594589
-9.078065,6.594589
-9.128065,6.594589
-9.178065,6.594589
-9.228065,6.594589
-9.278065,6.594589
-9.328065,6.594589
-9.378065,6.594589
-9.428065,6.594589
-9.478065,6.594589
-9.528065,6.594589
-9.578065,6.594589
-9.628065,6.594589
-9.678065,6.594589
-9.728065,6.594589
-9.778065,6.594589
-9.828065,6.594589
-9.878065,6.594589
-9.928065,6.594589
-9.978065,6.594589
-10.028065,6.594589
-10.078065,6.544589
-10.128065,6.544589
-10.178065,6.494589
-10.228065,6.444589
-10.278065,6.444589
-10.328065,6.394589
-10.378065,6.344589
-10.428065,6.344589
-10.478065,6.294589
-10.528065,6.244589
-10.578065,6.244589
-10.628065,6.194589
-10.678065,6.144589
-10.728065,6.144589
-10.778065,6.094589
-10.828065,6.044589
-10.878065,6.044589
-10.928065,5.994589
-10.978065,5.944589
-11.028065,5.944589
-11.078065,5.894589
-11.128065,5.894589
-11.178065,5.844589
-11.228065,5.794589
-11.278065,5.794589
-11.328065,5.744589
-11.378065,5.694589
-11.428065,5.694589
-11.478065,5.644589
-11.528065,5.594589
-11.578065,5.594589
-11.628065,5.544589
-11.678065,5.494589
-11.728065,5.494589
-11.778065,5.444589
-11.828065,5.394589
-11.878065,5.394589
-11.928065,5.344589
-11.978065,5.294589
-12.028065,5.294589
-12.078065,5.244589
-12.128065,5.194589
-12.178065,5.194589
-12.228065,5.144589
-12.278065,5.094589
-12.328065,5.094589
-12.378065,5.044589
-12.428065,4.994589
-12.478065,4.994589
-12.528065,4.944589
-12.578065,4.894589
-12.628065,4.894589
-12.678065,4.844589
-12.728065,4.794589
-12.778065,4.794589
-12.828065,4.744589
-12.878065,4.694589
-12.928065,4.694589
-12.978065,4.644589
-13.028065,4.644589
-13.078065,4.594589
-13.128065,4.544589
-13.178065,4.544589
-13.228065,4.494589
-13.278065,4.444589
-13.328065,4.444589
-13.378065,4.394589
-13.428065,4.344589
-13.478065,4.344589
-13.528065,4.294589
-13.578065,4.244589
-13.628065,4.244589
-13.678065,4.194589
-13.728065,4.144589
-13.778065,4.144589
-13.828065,4.094589
-13.878065,4.044589
-13.928065,4.044589
-13.978065,3.994589
-14.028065,3.944589
-14.028065,3.894589
-14.078065,3.844589
-14.078065,3.794589
-14.128065,3.744589
-14.128065,3.694589
-14.128065,3.644589
-14.178065,3.594589
-14.178065,3.544589
-14.228065,3.494589
-14.228065,3.444589
-14.228065,3.394589
-14.278065,3.344589
-14.278065,3.294589
-14.328065,3.244589
-14.328065,3.194589
-14.328065,3.144589
-14.378065,3.094589
-14.378065,3.044589
-14.428065,2.994589
-14.428065,2.944589
-14.428065,2.894589
-14.478065,2.844589
-14.478065,2.794589
-14.528065,2.744589
-14.528065,2.694589
-14.528065,2.644589
-14.578065,2.594589
-14.578065,2.544589
-14.628065,2.494589
-14.628065,2.444589
-14.628065,2.394589
-14.678065,2.344589
-14.678065,2.294589
-14.728065,2.244589
-14.728065,2.194589
-14.778065,2.144589
-14.778065,2.094589
-14.778065,2.044589
-14.828065,1.994589
-14.828065,1.944589
-14.878065,1.894589
-14.878065,1.844589
-14.878065,1.794589
-14.928065,1.744589
-14.928065,1.694589
-14.978065,1.644589
-14.978065,1.594589
-14.978065,1.544589
-15.028065,1.494589
-15.028065,1.444589
-15.078065,1.394589
-15.078065,1.344589
-15.078065,1.294589
-15.128065,1.244589
-15.128065,1.194589
-15.178065,1.144589
-15.178065,1.094589
-15.178065,1.044589
-15.228065,0.994589
-15.228065,0.944589
-15.278065,0.894589
-15.328065,0.894589
-15.378065,0.894589
-15.428065,0.894589
-15.478065,0.894589
-15.528065,0.894589
-15.578065,0.894589
-15.628065,0.894589
-15.678065,0.894589
-15.728065,0.894589
-15.778065,0.894589
-15.828065,0.894589
-15.878065,0.894589
-15.928065,0.894589
-15.978065,0.894589
-16.028065,0.894589
-16.078065,0.894589
-16.128065,0.894589
-16.178065,0.894589
-16.228065,0.944589
-16.278065,0.944589
-16.328065,0.944589
-16.378065,0.944589
-16.428065,0.944589
-16.478065,0.994589
-16.528065,0.994589
-16.578065,0.994589
-16.628065,0.994589
-16.678065,0.994589
-16.728065,1.044589
-16.778065,1.044589
-16.828065,1.044589
-16.878065,1.044589
-16.928065,1.044589
-16.978065,1.094589
-17.028065,1.094589
-17.078065,1.094589
-17.128065,1.094589
-17.178065,1.094589
-17.228065,1.144589
-17.278065,1.144589
-17.328065,1.144589
-17.378065,1.144589
-17.428065,1.194589
-17.478065,1.194589
-17.528065,1.194589
-17.578065,1.194589
-17.628065,1.194589
-17.678065,1.244589
-17.728065,1.244589
-17.778065,1.244589
-17.828065,1.244589
-17.878065,1.244589
-17.928065,1.294589
-17.978065,1.294589
-18.028065,1.294589
-18.078065,1.294589
-18.128065,1.294589
-18.178065,1.344589
-18.228065,1.344589
-18.278065,1.344589
-18.328065,1.344589
-18.378065,1.344589
-18.428065,1.394589
-18.478065,1.394589
-18.528065,1.394589
-18.578065,1.394589
-18.628065,1.394589
-18.678065,1.444589
-18.728065,1.444589
-18.778065,1.444589
-18.828065,1.444589
-18.878065,1.444589
-18.928065,1.494589
-18.978065,1.494589
-19.028065,1.494589
-19.078065,1.494589
-19.128065,1.494589
-19.178065,1.544589
-19.228065,1.544589
-19.278065,1.544589
-19.328065,1.544589
-19.378065,1.544589
-19.428065,1.594589
-19.478065,1.594589
-19.528065,1.594589
-19.578065,1.594589
-19.628065,1.644589
-19.678065,1.644589
-19.728065,1.644589
-19.778065,1.644589
-19.828065,1.644589
-19.878065,1.694589
-19.928065,1.694589
-19.978065,1.694589
-20.028065,1.694589
-20.078065,1.694589
-20.128065,1.744589
-20.178065,1.744589
-20.228065,1.744589
-20.278065,1.744589
-20.328065,1.744589
-20.378065,1.794589
-20.428065,1.794589
-20.478065,1.794589
-20.528065,1.794589
-20.578065,1.794589
-20.628065,1.844589
-20.678065,1.844589
-20.728065,1.844589
-20.778065,1.844589
-20.828065,1.844589
-20.878065,1.894589
-20.928065,1.894589
-20.978065,1.894589
-21.028065,1.894589
-21.078065,1.894589
-21.128065,1.944589
-21.178065,1.944589
-21.228065,1.944589
-21.278065,1.994589
-21.328065,1.994589
-21.378065,2.044589
-21.428065,2.094589
-21.478065,2.094589
-21.528065,2.144589
-21.578065,2.194589
-21.628065,2.194589
-21.628065,2.244589
-21.628065,2.294589
-21.678065,2.344589
-21.728065,2.344589
-21.778065,2.394589
-21.828065,2.394589
-21.878065,2.444589
-21.928065,2.444589
-21.978065,2.444589
-22.028065,2.494589
-22.078065,2.544589
-22.128065,2.594589
-22.178065,2.644589
-22.228065,2.694589
-22.278065,2.694589
-22.328065,2.744589
-22.378065,2.794589
-22.428065,2.844589
-22.478065,2.894589
-22.528065,2.894589
-22.578065,2.944589
-22.628065,2.994589
-22.678065,3.044589
-22.728065,3.094589
-22.778065,3.144589
-22.828065,3.144589
-22.878065,3.194589
-22.928065,3.244589
-22.978065,3.294589
-23.028065,3.344589
-23.078065,3.394589
-23.128065,3.394589
-23.178065,3.444589
-23.228065,3.494589
-23.278065,3.544589
-23.328065,3.594589
-23.378065,3.644589
-23.428065,3.644589
-23.478065,3.694589
-23.528065,3.744589
-23.578065,3.794589
-23.628065,3.844589
-23.678065,3.894589
-23.678065,3.944589
-23.678065,3.994589
-23.678065,4.044589
-23.678065,4.094589
-23.678065,4.144589
-23.678065,4.194589
-23.678065,4.244589
-23.678065,4.294589
-23.678065,4.344589
-23.678065,4.394589
-23.678065,4.444589
-23.678065,4.494589
-23.678065,4.544589
-23.678065,4.594589
-23.678065,4.644589
-23.678065,4.694589
-23.678065,4.744589
-23.678065,4.794589
-23.678065,4.844589
-23.628065,4.894589
-23.628065,4.944589
-23.628065,4.994589
-23.628065,5.044589
-23.578065,5.094589
-23.578065,5.144589
-23.578065,5.194589
-23.578065,5.244589
-23.578065,5.294589
-23.528065,5.344589
-23.528065,5.394589
-23.528065,5.444589
-23.528065,5.494589
-23.528065,5.544589
-23.528065,5.594589
-23.528065,5.644589
-23.478065,5.694589
-23.478065,5.744589
-23.478065,5.794589
-23.428065,5.844589
-23.428065,5.894589
-23.428065,5.944589
-23.378065,5.994589
-23.378065,6.044589
-23.378065,6.094589
-23.378065,6.144589
-23.378065,6.194589
-23.378065,6.244589
-23.328065,6.294589
-23.328065,6.344589
-23.328065,6.394589
-23.328065,6.444589
-23.328065,6.494589
-23.328065,6.544589
-23.328065,6.594589
-23.278065,6.644589
-23.278065,6.694589
-23.228065,6.744589
-23.228065,6.794589
-23.228065,6.844589
-23.228065,6.894589
-23.178065,6.944589
-23.178065,6.994589
-23.178065,7.044589
-23.178065,7.094589
-23.178065,7.144589
-23.178065,7.194589
-23.178065,7.244589
-23.128065,7.294589
-23.128065,7.344589
-23.128065,7.394589
-23.128065,7.444589
-23.128065,7.494589
-23.128065,7.544589
-23.128065,7.594589
-23.078065,7.644589
-23.078065,7.694589
-23.078065,7.744589
-23.078065,7.794589
-23.078065,7.844589
-23.078065,7.894589
-23.078065,7.944589
-23.028065,7.994589
-23.028065,8.044589
-23.028065,8.094589
-23.028065,8.144589
-23.028065,8.194589
-23.028065,8.244589
-23.028065,8.294589
-23.028065,8.344589
-23.028065,8.394589
-22.978065,8.444589
-22.978065,8.494589
-22.978065,8.544589
-22.978065,8.594589
-22.978065,8.644589
-22.978065,8.694589
-22.978065,8.744589
-22.928065,8.744589
-22.878065,8.744589
-22.828065,8.744589
-22.778065,8.744589
-22.728065,8.744589
-22.678065,8.744589
-22.628065,8.744589
-22.578065,8.744589
-22.528065,8.744589
-22.478065,8.744589
-22.428065,8.744589
-22.378065,8.744589
-22.328065,8.744589
-22.278065,8.744589
-22.228065,8.744589
-22.178065,8.744589
-22.128065,8.694589
-22.078065,8.694589
-22.028065,8.694589
-21.978065,8.694589
-21.928065,8.694589
-21.878065,8.694589
-21.828065,8.644589
-21.778065,8.644589
-21.728065,8.644589
-21.678065,8.644589
-21.628065,8.644589
-21.578065,8.594589
-21.528065,8.594589
-21.478065,8.594589
-21.428065,8.594589
-21.378065,8.594589
-21.328065,8.594589
-21.278065,8.544589
-21.228065,8.544589
-21.178065,8.544589
-21.128065,8.544589
-21.078065,8.544589
-21.028065,8.544589
-20.978065,8.494589
-20.928065,8.494589
-20.878065,8.494589
-20.828065,8.494589
-20.778065,8.494589
-20.728065,8.444589
-20.678065,8.444589
-20.628065,8.444589
-20.578065,8.444589
-20.528065,8.444589
-20.478065,8.444589
-20.428065,8.394589
-20.378065,8.394589
-20.328065,8.394589
-20.278065,8.394589
-20.228065,8.394589
-20.178065,8.344589
-20.128065,8.344589
-20.078065,8.344589
-20.028065,8.344589
-19.978065,8.344589
-19.928065,8.344589
-19.878065,8.294589
-19.828065,8.294589
-19.778065,8.294589
-19.728065,8.294589
-19.678065,8.294589
-19.628065,8.244589
-19.578065,8.244589
-19.528065,8.244589
-19.478065,8.244589
-19.428065,8.244589
-19.378065,8.244589
-19.328065,8.194589
-19.278065,8.194589
-19.228065,8.194589
-19.178065,8.194589
-19.128065,8.194589
-19.078065,8.144589
-19.028065,8.144589
-18.978065,8.144589
-18.928065,8.144589
-18.878065,8.144589
-18.828065,8.144589
-18.778065,8.094589
-18.728065,8.094589
-18.678065,8.094589
-18.628065,8.094589
-18.578065,8.094589
-18.528065,8.094589
-18.478065,8.044589
-18.428065,8.044589
-18.378065,8.044589
-18.328065,8.044589
-18.278065,8.044589
-18.228065,7.994589
-18.178065,7.994589
-18.128065,7.994589
-18.078065,7.994589
-18.028065,7.994589
-17.978065,7.994589
-17.928065,7.944589
-17.878065,7.944589
-17.828065,7.944589
-17.778065,7.944589
-17.728065,7.944589
-17.678065,7.894589
-17.628065,7.894589
-17.578065,7.894589
-17.528065,7.894589
-17.478065,7.894589
-17.428065,7.894589
-17.378065,7.844589
-17.328065,7.844589
-17.278065,7.844589
-17.228065,7.844589
-17.178065,7.844589
-17.128065,7.844589
-17.078065,7.844589
-17.028065,7.844589
-16.978065,7.844589
-16.928065,7.894589
-16.928065,7.944589
-16.928065,7.994589
-16.928065,8.044589
-16.928065,8.094589
-16.928065,8.144589
-16.928065,8.194589
-16.978065,8.244589
-17.028065,8.244589
-17.078065,8.244589
-17.128065,8.294589
-17.178065,8.294589
-17.228065,8.294589
-17.278065,8.294589
-17.328065,8.294589
-17.378065,8.294589
-17.428065,8.344589
-17.478065,8.344589
-17.528065,8.344589
-17.578065,8.344589
-17.628065,8.344589
-17.678065,8.394589
-17.728065,8.394589
-17.778065,8.394589
-17.828065,8.394589
-17.878065,8.394589
-17.928065,8.394589
-17.978065,8.444589
-18.028065,8.444589
-18.078065,8.444589
-18.128065,8.444589
-18.178065,8.444589
-18.228065,8.494589
-18.278065,8.494589
-18.328065,8.494589
-18.378065,8.494589
-18.428065,8.494589
-18.478065,8.494589
-18.528065,8.544589
-18.578065,8.544589
-18.628065,8.544589
-18.678065,8.544589
-18.728065,8.544589
-18.778065,8.544589
-18.828065,8.594589
-18.878065,8.594589
-18.928065,8.594589
-18.978065,8.594589
-19.028065,8.594589
-19.078065,8.644589
-19.128065,8.644589
-19.178065,8.644589
-19.228065,8.644589
-19.278065,8.644589
-19.328065,8.644589
-19.378065,8.694589
-19.428065,8.694589
-19.478065,8.694589
-19.528065,8.694589
-19.578065,8.694589
-19.628065,8.744589
-19.678065,8.744589
-19.728065,8.744589
-19.778065,8.744589
-19.828065,8.744589
-19.878065,8.744589
-19.928065,8.794589
-19.978065,8.794589
-20.028065,8.794589
-20.078065,8.794589
-20.128065,8.794589
-20.178065,8.844589
-20.228065,8.844589
-20.278065,8.844589
-20.328065,8.844589
-20.378065,8.844589
-20.428065,8.844589
-20.478065,8.894589
-20.528065,8.894589
-20.578065,8.894589
-20.628065,8.894589
-20.678065,8.894589
-20.728065,8.944589
-20.778065,8.944589
-20.828065,8.944589
-20.878065,8.944589
-20.928065,8.944589
-20.978065,8.944589
-21.028065,8.994589
-21.078065,8.994589
-21.128065,8.994589
-21.178065,8.994589
-21.228065,8.994589
-21.278065,8.994589
-21.328065,9.044589
-21.378065,9.044589
-21.428065,9.044589
-21.478065,9.044589
-21.528065,9.044589
-21.578065,9.094589
-21.628065,9.094589
-21.678065,9.094589
-21.728065,9.094589
-21.778065,9.094589
-21.828065,9.094589
-21.878065,9.144589
-21.928065,9.144589
-21.978065,9.144589
-22.028065,9.144589
-22.078065,9.144589
-22.128065,9.194589
-22.178065,9.194589
-22.228065,9.194589
-22.278065,9.194589
-22.328065,9.194589
-22.378065,9.194589
-22.428065,9.244589
-22.478065,9.244589
-22.528065,9.244589
-22.578065,9.244589
-22.628065,9.244589
-22.678065,9.244589
-22.728065,9.244589
-22.728065,9.294589
-22.728065,9.344589
-22.728065,9.394589
-22.728065,9.444589
-22.728065,9.494589
-22.728065,9.544589
-22.728065,9.594589
-22.728065,9.644589
-22.728065,9.694589
-22.728065,9.744589
-22.728065,9.794589
-22.728065,9.844589
-22.728065,9.894589
-22.728065,9.944589
-22.728065,9.994589
-22.728065,10.044589
-22.728065,10.094589
-22.728065,10.144589
-22.678065,10.194589
-22.678065,10.244589
-22.678065,10.294589
-22.678065,10.344589
-22.628065,10.394589
-22.628065,10.444589
-22.628065,10.494589
-22.628065,10.544589
-22.578065,10.594589
-22.578065,10.644589
-22.578065,10.694589
-22.578065,10.744589
-22.528065,10.794589
-22.528065,10.844589
-22.528065,10.894589
-22.528065,10.944589
-22.478065,10.994589
-22.478065,11.044589
-22.478065,11.094589
-22.478065,11.144589
-22.428065,11.194589
-22.428065,11.244589
-22.428065,11.294589
-22.428065,11.344589
-22.378065,11.394589
-22.378065,11.444589
-22.378065,11.494589
-22.378065,11.544589
-22.328065,11.594589
-22.328065,11.644589
-22.328065,11.694589
-22.328065,11.744589
-22.278065,11.794589
-22.278065,11.844589
-22.278065,11.894589
-22.278065,11.944589
-22.228065,11.994589
-22.228065,12.044589
-22.228065,12.094589
-22.228065,12.144589
-22.178065,12.194589
-22.178065,12.244589
-22.178065,12.294589
-22.178065,12.344589
-22.128065,12.394589
-22.128065,12.444589
-22.128065,12.494589
-22.128065,12.544589
-22.078065,12.594589
-22.078065,12.644589
-22.078065,12.694589
-22.078065,12.744589
-22.028065,12.794589
-22.028065,12.844589
-22.028065,12.894589
-22.028065,12.944589
-21.978065,12.994589
-21.978065,13.044589
-21.978065,13.094589
-21.978065,13.144589
-21.928065,13.194589
-21.928065,13.244589
-21.928065,13.294589
-21.928065,13.344589
-21.878065,13.394589
-21.878065,13.444589
-21.878065,13.494589
-21.878065,13.544589
-21.828065,13.594589
-21.828065,13.644589
-21.828065,13.694589
-21.828065,13.744589
-21.778065,13.794589
-21.778065,13.844589
-21.778065,13.894589
-21.778065,13.944589
-21.728065,13.994589
-21.728065,14.044589
-21.728065,14.094589
-21.728065,14.144589
-21.678065,14.194589
-21.678065,14.244589
-21.678065,14.294589
-21.678065,14.344589
-21.628065,14.394589
-21.628065,14.444589
-21.628065,14.494589
-21.578065,14.494589
-21.528065,14.494589
-21.478065,14.494589
-21.428065,14.494589
-21.378065,14.494589
-21.328065,14.494589
-21.278065,14.494589
-21.228065,14.494589
-21.178065,14.494589
-21.128065,14.494589
-21.078065,14.494589
-21.028065,14.494589
-20.978065,14.494589
-20.928065,14.494589
-20.878065,14.494589
-20.828065,14.494589
-20.778065,14.494589
-20.728065,14.494589
-20.678065,14.494589
-20.628065,14.444589
-20.578065,14.444589
-20.528065,14.444589
-20.478065,14.444589
-20.428065,14.444589
-20.378065,14.444589
-20.328065,14.394589
-20.278065,14.394589
-20.228065,14.394589
-20.178065,14.394589
-20.128065,14.394589
-20.078065,14.394589
-20.028065,14.344589
-19.978065,14.344589
-19.928065,14.344589
-19.878065,14.294589
-19.828065,14.294589
-19.778065,14.294589
-19.728065,14.244589
-19.678065,14.244589
-19.628065,14.244589
-19.578065,14.194589
-19.528065,14.194589
-19.478065,14.194589
-19.428065,14.144589
-19.378065,14.144589
-19.328065,14.144589
-19.278065,14.094589
-19.228065,14.094589
-19.178065,14.094589
-19.128065,14.094589
-19.078065,14.044589
-19.028065,14.044589
-18.978065,14.044589
-18.928065,14.044589
-18.878065,14.044589
-18.828065,14.044589
-18.778065,14.044589
-18.728065,14.044589
-18.678065,13.994589
-18.628065,13.994589
-18.578065,13.994589
-18.528065,13.994589
-18.478065,13.994589
-18.428065,13.994589
-18.378065,13.994589
-18.328065,13.994589
-18.278065,13.994589
-18.228065,13.994589
-18.178065,13.994589
-18.128065,13.994589
-18.078065,13.994589
-18.028065,13.994589
-17.978065,13.994589
-17.928065,13.994589
-17.878065,13.994589
-17.828065,13.944589
-17.778065,13.944589
-17.728065,13.944589
-17.678065,13.944589
-17.628065,13.944589
-17.578065,13.894589
-17.528065,13.894589
-17.478065,13.894589
-17.428065,13.894589
-17.378065,13.894589
-17.328065,13.894589
-17.278065,13.844589
-17.228065,13.844589
-17.178065,13.844589
-17.128065,13.844589
-17.078065,13.844589
-17.028065,13.844589
-16.978065,13.794589
-16.928065,13.794589
-16.878065,13.794589
-16.828065,13.794589
-16.778065,13.794589
-16.728065,13.744589
-16.678065,13.744589
-16.628065,13.744589
-16.578065,13.744589
-16.528065,13.744589
-16.478065,13.744589
-16.428065,13.694589
-16.378065,13.694589
-16.328065,13.694589
-16.278065,13.694589
-16.228065,13.694589
-16.178065,13.644589
-16.128065,13.644589
-16.078065,13.644589
-16.028065,13.644589
-15.978065,13.644589
-15.928065,13.644589
-15.878065,13.594589
-15.828065,13.594589
-15.778065,13.594589
-15.728065,13.544589
-15.678065,13.544589
-15.628065,13.544589
-15.578065,13.544589
-15.528065,13.544589
-15.478065,13.544589
-15.428065,13.544589
-15.378065,13.544589
-15.328065,13.494589
-15.278065,13.494589
-15.228065,13.494589
-15.178065,13.494589
-15.128065,13.494589
-15.078065,13.444589
-15.028065,13.444589
-14.978065,13.444589
-14.928065,13.444589
-14.878065,13.444589
-14.828065,13.444589
-14.778065,13.394589
-14.728065,13.394589
-14.678065,13.394589
-14.628065,13.394589
-14.578065,13.394589
-14.528065,13.394589
-14.478065,13.344589
-14.428065,13.344589
-14.378065,13.344589
-14.328065,13.344589
-14.278065,13.344589
-14.228065,13.294589
-14.178065,13.294589
-14.128065,13.294589
-14.078065,13.294589
-14.028065,13.294589
-13.978065,13.294589
-13.928065,13.244589
-13.878065,13.244589
-13.828065,13.244589
-13.778065,13.244589
-13.728065,13.244589
-13.678065,13.194589
-13.628065,13.194589
-13.578065,13.194589
-13.528065,13.194589
-13.478065,13.194589
-13.428065,13.194589
-13.378065,13.144589
-13.328065,13.144589
-13.278065,13.144589
-13.228065,13.144589
-13.178065,13.144589
-13.128065,13.094589
-13.078065,13.094589
-13.028065,13.094589
-12.978065,13.094589
-12.928065,13.094589
-12.878065,13.094589
-12.828065,13.044589
-12.778065,13.044589
-12.728065,13.044589
-12.678065,13.044589
-12.628065,13.044589
-12.578065,12.994589
-12.528065,12.994589
-12.478065,12.994589
-12.428065,12.994589
-12.378065,12.994589
-12.328065,12.994589
-12.278065,12.944589
-12.228065,12.944589
-12.178065,12.944589
-12.128065,12.944589
-12.078065,12.944589
-12.028065,12.894589
-11.978065,12.894589
-11.928065,12.894589
-11.878065,12.894589
-11.828065,12.894589
-11.778065,12.894589
-11.728065,12.844589
-11.678065,12.844589
-11.628065,12.844589
-11.578065,12.844589
-11.528065,12.844589
-11.478065,12.844589
-11.428065,12.794589
-11.378065,12.794589
-11.328065,12.744589
-11.278065,12.744589
-11.228065,12.744589
-11.178065,12.744589
-11.128065,12.744589
-11.078065,12.694589
-11.028065,12.694589
-10.978065,12.694589
-10.928065,12.694589
-10.878065,12.694589
-10.828065,12.694589
-10.778065,12.644589
-10.728065,12.644589
-10.678065,12.644589
-10.628065,12.644589
-10.578065,12.594589
-10.528065,12.594589
-10.478065,12.594589
-10.428065,12.594589
-10.378065,12.544589
-10.328065,12.544589
-10.278065,12.544589
-10.228065,12.544589
-10.178065,12.544589
-10.128065,12.544589
-10.078065,12.544589
-10.028065,12.544589
-9.978065,12.544589
-9.928065,12.494589
-9.878065,12.494589
-9.828065,12.494589
-9.778065,12.494589
-9.728065,12.494589
-9.678065,12.494589
-9.628065,12.494589
-9.578065,12.494589
-9.528065,12.444589
-9.478065,12.444589
-9.428065,12.444589
-9.378065,12.444589
-9.328065,12.444589
-9.278065,12.444589
-9.228065,12.394589
-9.178065,12.394589
-9.128065,12.394589
-9.078065,12.394589
-9.028065,12.394589
-8.978065,12.344589
-8.928065,12.344589
-8.878065,12.344589
-8.828065,12.344589
-8.778065,12.344589
-8.728065,12.344589
-8.678065,12.294589
-8.628065,12.294589
-8.578065,12.294589
-8.528065,12.294589
-8.478065,12.294589
-8.428065,12.294589
-8.378065,12.244589
-8.328065,12.244589
-8.278065,12.244589
-8.228065,12.244589
-8.178065,12.244589
-8.128065,12.194589
-8.078065,12.194589
-8.028065,12.194589
-7.978065,12.194589
-7.928065,12.194589
-7.878065,12.194589
-7.828065,12.144589
-7.778065,12.144589
-7.728065,12.144589
-7.678065,12.144589
-7.628065,12.144589
-7.578065,12.094589
-7.528065,12.094589
-7.478065,12.094589
-7.428065,12.094589
-7.378065,12.094589
-7.328065,12.094589
-7.278065,12.044589
-7.228065,12.044589
-7.178065,12.044589
-7.128065,12.044589
-7.078065,12.044589
-7.028065,11.994589
-6.978065,11.994589
-6.928065,11.994589
-6.878065,11.994589
-6.828065,11.994589
-6.778065,11.994589
-6.728065,11.944589
-6.678065,11.944589
-6.628065,11.944589
-6.578065,11.944589
-6.528065,11.944589
-6.478065,11.894589
-6.428065,11.894589
-6.378065,11.894589
-6.328065,11.894589
-6.278065,11.894589
-6.228065,11.894589
-6.178065,11.844589
-6.128065,11.844589
-6.078065,11.844589
-6.028065,11.844589
-5.978065,11.844589
-5.928065,11.794589
-5.878065,11.794589
-5.828065,11.794589
-5.778065,11.794589
-5.728065,11.794589
-5.678065,11.794589
-5.628065,11.744589
-5.578065,11.744589
-5.528065,11.744589
-5.478065,11.744589
-5.428065,11.744589
-5.378065,11.744589
-5.328065,11.694589
-5.278065,11.694589
-5.228065,11.694589
-5.178065,11.694589
-5.128065,11.694589
-5.078065,11.644589
-5.028065,11.644589
-4.978065,11.644589
-4.928065,11.644589
-4.878065,11.644589
-4.828065,11.644589
-4.778065,11.594589
-4.728065,11.594589
-4.678065,11.594589
-4.628065,11.594589
-4.578065,11.594589
-4.528065,11.544589
-4.478065,11.544589
-4.428065,11.544589
-4.378065,11.544589
-4.328065,11.544589
-4.278065,11.544589
-4.228065,11.494589
-4.178065,11.494589
-4.128065,11.494589
-4.078065,11.494589
-4.028065,11.494589
-3.978065,11.444589
-3.928065,11.444589
-3.878065,11.444589
-3.828065,11.444589
-3.778065,11.444589
-3.728065,11.444589
-3.678065,11.394589
-3.628065,11.394589
-3.578065,11.394589
-3.528065,11.394589
-3.478065,11.394589
-3.428065,11.344589
-3.378065,11.344589
-3.328065,11.344589
-3.278065,11.344589
-3.228065,11.344589
-3.178065,11.344589
-3.128065,11.294589
-3.078065,11.294589
-3.028065,11.294589
-2.978065,11.294589
-2.928065,11.294589
-2.878065,11.244589
-2.828065,11.244589
-2.778065,11.244589
-2.728065,11.244589
-2.678065,11.244589
-2.628065,11.244589
-2.578065,11.194589
-2.528065,11.194589
-2.478065,11.194589
-2.428065,11.194589
-2.378065,11.194589
-2.328065,11.194589
-2.278065,11.144589
-2.228065,11.144589
-2.178065,11.144589
-2.128065,11.144589
-2.078065,11.144589
-2.028065,11.094589
-1.978065,11.094589
-1.928065,11.094589
-1.878065,11.094589
-1.828065,11.094589
-1.778065,11.094589
-1.728065,11.044589
-1.678065,11.044589
-1.628065,11.044589
-1.578065,11.044589
-1.528065,11.044589
-1.478065,10.994589
-1.428065,10.994589
-1.378065,10.994589
-1.328065,10.994589
-1.278065,10.994589
-1.228065,10.994589
-1.178065,10.944589
-1.128065,10.944589
-1.078065,10.944589
-1.028065,10.944589
-0.978065,10.944589
-0.928065,10.894589
-0.878065,10.894589
-0.828065,10.894589
-0.778065,10.894589
-0.728065,10.894589
-0.678065,10.894589
-0.628065,10.844589
-0.578065,10.844589
-0.528065,10.844589
-0.478065,10.844589
-0.428065,10.844589
-0.378065,10.794589
-0.328065,10.794589
-0.278065,10.794589
-0.228065,10.794589
-0.178065,10.794589
-0.128065,10.794589
-0.078065,10.744589
-0.028065,10.744589
0.021935,10.744589
0.071935,10.744589
0.121935,10.744589
0.171935,10.744589
0.221935,10.694589
0.271935,10.694589
0.321935,10.694589
0.371935,10.694589
0.421935,10.694589
0.471935,10.644589
0.521935,10.644589
0.571935,10.644589
0.621935,10.644589
0.671935,10.644589
0.721935,10.644589
0.771935,10.594589
0.821935,10.594589
0.871935,10.594589
0.921935,10.594589
0.971935,10.594589
1.021935,10.544589
1.071935,10.544589
1.121935,10.544589
1.171935,10.544589
1.221935,10.544589
1.271935,10.544589
1.321935,10.494589
1.371935,10.494589
1.421935,10.494589
1.471935,10.494589
1.521935,10.494589
1.571935,10.444589
1.621935,10.444589
1.671935,10.444589
1.721935,10.444589
1.771935,10.444589
1.821935,10.444589
1.871935,10.394589
1.921935,10.394589
1.971935,10.394589
2.021935,10.394589
2.071935,10.394589
2.121935,10.344589
2.171935,10.344589
2.221935,10.344589
2.271935,10.344589
2.321935,10.344589
2.371935,10.344589
2.421935,10.294589
2.471935,10.294589
2.521935,10.294589
2.571935,10.294589
2.621935,10.294589
2.671935,10.244589
2.721935,10.244589
2.771935,10.244589
2.821935,10.244589
2.871935,10.244589
2.921935,10.244589
2.971935,10.194589
3.021935,10.194589
3.071935,10.194589
3.121935,10.194589
3.171935,10.194589
3.221935,10.194589
3.271935,10.144589
3.321935,10.144589
3.371935,10.144589
3.421935,10.144589
3.471935,10.144589
3.521935,10.094589
3.571935,10.094589
3.621935,10.094589
3.671935,10.094589
3.721935,10.094589
3.771935,10.094589
3.821935,10.044589
3.871935,10.044589
3.921935,10.044589
3.971935,10.044589
4.021935,10.044589
4.071935,9.994589
4.121935,9.994589
4.171935,9.994589
4.221935,9.994589
4.271935,9.994589
4.321935,9.994589
4.371935,9.944589
4.421935,9.944589
4.471935,9.944589
4.521935,9.944589
4.571935,9.944589
4.621935,9.894589
4.671935,9.894589
4.721935,9.894589
4.771935,9.894589
4.821935,9.894589
4.871935,9.894589
4.921935,9.844589
4.971935,9.844589
5.021935,9.844589
5.071935,9.844589
5.121935,9.844589
5.171935,9.794589
5.221935,9.794589
5.271935,9.794589
5.321935,9.794589
5.371935,9.794589
5.421935,9.794589
5.471935,9.744589
5.521935,9.744589
5.571935,9.744589
5.621935,9.744589
5.671935,9.744589
5.721935,9.694589
5.771935,9.694589
5.821935,9.694589
5.871935,9.694589
5.921935,9.694589
5.971935,9.694589
6.021935,9.644589
6.071935,9.644589
6.121935,9.644589
6.171935,9.644589
6.221935,9.644589
6.271935,9.644589
6.321935,9.594589
6.371935,9.594589
6.421935,9.594589
6.471935,9.594589
6.521935,9.594589
6.571935,9.544589
6.621935,9.544589
6.671935,9.544589
6.721935,9.544589
6.771935,9.544589
6.821935,9.544589
6.871935,9.494589
6.921935,9.494589
6.971935,9.494589
7.021935,9.494589
7.071935,9.494589
7.121935,9.444589
7.171935,9.444589
7.221935,9.444589
7.271935,9.444589
7.321935,9.444589
7.371935,9.444589
7.421935,9.394589
7.471935,9.394589
7.521935,9.394589
7.571935,9.394589
7.621935,9.394589
7.621935,9.344589
7.621935,9.294589
7.621935,9.244589
7.621935,9.194589
7.621935,9.144589
7.621935,9.094589
7.621935,9.044589
7.621935,8.994589
7.621935,8.944589
7.621935,8.894589
7.621935,8.844589
7.621935,8.794589
7.621935,8.744589
7.621935,8.694589
7.621935,8.644589
7.621935,8.594589
7.571935,8.544589
7.571935,8.494589
7.571935,8.444589
7.571935,8.394589
7.571935,8.344589
7.571935,8.294589
7.521935,8.244589
7.521935,8.194589
7.471935,8.144589
7.471935,8.094589
7.471935,8.044589
7.471935,7.994589
7.471935,7.944589
7.421935,7.894589
7.421935,7.844589
7.421935,7.794589
7.421935,7.744589
7.421935,7.694589
7.421935,7.644589
7.421935,7.594589
7.371935,7.544589
7.371935,7.494589
7.371935,7.444589
7.371935,7.394589
7.321935,7.344589
7.271935,7.294589
7.271935,7.244589
7.271935,7.194589
7.271935,7.144589
7.221935,7.094589
7.221935,7.044589
7.221935,6.994589
7.221935,6.944589
7.221935,6.894589
7.221935,6.844589
7.221935,6.794589
7.221935,6.744589
7.171935,6.694589
7.171935,6.644589
7.121935,6.594589
7.121935,6.544589
7.121935,6.494589
7.121935,6.444589
7.071935,6.394589
7.071935,6.344589
7.071935,6.294589
7.071935,6.244589
7.071935,6.194589
7.071935,6.144589
7.071935,6.094589
7.021935,6.044589
7.021935,5.994589
6.971935,5.944589
6.971935,5.894589
6.971935,5.844589
6.971935,5.794589
6.971935,5.744589
6.971935,5.694589
6.921935,5.644589
6.921935,5.594589
6.921935,5.544589
6.921935,5.494589
6.921935,5.444589
6.921935,5.394589
6.871935,5.344589
6.871935,5.294589
6.871935,5.244589
6.871935,5.194589
6.821935,5.144589
6.821935,5.094589
6.821935,5.044589
6.821935,4.994589
6.821935,4.944589
6.821935,4.894589
6.821935,4.844589
6.821935,4.794589
6.771935,4.744589
6.771935,4.694589
6.771935,4.644589
6.771935,4.594589
6.771935,4.544589
6.771935,4.494589
6.771935,4.444589
6.721935,4.394589
6.721935,4.344589
6.721935,4.294589
6.721935,4.244589
6.721935,4.194589
6.721935,4.144589
6.721935,4.094589
6.671935,4.044589
6.671935,3.994589
6.671935,3.944589
6.671935,3.894589
6.671935,3.844589
6.671935,3.794589
6.671935,3.744589
6.671935,3.694589
6.671935,3.644589
6.671935,3.594589
6.621935,3.544589
6.621935,3.494589
6.621935,3.444589
6.621935,3.394589
6.621935,3.344589
6.621935,3.294589
6.621935,3.244589
6.621935,3.194589
6.621935,3.144589
6.571935,3.094589
6.571935,3.044589
6.571935,2.994589
6.571935,2.944589
6.571935,2.894589
6.571935,2.844589
6.571935,2.794589
6.571935,2.744589
6.571935,2.694589
6.521935,2.644589
6.521935,2.594589
6.521935,2.544589
6.521935,2.494589
6.521935,2.444589
6.521935,2.394589
6.471935,2.394589
6.421935,2.394589
6.371935,2.394589
6.321935,2.394589
6.271935,2.394589
6.221935,2.394589
6.171935,2.394589
6.121935,2.394589
6.071935,2.394589
6.021935,2.394589
5.971935,2.394589
5.921935,2.394589
5.871935,2.394589
5.821935,2.394589
5.771935,2.394589
5.721935,2.394589
5.671935,2.394589
5.621935,2.394589
5.571935,2.444589
5.521935,2.444589
5.471935,2.444589
5.421935,2.444589
5.371935,2.494589
5.321935,2.494589
5.271935,2.494589
5.221935,2.494589
5.171935,2.544589
5.121935,2.544589
5.071935,2.544589
5.021935,2.544589
4.971935,2.594589
4.921935,2.594589
4.871935,2.594589
4.821935,2.594589
4.771935,2.644589
4.721935,2.644589
4.671935,2.644589
4.621935,2.644589
4.571935,2.694589
4.521935,2.744589
4.471935,2.744589
4.421935,2.794589
4.371935,2.844589
4.321935,2.894589
4.271935,2.894589
4.221935,2.944589
4.171935,2.994589
4.121935,3.044589
4.071935,3.044589
4.021935,3.094589
3.971935,3.144589
3.921935,3.194589
3.871935,3.194589
3.821935,3.244589
3.771935,3.294589
3.721935,3.344589
3.671935,3.344589
3.621935,3.394589
3.571935,3.444589
3.521935,3.494589
3.471935,3.544589
3.421935,3.544589
3.371935,3.594589
3.321935,3.644589
3.271935,3.694589
3.221935,3.694589
3.171935,3.744589
3.121935,3.794589
3.071935,3.844589
3.021935,3.844589
2.971935,3.894589
2.921935,3.944589
2.871935,3.994589
2.821935,3.994589
2.771935,4.044589
2.721935,4.094589
2.671935,4.144589
2.621935,4.144589
2.571935,4.194589
2.521935,4.244589
2.471935,4.294589
2.421935,4.294589
2.371935,4.344589
2.321935,4.394589
2.271935,4.444589
2.221935,4.444589
2.171935,4.494589
2.121935,4.544589
2.071935,4.544589
2.021935,4.544589
1.971935,4.544589
1.921935,4.544589
1.871935,4.544589
1.821935,4.544589
1.771935,4.494589
1.771935,4.444589
1.771935,4.394589
1.771935,4.344589
1.771935,4.294589
1.771935,4.244589
1.771935,4.194589
1.821935,4.144589
1.871935,4.094589
1.921935,4.044589
1.971935,4.044589
2.021935,3.994589
2.071935,3.944589
2.121935,3.894589
2.171935,3.894589
2.221935,3.844589
2.271935,3.794589
2.321935,3.744589
2.371935,3.744589
2.421935,3.694589
2.471935,3.644589
2.521935,3.594589
2.571935,3.594589
2.621935,3.544589
2.671935,3.494589
2.721935,3.444589
2.771935,3.444589
2.821935,3.394589
2.871935,3.344589
2.921935,3.294589
2.971935,3.294589
3.021935,3.244589
3.071935,3.194589
3.121935,3.144589
3.171935,3.144589
3.221935,3.094589
3.271935,3.044589
3.321935,2.994589
3.371935,2.944589
3.421935,2.944589
3.471935,2.894589
3.521935,2.844589
3.571935,2.794589
3.621935,2.794589
3.671935,2.744589
3.721935,2.694589
3.771935,2.644589
3.821935,2.644589
3.871935,2.594589
3.921935,2.544589
3.971935,2.494589
4.021935,2.494589
4.071935,2.444589
4.121935,2.394589
4.171935,2.344589
4.171935,2.294589
4.171935,2.244589
4.171935,2.194589
4.171935,2.144589
4.171935,2.094589
4.171935,2.044589
4.171935,1.994589
4.171935,1.944589
4.171935,1.894589
4.171935,1.844589
4.171935,1.794589
4.171935,1.744589
4.171935,1.694589
4.171935,1.644589
4.171935,1.594589
4.171935,1.544589
4.171935,1.494589
4.171935,1.444589
4.121935,1.394589
4.121935,1.344589
4.121935,1.294589
4.121935,1.244589
4.071935,1.194589
4.071935,1.144589
4.071935,1.094589
4.071935,1.044589
4.021935,0.994589
4.021935,0.944589
4.021935,0.894589
4.021935,0.844589
3.971935,0.794589
3.971935,0.744589
3.971935,0.694589
3.971935,0.644589
3.921935,0.594589
3.921935,0.544589
3.921935,0.494589
3.921935,0.444589
3.871935,0.394589
3.871935,0.344589
3.871935,0.294589
3.871935,0.244589
3.821935,0.194589
3.821935,0.144589
3.821935,0.094589
3.821935,0.044589
3.771935,-0.005411
3.771935,-0.055411
3.771935,-0.105411
3.771935,-0.155411
3.721935,-0.205411
3.721935,-0.255411
3.721935,-0.305411
3.721935,-0.355411
3.671935,-0.405411
3.671935,-0.455411
3.671935,-0.505411
3.671935,-0.555411
3.621935,-0.605411
3.621935,-0.655411
3.621935,-0.705411
3.621935,-0.755411
3.571935,-0.805411
3.571935,-0.855411
3.571935,-0.905411
3.571935,-0.955411
3.521935,-1.005411
3.521935,-1.055411
3.521935,-1.105411
3.521935,-1.155411
3.471935,-1.205411
3.471935,-1.255411
3.471935,-1.305411
3.471935,-1.355411
3.421935,-1.405411
3.421935,-1.455411
3.421935,-1.505411
3.421935,-1.555411
3.371935,-1.605411
3.371935,-1.655411
3.371935,-1.705411
3.321935,-1.705411
3.271935,-1.705411
3.221935,-1.705411
3.171935,-1.705411
3.121935,-1.705411
3.071935,-1.705411
3.021935,-1.705411
2.971935,-1.705411
2.921935,-1.705411
2.871935,-1.705411
2.821935,-1.705411
2.771935,-1.705411
2.721935,-1.705411
2.671935,-1.705411
2.621935,-1.705411
2.571935,-1.705411
2.521935,-1.705411
2.471935,-1.705411
2.421935,-1.705411
2.371935,-1.705411
2.321935,-1.705411
2.271935,-1.705411
