# This is normalization information calculated 2023-11-02 at time 21-40-57
# Done with git-revision: unknown
# Data files used to calculate normalization information:
#     ./SI_Toolkit_ASF/Experiments/Experiment-2_less_states/Recordings_preprocessed/Train/Trajectory-0.csv
#     ./SI_Toolkit_ASF/Experiments/Experiment-2_less_states/Recordings_preprocessed/Train/Trajectory-1.csv
#     ./SI_Toolkit_ASF/Experiments/Experiment-2_less_states/Recordings_preprocessed/Train/Trajectory-10.csv
#     ./SI_Toolkit_ASF/Experiments/Experiment-2_less_states/Recordings_preprocessed/Train/Trajectory-11.csv
#     ./SI_Toolkit_ASF/Experiments/Experiment-2_less_states/Recordings_preprocessed/Train/Trajectory-12.csv
#     ./SI_Toolkit_ASF/Experiments/Experiment-2_less_states/Recordings_preprocessed/Train/Trajectory-13.csv
#     ./SI_Toolkit_ASF/Experiments/Experiment-2_less_states/Recordings_preprocessed/Train/Trajectory-14.csv
#     ./SI_Toolkit_ASF/Experiments/Experiment-2_less_states/Recordings_preprocessed/Train/Trajectory-15.csv
#     ./SI_Toolkit_ASF/Experiments/Experiment-2_less_states/Recordings_preprocessed/Train/Trajectory-16.csv
#     ./SI_Toolkit_ASF/Experiments/Experiment-2_less_states/Recordings_preprocessed/Train/Trajectory-17.csv
#     ./SI_Toolkit_ASF/Experiments/Experiment-2_less_states/Recordings_preprocessed/Train/Trajectory-18.csv
#     ./SI_Toolkit_ASF/Experiments/Experiment-2_less_states/Recordings_preprocessed/Train/Trajectory-19.csv
#     ./SI_Toolkit_ASF/Experiments/Experiment-2_less_states/Recordings_preprocessed/Train/Trajectory-2.csv
#     ./SI_Toolkit_ASF/Experiments/Experiment-2_less_states/Recordings_preprocessed/Train/Trajectory-20.csv
#     ./SI_Toolkit_ASF/Experiments/Experiment-2_less_states/Recordings_preprocessed/Train/Trajectory-21.csv
#     ./SI_Toolkit_ASF/Experiments/Experiment-2_less_states/Recordings_preprocessed/Train/Trajectory-22.csv
#     ./SI_Toolkit_ASF/Experiments/Experiment-2_less_states/Recordings_preprocessed/Train/Trajectory-23.csv
#     ./SI_Toolkit_ASF/Experiments/Experiment-2_less_states/Recordings_preprocessed/Train/Trajectory-24.csv
#     ./SI_Toolkit_ASF/Experiments/Experiment-2_less_states/Recordings_preprocessed/Train/Trajectory-25.csv
#     ./SI_Toolkit_ASF/Experiments/Experiment-2_less_states/Recordings_preprocessed/Train/Trajectory-26.csv
#     ./SI_Toolkit_ASF/Experiments/Experiment-2_less_states/Recordings_preprocessed/Train/Trajectory-27.csv
#     ./SI_Toolkit_ASF/Experiments/Experiment-2_less_states/Recordings_preprocessed/Train/Trajectory-28.csv
#     ./SI_Toolkit_ASF/Experiments/Experiment-2_less_states/Recordings_preprocessed/Train/Trajectory-29.csv
#     ./SI_Toolkit_ASF/Experiments/Experiment-2_less_states/Recordings_preprocessed/Train/Trajectory-3.csv
#     ./SI_Toolkit_ASF/Experiments/Experiment-2_less_states/Recordings_preprocessed/Train/Trajectory-30.csv
#     ./SI_Toolkit_ASF/Experiments/Experiment-2_less_states/Recordings_preprocessed/Train/Trajectory-31.csv
#     ./SI_Toolkit_ASF/Experiments/Experiment-2_less_states/Recordings_preprocessed/Train/Trajectory-4.csv
#     ./SI_Toolkit_ASF/Experiments/Experiment-2_less_states/Recordings_preprocessed/Train/Trajectory-5.csv
#     ./SI_Toolkit_ASF/Experiments/Experiment-2_less_states/Recordings_preprocessed/Train/Trajectory-6.csv
#     ./SI_Toolkit_ASF/Experiments/Experiment-2_less_states/Recordings_preprocessed/Train/Trajectory-7.csv
#     ./SI_Toolkit_ASF/Experiments/Experiment-2_less_states/Recordings_preprocessed/Train/Trajectory-8.csv
#     ./SI_Toolkit_ASF/Experiments/Experiment-2_less_states/Recordings_preprocessed/Train/Trajectory-9.csv
#
# Original (calculated from data) Normalization Information:
#,         ,      ,         ,D_angular_vel_z,         ,D_car_pose_x,         ,D_car_pose_y,         ,D_linear_vel_x,         ,D_pose_theta,         ,D_pose_theta_cos,         ,D_pose_theta_sin,         ,D_pose_x,         ,D_pose_y,         ,D_slip_angle,         ,D_steering_angle,         ,angular_control,         ,angular_vel_z,         ,experiment_index,         ,linear_vel_x,         ,pose_theta,         ,pose_theta_cos,         ,pose_theta_sin,         ,pose_x,         ,pose_y,         ,slip_angle,         ,steering_angle,         ,translational_control,         
#,           ,mean,           ,0.01907,           ,4.22026,           ,0.00044,           ,0.57389,           ,-0.00115,           ,-0.00795,           ,-0.00322,           ,-0.00191,           ,0.06268,           ,-0.00124,           ,0.00042,           ,0.00022,           ,-0.00075,           ,78.8073,           ,4.29808,           ,-5.65098,           ,-0.00355,           ,0.01568,           ,0.95956,           ,2.30827,           ,0.00018,           ,0.00012,           ,4.53441,           
#,           ,std,           ,12.41314,           ,1.67937,           ,0.82237,           ,4.39366,           ,1.76922,           ,1.24719,           ,1.25253,           ,3.27181,           ,3.25555,           ,0.73287,           ,1.15116,           ,0.19449,           ,1.79499,           ,46.6619,           ,1.72819,           ,39.68415,           ,0.70998,           ,0.70404,           ,66.08972,           ,57.3808,           ,0.12295,           ,0.15969,           ,1.99957,           
#,           ,max,           ,49.99937,           ,7.96834,           ,3.99974,           ,9.01,           ,10.71739,           ,9.99287,           ,10.17831,           ,7.89795,           ,7.96237,           ,2.99936,           ,3.2,           ,0.90835,           ,10.67829,           ,182.0,           ,7.98356,           ,113.85139,           ,1.0,           ,1.0,           ,219.58759,           ,202.56647,           ,0.7844,           ,0.4189,           ,7.99953,           
#,           ,min,           ,-49.99816,           ,0.0,           ,-3.99824,           ,-9.01,           ,-10.72493,           ,-8.88454,           ,-10.11742,           ,-7.94945,           ,-7.93791,           ,-2.99979,           ,-3.2,           ,-0.81287,           ,-11.04472,           ,0.0,           ,1.00104,           ,-159.79483,           ,-1.0,           ,-1.0,           ,-203.85883,           ,-204.3941,           ,-0.78404,           ,-0.4189,           ,1.00104,           
#
# Does user modified normalization info calculated from data?: No
#
# Normalization Information:
,D_angular_vel_z,D_car_pose_x,D_car_pose_y,D_linear_vel_x,D_pose_theta,D_pose_theta_cos,D_pose_theta_sin,D_pose_x,D_pose_y,D_slip_angle,D_steering_angle,angular_control,angular_vel_z,experiment_index,linear_vel_x,pose_theta,pose_theta_cos,pose_theta_sin,pose_x,pose_y,slip_angle,steering_angle,translational_control
mean,0.01907,4.22026,0.00044,0.57389,-0.00115,-0.00795,-0.00322,-0.00191,0.06268,-0.00124,0.00042,0.00022,-0.00075,78.8073,4.29808,-5.65098,-0.00355,0.01568,0.95956,2.30827,0.00018,0.00012,4.53441
std,12.41314,1.67937,0.82237,4.39366,1.76922,1.24719,1.25253,3.27181,3.25555,0.73287,1.15116,0.19449,1.79499,46.6619,1.72819,39.68415,0.70998,0.70404,66.08972,57.3808,0.12295,0.15969,1.99957
max,49.99937,7.96834,3.99974,9.01,10.71739,9.99287,10.17831,7.89795,7.96237,2.99936,3.2,0.90835,10.67829,182.0,7.98356,113.85139,1.0,1.0,219.58759,202.56647,0.7844,0.4189,7.99953
min,-49.99816,0.0,-3.99824,-9.01,-10.72493,-8.88454,-10.11742,-7.94945,-7.93791,-2.99979,-3.2,-0.81287,-11.04472,0.0,1.00104,-159.79483,-1.0,-1.0,-203.85883,-204.3941,-0.78404,-0.4189,1.00104
