timestamp,time,episode_lengths,episode_rewards,episode_mean_step_rewards,lap_times,reward_difficulty,difficulty,total_timesteps,training_duration,replay_buffer_size,batch_size,gradient_steps,learning_rate,actor_loss,critic_loss,ent_coef_loss,ent_coef,total_weight_updates,UDT
2026-04-09 19:36:15,10.268157005310059,[99],[-74.96880323398118],[-0.7572606387270825],[],,,523,0.9194145202636719,523,128,256,0.0003,-3.194463014602661,5.148917198181152,-0.2508373260498047,0.9264612793922424,256,0.4894837476099426
2026-04-09 19:36:17,11.755274057388306,"[99, 99, 99, 99]","[-74.0488842955994, -77.83515039957359, -83.41757615878001, -80.08812851873155]","[-0.7479685282383777, -0.7862136403997331, -0.842601779381616, -0.8089709951387025]",[],,,919,0.7377347946166992,919,128,256,0.0003,-3.738607406616211,0.5537764430046082,-0.5060001611709595,0.8581057786941528,512,0.5571273122959739
2026-04-09 19:36:18,13.138085842132568,"[99, 187]","[-77.81972866623045, -124.56098608622987]","[-0.7860578653154591, -0.6661015298728872]",[],,,1205,0.7440519332885742,1205,128,256,0.0003,-3.665644645690918,0.5059671401977539,-0.767768383026123,0.7947832345962524,768,0.6373443983402489
2026-04-09 19:36:19,14.644670963287354,"[99, 139, 128]","[-73.21954817546421, -106.74050985722553, -93.67609806162285]","[-0.7395913957117597, -0.7679173371023421, -0.7318445161064283]",[],,,1571,0.7659766674041748,1571,128,256,0.0003,-3.441988945007324,2.6186344623565674,-0.9866752624511719,0.7361910939216614,1024,0.6518141311266709
2026-04-09 19:36:21,16.03821086883545,"[94, 74, 83, 77]","[-70.66616081726848, -59.937402327991364, -68.23724864667415, -62.34974364156169]","[-0.7517676682688136, -0.8099648963242077, -0.8221355258635438, -0.8097369304098918]",[],,,1899,0.7533085346221924,1899,128,256,0.0003,-3.639619827270508,2.6543781757354736,-1.256752848625183,0.681903064250946,1280,0.6740389678778305
2026-04-09 19:36:22,17.438841819763184,"[90, 134, 82]","[-66.87929249769651, -91.52248852011047, -68.08765484911156]","[-0.7431032499744055, -0.6830036456724657, -0.8303372542574582]",[],,,2205,0.7599384784698486,2205,128,256,0.0003,-3.632351875305176,4.7085862159729,-1.507616400718689,0.6318656206130981,1536,0.6965986394557823
2026-04-09 19:36:24,19.01190757751465,"[99, 132, 77, 98]","[-79.41462969196363, -85.22274731777449, -56.079862265509135, -71.91121733799298]","[-0.8021679766865011, -0.6456268736195037, -0.7283098995520667, -0.7337879320203364]",[],,,2611,0.7859110832214355,2611,128,256,0.0003,-3.7338314056396484,12.660319328308105,-1.738095760345459,0.5855981111526489,1792,0.6863270777479893
2026-04-09 19:36:25,20.424325466156006,"[99, 121, 57, 36, 58]","[-74.07393900493564, -86.72796546430966, -42.04403047015003, -33.71073490404106, -44.02237845624163]","[-0.748221606110461, -0.7167600451595845, -0.7376145696517548, -0.9364093028900297, -0.7590065251076143]",[],,,2982,0.758631706237793,2982,128,256,0.0003,-3.7801411151885986,5.763818740844727,-1.9468395709991455,0.5427554249763489,2048,0.6867873910127431
2026-04-09 19:36:27,21.803296327590942,"[99, 99, 99, 53]","[-75.51728944340852, -75.0824882421888, -69.08661309003384, -43.99897790372939]","[-0.7628009034687726, -0.758408972143321, -0.6978445766670086, -0.8301693944099886]",[],,,3332,0.7649707794189453,3332,128,256,0.0003,-3.5738062858581543,3.518003463745117,-2.192732810974121,0.5030099749565125,2304,0.6914765906362546
2026-04-09 19:36:28,23.300752878189087,"[197, 143]","[-119.74371485561392, -103.7186975571419]","[-0.6078361160183446, -0.7253055773226708]",[],,,3672,0.7434453964233398,3672,128,256,0.0003,-3.874746322631836,6.840678691864014,-2.436959743499756,0.46613603830337524,2560,0.6971677559912854
2026-04-09 19:36:29,24.694536447525024,"[99, 99, 107]","[-75.6048786788285, -72.2215286876332, -75.67021178861194]","[-0.7636856432204899, -0.7295103907841738, -0.7071982410150648]",[],,,3977,0.7524707317352295,3977,128,256,0.0003,-2.4168481826782227,2.0747413635253906,-2.7206974029541016,0.4319758415222168,2816,0.7080714106110133
2026-04-09 19:36:31,26.114572286605835,"[131, 93, 92]","[-86.07242492309275, -68.87447023234698, -64.11698942037447]","[-0.6570414116266624, -0.7405857014230858, -0.6969237980475486]",[],,,4293,0.7951855659484863,4293,128,256,0.0003,-2.3378241062164307,0.8449552059173584,-2.9574503898620605,0.40048423409461975,3072,0.7155835080363382
2026-04-09 19:36:32,27.650446891784668,"[99, 121, 99, 67, 71]","[-68.45039503265627, -77.64343226831002, -74.18595690556104, -55.406143411303276, -49.30047339852709]","[-0.6914181316429925, -0.6416812584157853, -0.7493531000561723, -0.82695736434781, -0.6943728647679872]",[],,,4750,0.7541265487670898,4750,128,256,0.0003,-2.4515089988708496,3.5709738731384277,-3.066358804702759,0.37137681245803833,3328,0.7006315789473684
2026-04-09 19:36:34,29.039655447006226,"[99, 93, 73]","[-73.38848322049469, -65.54884957307574, -50.92065014179157]","[-0.7412978103080273, -0.704826339495438, -0.6975431526272817]",[],,,5015,0.739410400390625,5015,128,256,0.0003,-1.245396614074707,0.8325023651123047,-3.4592671394348145,0.34443867206573486,3584,0.7146560319042872
2026-04-09 19:36:35,30.517173528671265,"[99, 62, 99, 99, 61]","[-66.24449503842445, -44.42827032307274, -71.17988407550332, -64.83868868474997, -45.668390916032465]","[-0.669136313519439, -0.7165850052108504, -0.7189887280353869, -0.6549362493409084, -0.7486621461644665]",[],,,5435,0.7089886665344238,5435,128,256,0.0003,-1.2639975547790527,0.9791660308837891,-3.4983978271484375,0.3194476068019867,3840,0.7065317387304508
2026-04-09 19:36:37,31.900691270828247,"[77, 98, 77, 79]","[-59.301613634592044, -65.32762772215459, -53.35195386509278, -57.95289558229312]","[-0.7701508264232734, -0.6666084461444347, -0.6928825177284779, -0.7335809567378876]",[],,,5766,0.7385237216949463,5766,128,256,0.0003,-1.1038637161254883,5.944625377655029,-3.7814817428588867,0.29655176401138306,4096,0.7103711411723899
2026-04-09 19:36:38,33.35458254814148,"[99, 110, 43, 79]","[-71.47855632688389, -62.349213847362776, -30.20666798860337, -51.25477144195243]","[-0.722005619463474, -0.5668110349760253, -0.7024806508977528, -0.6487945752145877]",[],,,6097,0.7962315082550049,6097,128,256,0.0003,0.4349304437637329,4.333912372589111,-3.9402618408203125,0.27556324005126953,4352,0.7137936690175496
2026-04-09 19:36:40,34.89926362037659,"[71, 186, 99]","[-40.333722509535676, -104.94898412795746, -67.76583586528862]","[-0.5680805987258545, -0.564241850150309, -0.6845033925786728]",[],,,6453,0.7707312107086182,6453,128,256,0.0003,0.3332175612449646,1.2066736221313477,-3.842172622680664,0.25618043541908264,4608,0.7140864714086471
2026-04-09 19:36:41,36.35542964935303,"[183, 82]","[-95.70310203794027, -48.73577129737261]","[-0.5229677706991271, -0.5943386743582025]",[],,,6718,0.8187320232391357,6718,128,256,0.0003,1.6320325136184692,1.2268517017364502,-4.148586273193359,0.23821094632148743,4864,0.7240250074426913
2026-04-09 19:36:42,37.74577784538269,"[160, 82, 57, 63, 42]","[-91.29029304980016, -46.87525806427999, -36.03412026019981, -32.64272873038099, -28.568250514859542]","[-0.5705643315612507, -0.5716494885887804, -0.6321775484245581, -0.5181385512758886, -0.6801964408299891]",[],,,7122,0.7474861145019531,7122,128,256,0.0003,2.090078592300415,1.9676904678344727,-4.304226875305176,0.22163788974285126,5120,0.7188991856220163
2026-04-09 19:36:44,39.09200191497803,"[152, 54, 46]","[-76.16266905173157, -35.24698489394075, -27.88556955024667]","[-0.5010701911298129, -0.6527219424803842, -0.6062080337010146]",[],,,7374,0.7315692901611328,7374,128,256,0.0003,1.9886388778686523,0.8643417358398438,-4.27937126159668,0.20629899203777313,5376,0.7290480065093572
2026-04-09 19:36:45,40.61883854866028,"[164, 95, 71, 31, 93, 36]","[-74.51975467045149, -48.641115170740946, -34.36790128869692, -23.12703620713269, -38.95177684340837, -25.635325150001286]","[-0.4543887479905578, -0.5120117386393785, -0.4840549477281255, -0.7460334260365384, -0.41883631014417594, -0.7120923652778136]",[],,,7864,0.7443969249725342,7864,128,256,0.0003,2.4695382118225098,4.647461891174316,-4.674599647521973,0.19215744733810425,5632,0.71617497456765
2026-04-09 19:36:47,42.0150420665741,"[99, 122, 83, 52]","[-53.34322487092011, -55.46059484327894, -36.83617426759345, -26.549060017414597]","[-0.5388204532416174, -0.4545950396990078, -0.44380932852522226, -0.5105588464887423]",[],,,8220,0.7733035087585449,8220,128,256,0.0003,3.0421767234802246,5.115678787231445,-4.404942512512207,0.1791810542345047,5888,0.716301703163017
2026-04-09 19:36:48,43.3773832321167,[125],[-57.31668188095137],[-0.4585334550476108],[],,,8345,0.7045705318450928,8345,128,256,0.0003,2.98238468170166,0.9490666389465332,-4.562505722045898,0.16713695228099823,6144,0.736249251048532
2026-04-09 19:36:50,44.777849435806274,"[285, 260]","[-89.53175556891514, -90.69187843951694]","[-0.3141465107681234, -0.3488149170750651]",[],,,8890,0.7434213161468506,8890,128,256,0.0003,3.773773670196533,2.212106704711914,-4.431638717651367,0.15614154934883118,6400,0.7199100112485939
2026-04-09 19:36:51,46.16759896278381,"[65, 87, 99]","[-28.808720549517595, -32.95263100326301, -44.731630833798924]","[-0.44321108537719384, -0.3787658736007242, -0.4518346548868576]",[],,,9141,0.7505035400390625,9141,128,256,0.0003,4.069008827209473,1.9551095962524414,-4.6701555252075195,0.1459890455007553,6656,0.7281479050432119
2026-04-09 19:36:52,47.69756507873535,"[99, 216, 99]","[-50.68393463235326, -57.28154577884065, -46.626291434091975]","[-0.5119589356803359, -0.2651923415687067, -0.47097264074840384]",[],,,9555,0.7612009048461914,9555,128,256,0.0003,4.060028076171875,1.127944827079773,-4.434173583984375,0.1365947425365448,6912,0.7233908948194663
2026-04-09 19:36:54,49.09005689620972,"[99, 99, 99]","[-39.45654460103332, -40.944155880220706, -50.90489010398125]","[-0.39855095556599324, -0.41357733212344133, -0.5141908091311238]",[],,,9852,0.7619271278381348,9852,128,256,0.0003,3.9343767166137695,1.5424880981445312,-4.613874435424805,0.1278909146785736,7168,0.727568006496143
2026-04-09 19:36:55,50.469396114349365,"[99, 114, 51]","[-48.39509570037523, -37.867222228943795, -22.66929189865739]","[-0.48883935050884086, -0.3321686160433665, -0.44449591958151746]",[],,,10116,0.7219991683959961,10116,128,256,0.0003,4.350496292114258,0.43000558018684387,-4.324298858642578,0.11978723853826523,7424,0.7338869118228549
2026-04-09 19:36:57,51.90649390220642,"[196, 99, 203]","[-64.73940060832756, -45.71752138008418, -76.85115773808738]","[-0.3303030643282017, -0.46179314525337556, -0.3785771317147162]",[],,,10614,0.7301855087280273,10614,128,256,0.0003,4.3779826164245605,5.895788192749023,-4.549506187438965,0.11211162060499191,7680,0.7235726399095535
2026-04-09 19:36:58,53.29869556427002,"[149, 99, 73]","[-31.444490403941437, -39.08894689126565, -36.444774571776975]","[-0.2110368483486003, -0.3948378473865218, -0.4992434872846161]",[],,,10935,0.7524502277374268,10935,128,256,0.0003,4.334636688232422,0.7140907645225525,-4.293029308319092,0.10492967814207077,7936,0.7257430269775949
2026-04-09 19:36:59,54.69576144218445,"[142, 47, 99]","[-40.622115357495844, -22.05493675019675, -45.241254824499954]","[-0.2860712349119426, -0.46925397340844144, -0.4569823719646459]",[],,,11223,0.7560901641845703,11223,128,256,0.0003,4.993319034576416,0.38619357347488403,-4.523571968078613,0.09823723137378693,8192,0.7299296088389914
2026-04-09 19:37:01,56.245095014572144,[390],[-116.73884810628556],[-0.2993303797597064],[],,,11613,0.7638850212097168,11613,128,256,0.0003,6.137426376342773,0.6402201652526855,-5.271313667297363,0.09193523973226547,8448,0.7274606044949625
2026-04-09 19:37:02,57.63207292556763,"[109, 90, 97]","[-21.045168709691396, -22.38385764696072, -19.52863752963417]","[-0.1930749422907467, -0.24870952941067467, -0.20132616009932136]",[],,,11909,0.7642829418182373,11909,128,256,0.0003,4.93004035949707,3.274388313293457,-4.06400203704834,0.0861467719078064,8704,0.7308758082122764
2026-04-09 19:37:04,58.98778533935547,"[145, 205, 59]","[-50.92569000986945, -69.73140665797075, -21.033876053750816]","[-0.35121165524047887, -0.3401532032096135, -0.3565063737923867]",[],,,12318,0.7184841632843018,12318,128,256,0.0003,5.723391056060791,0.490023136138916,-3.7410521507263184,0.08070676028728485,8960,0.7273908101964605
2026-04-09 19:37:05,60.37051701545715,"[71, 92, 95]","[-28.598791955795182, -31.619311817081893, -15.908005040728725]","[-0.40279988670134065, -0.3436881719248031, -0.16745268463924973]",[],,,12576,0.7447109222412109,12576,128,256,0.0003,6.375934600830078,1.3788793087005615,-3.633437156677246,0.07562350481748581,9216,0.732824427480916
2026-04-09 19:37:07,61.92365622520447,"[135, 109]","[-48.18460778500562, -18.460412862559334]","[-0.3569230206296713, -0.16936158589503972]",[],,,12820,0.7495114803314209,12820,128,256,0.0003,6.57875919342041,1.136986494064331,-3.4108874797821045,0.07101274281740189,9472,0.7388455538221529
2026-04-09 19:37:08,63.3462131023407,"[235, 230]","[-65.19975512057783, -46.662938951325685]","[-0.2774457664705441, -0.2028823432666334]",[],,,13285,0.7799999713897705,13285,128,256,0.0003,6.921915054321289,0.2983774244785309,-4.27911376953125,0.06686524301767349,9728,0.7322544222807678
2026-04-09 19:37:10,64.90414309501648,"[107, 337]","[-17.750608844935, -71.19336387336092]","[-0.16589354060686917, -0.21125627262124907]",[],,,13729,0.7649359703063965,13729,128,256,0.0003,6.385807037353516,0.4922269880771637,-3.050163984298706,0.06304322928190231,9984,0.7272197538058125
2026-04-09 19:37:11,66.29903411865234,"[53, 64, 115]","[-20.58332454161038, -19.96188291989553, -17.350928929593575]","[-0.3883646139926487, -0.31190442062336765, -0.15087764286603111]",[],,,13961,0.7692835330963135,13961,128,256,0.0003,6.969748497009277,0.9572340846061707,-2.9578747749328613,0.059529952704906464,10240,0.733471814339947
2026-04-09 19:37:12,67.68903803825378,"[171, 99, 107]","[-24.2386950188447, -36.705324186582914, -22.278241066260243]","[-0.14174675449616786, -0.3707608503695244, -0.2082078604323387]",[],,,14338,0.7588562965393066,14338,128,256,0.0003,6.639815807342529,0.3260401487350464,-3.456660032272339,0.05629246309399605,10496,0.7320407309248151
2026-04-09 19:37:14,69.07301926612854,"[185, 67, 157]","[-33.50705799774891, -26.182043444377214, -44.87598420940402]","[-0.18111923242026434, -0.3907767678265256, -0.28583429432741414]",[],,,14747,0.7459008693695068,14747,128,256,0.0003,6.025347709655762,0.22697298228740692,-2.9756226539611816,0.05323373153805733,10752,0.7290974435478402
2026-04-09 19:37:15,70.63682579994202,"[98, 112, 120]","[-14.095447414183845, -20.135301792371553, -42.429638458604806]","[-0.14383109606310046, -0.17977948028903176, -0.35358032048837335]",[],,,15077,0.7706537246704102,15077,128,256,0.0003,7.70943546295166,0.2548617124557495,-3.001447916030884,0.05036759003996849,11008,0.7301187238840618
2026-04-09 19:37:17,72.07659721374512,"[128, 86, 119]","[-15.183400826348008, -20.92037962227745, -31.596838941274743]","[-0.1186203189558438, -0.24326022816601692, -0.2655196549686953]",[],,,15410,0.7920308113098145,15410,128,256,0.0003,7.178676605224609,0.20219533145427704,-2.1919260025024414,0.04760194942355156,11264,0.7309539260220635
2026-04-09 19:37:18,73.51102781295776,"[153, 48, 72]","[-41.43494255068837, -19.487872427546353, -20.486353885322707]","[-0.2708166179783554, -0.40599734224054895, -0.2845326928517043]",[],,,15683,0.7934954166412354,15683,128,256,0.0003,7.562783241271973,0.26346254348754883,-2.4547576904296875,0.04502427577972412,11520,0.7345533380093094
2026-04-09 19:37:20,75.08385157585144,"[155, 57, 84, 35, 147]","[-20.62776274561781, -21.77744508744685, -22.442053584346446, -20.00075934862557, -25.627468184568986]","[-0.1330823402943085, -0.3820604401306465, -0.26716730457555304, -0.5714502671035877, -0.17433651826237404]",[],,,16161,0.7872025966644287,16161,128,256,0.0003,8.21014404296875,0.20564024150371552,-2.0530991554260254,0.04262803494930267,11776,0.72866778045913
2026-04-09 19:37:21,76.4631896018982,"[72, 304]","[-19.415855032502062, -47.35067677222551]","[-0.2696646532291953, -0.1557588051717944]",[],,,16537,0.7388074398040771,16537,128,256,0.0003,8.249189376831055,0.3723392188549042,-2.2952349185943604,0.0403292290866375,12032,0.7275805768881901
2026-04-09 19:37:23,78.0027117729187,"[77, 45, 51, 105, 88]","[-20.74873429480805, -20.597153233165194, -18.073555068416344, -10.908874583507924, -21.329489254846727]","[-0.2694640817507538, -0.4577145162925599, -0.35438343271404604, -0.10389404365245641, -0.2423805597141674]",[],,,16903,0.7476277351379395,16903,128,256,0.0003,7.379451751708984,0.4212501645088196,-2.074315309524536,0.03821628913283348,12288,0.7269715435129859
2026-04-09 19:37:24,79.41212844848633,"[132, 56, 53]","[-36.80031490962109, -16.847313229199017, -20.642882215296147]","[-0.2787902644668265, -0.3008448790928396, -0.389488343684833]",[],,,17144,0.7463011741638184,17144,128,256,0.0003,7.522569179534912,0.23405268788337708,-2.1432809829711914,0.03617441654205322,12544,0.7316845543630425
2026-04-09 19:37:26,80.87251734733582,"[187, 109, 88]","[-40.761918337458965, -16.842346446332886, -22.612107150460677]","[-0.21797817292758798, -0.15451693987461362, -0.25695576307341683]",[],,,17528,0.8010289669036865,17528,128,256,0.0003,7.98289680480957,0.319644570350647,-1.798372745513916,0.03430803120136261,12800,0.730260155180283
2026-04-09 19:37:27,82.45509362220764,"[99, 173, 105, 51]","[-29.074471055683187, -39.25425166254004, -14.307209424653646, -19.46704368263221]","[-0.29368152581498164, -0.22690318880080956, -0.13625913737765377, -0.38170673887514134]",[],,,17956,0.7600934505462646,17956,128,256,0.0003,9.139107704162598,0.4524799585342407,-1.377941370010376,0.03267865628004074,13056,0.7271107150813099
2026-04-09 19:37:29,83.8624894618988,[177],[-30.420038329461704],[-0.17186462333029215],[],,,18133,0.7570888996124268,18133,128,256,0.0003,8.160064697265625,0.27576667070388794,-2.086810350418091,0.03118482232093811,13312,0.734131142116583
2026-04-09 19:37:30,85.25454807281494,"[210, 170, 57]","[-41.48618913251647, -37.68220425499354, -20.709007262980226]","[-0.19755328158341184, -0.22166002502937374, -0.36331591689438986]",[],,,18570,0.7574408054351807,18570,128,256,0.0003,9.23098087310791,0.6135625839233398,-1.1301127672195435,0.029907751828432083,13568,0.7306408185245019
2026-04-09 19:37:31,86.68126893043518,"[110, 43, 164, 63]","[-18.840677085698843, -16.475913734964106, -31.258391538156534, -20.65745926357294]","[-0.1712788825972622, -0.38316078453404895, -0.19059994840339353, -0.3278961787868721]",[],,,18950,0.7912688255310059,18950,128,256,0.0003,8.433148384094238,0.15730246901512146,-0.26800355315208435,0.028699887916445732,13824,0.7294986807387863
2026-04-09 19:37:33,88.27800750732422,"[253, 132, 28]","[-18.477434250041778, -39.59129215456696, -18.058235738503527]","[-0.07303333695668689, -0.299934031473992, -0.6449369906608402]",[],,,19363,0.7762396335601807,19363,128,256,0.0003,8.337459564208984,0.5571227073669434,0.12814347445964813,0.02761301025748253,14080,0.7271600475132985
2026-04-09 19:37:34,89.67341113090515,"[69, 31, 99, 46]","[-20.70656554962457, -17.847148345767817, -30.283950917294533, -17.15120901934107]","[-0.30009515289310973, -0.5757144627667038, -0.30589849411408615, -0.3728523699856755]",[],,,19608,0.7290322780609131,19608,128,256,0.0003,9.694229125976562,0.38608577847480774,-0.7156068086624146,0.026632022112607956,14336,0.7311301509587923
2026-04-09 19:37:36,91.12704873085022,"[242, 99]","[-32.8839406220509, -28.8289157243524]","[-0.13588405215723515, -0.2912011689328525]",[],,,19949,0.7473316192626953,19949,128,256,0.0003,8.837709426879883,0.34322962164878845,-0.41763976216316223,0.025693878531455994,14592,0.7314652363526993
2026-04-09 19:37:37,92.55969095230103,"[259, 126, 51]","[-25.00294805935593, -11.821986722529886, -20.919747885628542]","[-0.09653647899365221, -0.09382529144864989, -0.41019113501232435]",[],,,20385,0.7875213623046875,20385,128,256,0.0003,8.590936660766602,0.2717089354991913,0.41237539052963257,0.024938324466347694,14848,0.7283787098356634
2026-04-09 19:37:39,93.95343208312988,"[59, 88, 26, 110]","[-19.495616350663035, -21.11789282534471, -16.894355748340953, -28.18993203554608]","[-0.33043417543496667, -0.23997605483346263, -0.649782913397729, -0.25627210941405526]",[],,,20668,0.754997968673706,20668,128,256,0.0003,9.287099838256836,0.17287158966064453,-1.4049876928329468,0.024219747632741928,15104,0.7307915618347204
2026-04-09 19:37:40,95.49739146232605,"[202, 140, 28]","[-30.49612165930254, -25.705967344788682, -16.62805458233398]","[-0.15097089930347787, -0.1836140524627762, -0.5938590922262136]",[],,,21038,0.7464792728424072,21038,128,256,0.0003,9.175613403320312,0.23392456769943237,-0.8728452920913696,0.02361331135034561,15360,0.7301074246601388
2026-04-09 19:37:42,96.87807559967041,"[180, 158]","[-32.55295844724384, -26.832399277811053]","[-0.18084976915135462, -0.16982531188488004]",[],,,21376,0.7266371250152588,21376,128,256,0.0003,9.395984649658203,1.006756067276001,-0.8200616836547852,0.02308296039700508,15616,0.7305389221556886
2026-04-09 19:37:43,98.3525493144989,"[231, 134]","[-42.18529724315748, -33.1947668593682]","[-0.18262033438596315, -0.2477221407415538]",[],,,21741,0.7855005264282227,21741,128,256,0.0003,8.35252857208252,0.29063811898231506,0.0058193206787109375,0.022602839395403862,15872,0.730049215767444
2026-04-09 19:37:45,99.90978980064392,[403],[-47.194686282605],[-0.11710840268636469],[],,,22144,0.7454476356506348,22144,128,256,0.0003,8.76091194152832,0.13800707459449768,0.7039724588394165,0.02215137518942356,16128,0.7283236994219653
2026-04-09 19:37:46,101.31681966781616,"[213, 182]","[-44.251384873434674, -23.65258159407658]","[-0.20775298062645386, -0.1299592395278933]",[],,,22539,0.7427737712860107,22539,128,256,0.0003,9.27055835723877,0.7619985342025757,0.21729744970798492,0.02174108847975731,16384,0.7269177869470695
2026-04-09 19:37:47,102.69465756416321,"[125, 228]","[-22.02288151561365, -26.439410375789592]","[-0.17618305212490923, -0.11596232620960349]",[],,,22892,0.7522292137145996,22892,128,256,0.0003,9.230061531066895,0.3248951733112335,0.38245314359664917,0.021350590512156487,16640,0.7268914904770225
2026-04-09 19:37:49,104.11193823814392,"[125, 141]","[-16.523752696323825, -31.70415827544487]","[-0.1321900215705906, -0.2248521863506729]",[],,,23158,0.7908704280853271,23158,128,256,0.0003,9.291106224060059,0.16874338686466217,-0.6059708595275879,0.021072519943118095,16896,0.7295966836514379
2026-04-09 19:37:50,105.65553879737854,"[183, 130, 114]","[-40.843770977934405, -18.87341658943555, -20.848380431623056]","[-0.2231900053439039, -0.14518012761104268, -0.18288053010195665]",[],,,23585,0.7539031505584717,23585,128,256,0.0003,9.053253173828125,1.2760746479034424,-1.223374605178833,0.02083422616124153,17152,0.7272418910324359
2026-04-09 19:37:52,107.0377197265625,"[200, 143]","[-40.12217909981093, -27.445001192428542]","[-0.20061089549905464, -0.19192308526173807]",[],,,23928,0.7678327560424805,23928,128,256,0.0003,9.229031562805176,0.15064996480941772,-0.029684260487556458,0.020652245730161667,17408,0.7275158809762621
2026-04-09 19:37:53,108.39941024780273,[163],[-19.6096700746036],[-0.12030472438407117],[],,,24091,0.7451097965240479,24091,128,256,0.0003,9.029537200927734,0.15621337294578552,0.011232882738113403,0.02056368812918663,17664,0.7332198746419825
2026-04-09 19:37:55,109.93366837501526,"[228, 206, 76]","[-31.252001070117117, -23.89521973844254, -22.472618949918704]","[-0.1370701801320926, -0.1159962123225366, -0.29569235460419346]",[],,,24601,0.7657699584960938,24601,128,256,0.0003,9.730856895446777,0.4892326593399048,0.10765577852725983,0.02053375355899334,17920,0.7284256737530995
2026-04-09 19:37:56,111.29251456260681,[338],[-37.49053706289386],[-0.11091874870678664],[],,,24939,0.745114803314209,24939,128,256,0.0003,9.408113479614258,0.18635089695453644,0.6302638649940491,0.020670896396040916,18176,0.7288183166927302
2026-04-09 19:37:57,112.63835191726685,"[44, 298]","[-19.315422683934436, -29.196519917959826]","[-0.4389868791803281, -0.09797489905355644]",[],,,25281,0.7205600738525391,25281,128,256,0.0003,9.59065055847168,0.2741011381149292,-1.3967077732086182,0.02044772170484066,18432,0.7290850836596654
2026-04-09 19:37:59,114.19701600074768,[250],[-41.28266382492464],[-0.16513065529969861],[],,,25531,0.7927548885345459,25531,128,256,0.0003,9.833571434020996,0.12363598495721817,-0.3918938934803009,0.020346032455563545,18688,0.7319728956954291
2026-04-09 19:38:00,115.58298754692078,"[192, 229]","[-20.22441127617036, -25.274791564423648]","[-0.10533547539672063, -0.11037026884027792]",[],,,25952,0.7696752548217773,25952,128,256,0.0003,9.954529762268066,0.7881474494934082,0.013127386569976807,0.02028628997504711,18944,0.7299630086313194
2026-04-09 19:38:03,117.80563640594482,[500],[-53.03575320097133],[-0.10607150640194271],[],,,26452,0.758296012878418,26452,128,256,0.0003,9.72756576538086,0.6126432418823242,0.1608603298664093,0.02023215964436531,19456,0.7355209435959473
2026-04-09 19:38:04,119.33891558647156,"[123, 121, 121]","[-16.815958636506686, -12.385852151372259, -17.046596018806326]","[-0.136715110865908, -0.10236241447415093, -0.14088095883311014]",[],,,26817,0.752690315246582,26817,128,256,0.0003,9.519487380981445,0.15934248268604279,-0.4547099769115448,0.020372170954942703,19712,0.7350561211172018
2026-04-09 19:38:05,120.71476340293884,"[193, 227]","[-16.537032053107236, -19.65450358999741]","[-0.08568410390211004, -0.08658371625549523]",[],,,27237,0.7252535820007324,27237,128,256,0.0003,9.450502395629883,0.12668642401695251,0.10990076512098312,0.020228879526257515,19968,0.7331203877078973
2026-04-09 19:38:08,122.97289776802063,"[367, 182]","[-33.84367753369937, -17.608341533190696]","[-0.09221710499645606, -0.09674912930324558]",[],,,27786,0.7776310443878174,27786,128,256,0.0003,10.390951156616211,0.10222722589969635,0.683816134929657,0.020293395966291428,20480,0.7370618296984093
2026-04-09 19:38:09,124.51332783699036,[223],[-32.04014889767635],[-0.14367779774742762],[],,,28009,0.7343378067016602,28009,128,256,0.0003,8.947186470031738,0.14606156945228577,-0.3393755853176117,0.020281720906496048,20736,0.740333464243636
2026-04-09 19:38:11,125.91319441795349,"[228, 284]","[-32.858587075195786, -17.7028435821112]","[-0.14411660997892894, -0.06233395627503944]",[],,,28521,0.7718796730041504,28521,128,256,0.0003,10.060141563415527,0.09701161086559296,0.6558717489242554,0.020479297265410423,20992,0.7360190736650187
2026-04-09 19:38:12,127.31562209129333,[309],[-28.849994586671414],[-0.09336567827401752],[],,,28830,0.7825770378112793,28830,128,256,0.0003,10.082022666931152,0.12943100929260254,0.21815761923789978,0.020248668268322945,21248,0.7370100589663545
2026-04-09 19:38:14,128.84312224388123,[204],[-24.548466406916475],[-0.12033561964174744],[],,,29034,0.7537841796875,29034,128,256,0.0003,9.930045127868652,0.11941161751747131,1.1666558980941772,0.020307175815105438,21504,0.7406488943996693
2026-04-09 19:38:15,130.24464750289917,"[235, 82, 167]","[-23.690632219628107, -16.21096236726134, -31.271503610341753]","[-0.10081120093458769, -0.19769466301538222, -0.18725451263677698]",[],,,29518,0.7529170513153076,29518,128,256,0.0003,9.290752410888672,0.5889606475830078,-0.5367395281791687,0.020281802862882614,21760,0.737177315536283
2026-04-09 19:38:16,131.6635937690735,[349],[-23.624309598438145],[-0.06769143151414937],[],,,29867,0.7821943759918213,29867,128,256,0.0003,9.624353408813477,0.1544766128063202,-0.8948574066162109,0.0202403012663126,22016,0.7371346301938595
2026-04-09 19:38:18,133.17273116111755,"[118, 213]","[-17.372274271183066, -17.78422374705011]","[-0.14722266331511072, -0.0834940082021132]",[],,,30198,0.7193624973297119,30198,128,256,0.0003,10.193597793579102,0.09552237391471863,0.08372654020786285,0.020200781524181366,22272,0.7375322869064176
2026-04-09 19:38:20,135.39107537269592,[553],[-37.16037121185279],[-0.06719777795995074],[],,,30751,0.7445681095123291,30751,128,256,0.0003,10.145123481750488,0.1175060123205185,1.4006807804107666,0.020451799035072327,22784,0.7409189945042438
2026-04-09 19:38:22,136.80657935142517,"[78, 73, 157]","[-19.56758101961654, -17.017583553969565, -22.774382044226137]","[-0.2508664233284172, -0.23311758293108994, -0.1450597582434786]",[],,,31059,0.7661209106445312,31059,128,256,0.0003,10.208999633789062,0.1143270954489708,1.5846372842788696,0.020701814442873,23040,0.7418139669660968
2026-04-09 19:38:23,138.3653154373169,"[181, 145]","[-20.64754307515367, -27.627920422236386]","[-0.11407482361963354, -0.1905373822223199]",[],,,31385,0.7607064247131348,31385,128,256,0.0003,10.128937721252441,0.08349055051803589,-0.09098696708679199,0.02063145861029625,23296,0.7422654134140513
2026-04-09 19:38:25,139.77770447731018,[214],[-23.461991262455832],[-0.10963547318904596],[],,,31599,0.766045093536377,31599,128,256,0.0003,10.796045303344727,0.09428215026855469,-0.37747764587402344,0.02087375894188881,23552,0.7453400424064053
2026-04-09 19:38:26,141.17506647109985,[447],[-28.38198114887657],[-0.06349436498630108],[],,,32046,0.739386796951294,32046,128,256,0.0003,9.672642707824707,0.12260513007640839,0.018330469727516174,0.020903276279568672,23808,0.7429320351994009
2026-04-09 19:38:27,142.72486758232117,"[209, 220]","[-22.377563597520925, -16.026845386498163]","[-0.10706968228478912, -0.07284929721135529]",[],,,32475,0.7496650218963623,32475,128,256,0.0003,9.544119834899902,0.16920863091945648,-0.5087172985076904,0.021102961152791977,24064,0.7410007698229407
2026-04-09 19:38:29,144.15701866149902,"[153, 66, 172, 68]","[-17.66140770695821, -19.83828258964779, -9.30626912064483, -17.070418491408244]","[-0.11543403730038049, -0.3005800392370877, -0.054106215817702495, -0.25103556605012123]",[],,,32934,0.7667839527130127,32934,128,256,0.0003,10.218452453613281,0.13129231333732605,0.48079273104667664,0.021098900586366653,24320,0.7384465901499969
2026-04-09 19:38:30,145.6033911705017,[150],[-21.201120913683567],[-0.1413408060912238],[],,,33084,0.7927224636077881,33084,128,256,0.0003,9.895857810974121,0.48187243938446045,-0.32128801941871643,0.021162040531635284,24576,0.7428364163946318
2026-04-09 19:38:32,147.15573620796204,"[210, 208, 62]","[-18.455337047869296, -13.158160055264311, -17.460261544010585]","[-0.08788255737080618, -0.06326038488107842, -0.28161712167759007]",[],,,33564,0.7384204864501953,33564,128,256,0.0003,10.062843322753906,0.10904383659362793,0.7587845921516418,0.021237825974822044,24832,0.7398403050887856
2026-04-09 19:38:37,151.93931555747986,[1064],[-32.025376947952374],[-0.030099038484917646],[34.079999999969004],,,34628,0.7522387504577637,34628,128,256,0.0003,10.172710418701172,0.0851917415857315,0.8753846883773804,0.02153667062520981,26112,0.7540718493704517
2026-04-09 19:38:38,153.31011199951172,"[333, 25]","[-22.57700861279055, -16.445723670499557]","[-0.06779882466303469, -0.6578289468199823]",[],,,34986,0.7557647228240967,34986,128,256,0.0003,10.447021484375,0.1275274157524109,-0.5086534023284912,0.02167383022606373,26368,0.7536728977305208
2026-04-09 19:38:40,154.84178566932678,"[201, 235]","[-17.731105245197167, -17.12002247645652]","[-0.08821445395620481, -0.07285115947428304]",[],,,35422,0.7395682334899902,35422,128,256,0.0003,9.896281242370605,0.11846460402011871,-0.782923698425293,0.021958377212285995,26624,0.7516232849641465
2026-04-09 19:38:41,156.24941492080688,"[225, 151, 32]","[-23.735351175172724, -23.60640674812398, -15.784996574257065]","[-0.10549044966743432, -0.15633381952399986, -0.49328114294553327]",[],,,35830,0.7730884552001953,35830,128,256,0.0003,10.572897911071777,0.18615196645259857,-0.8156518936157227,0.02191939763724804,26880,0.7502093217973765
2026-04-09 19:38:43,158.527569770813,[463],[-13.748941655728704],[-0.029695338349306055],[],,,36293,0.8084957599639893,36293,128,256,0.0003,10.321605682373047,0.07970330864191055,0.2152387648820877,0.022219238802790642,27392,0.7547460942881548
2026-04-09 19:38:47,161.8117892742157,[875],[-14.831289880606857],[-0.01695004557783642],[31.47999999997137],,,37168,0.761094331741333,37168,128,256,0.0003,10.093947410583496,0.10597224533557892,0.18664255738258362,0.022732853889465332,28160,0.7576409814894532
2026-04-09 19:38:48,163.25712823867798,"[145, 215]","[-13.347714636564977, -12.979834431097844]","[-0.0920532043901033, -0.0603713229353388]",[],,,37528,0.79587721824646,37528,128,256,0.0003,9.780238151550293,0.20183169841766357,0.4646730422973633,0.022883733734488487,28416,0.7571946280110851
2026-04-09 19:38:50,165.54881048202515,[438],[-15.06782742654511],[-0.03440143248069658],[],,,37966,0.7575962543487549,37966,128,256,0.0003,10.416542053222656,0.18042151629924774,-0.20916640758514404,0.022933194413781166,28928,0.7619448980666913
2026-04-09 19:38:52,167.13090443611145,"[249, 121, 28]","[-4.646970699655126, -11.750144154393789, -16.347765322734418]","[-0.018662532930341858, -0.09710862937515528, -0.5838487615262292]",[],,,38364,0.7896575927734375,38364,128,256,0.0003,10.621949195861816,0.09104301035404205,-0.393686443567276,0.022991588339209557,29184,0.7607131685955584
2026-04-09 19:38:53,168.57334089279175,[262],[-5.572757827617956],[-0.021270068044343327],[],,,38626,0.8081176280975342,38626,128,256,0.0003,10.259353637695312,0.09918105602264404,-0.2831890881061554,0.023024259135127068,29440,0.7621809144099829
2026-04-09 19:38:56,170.8943374156952,[713],[-9.907874404439486],[-0.013896037032874451],[],,,39339,0.7774550914764404,39339,128,256,0.0003,10.522915840148926,0.45454633235931396,-1.6142719984054565,0.023023612797260284,29952,0.7613818348204072
2026-04-09 19:38:57,172.4496512413025,[388],[-15.728833008835135],[-0.040538229404214275],[],,,39727,0.738337516784668,39727,128,256,0.0003,10.385263442993164,0.05911572277545929,0.23381346464157104,0.023017074912786484,30208,0.7603896594255796
2026-04-09 19:38:59,173.85781526565552,[259],[-5.125649805692239],[-0.019790153689931426],[],,,39986,0.7558083534240723,39986,128,256,0.0003,10.3116455078125,0.21013277769088745,0.12393850088119507,0.023305438458919525,30464,0.761866653328665
2026-04-09 19:39:00,175.23316192626953,[403],[-6.383822815586642],[-0.015840751403440805],[],,,40389,0.728010892868042,40389,128,256,0.0003,9.937339782714844,0.09504304081201553,1.1201121807098389,0.02328529581427574,30720,0.7606031345168239
2026-04-09 19:39:02,177.6476457118988,[680],[-18.329961593363002],[-0.026955825872592647],[],,,41069,0.7607533931732178,41069,128,256,0.0003,10.709744453430176,0.08672624081373215,-0.17977797985076904,0.023403923958539963,31232,0.7604762716404101
2026-04-09 19:39:04,179.06804013252258,"[174, 125]","[-14.297332114524075, -16.83615563720166]","[-0.082168575370828, -0.1346892450976133]",[],,,41368,0.7765698432922363,41368,128,256,0.0003,10.914129257202148,0.09865470230579376,-0.43812161684036255,0.02356969565153122,31488,0.7611680526010443
2026-04-09 19:39:05,180.45959734916687,"[64, 119]","[-19.847381791223338, -14.842906517733942]","[-0.31011534048786465, -0.1247303068717138]",[],,,41551,0.7414133548736572,41551,128,256,0.0003,10.353818893432617,0.0707533210515976,-0.270717978477478,0.023432034999132156,31744,0.7639767995956775
2026-04-09 19:39:07,182.01185584068298,"[299, 89, 90]","[-12.715421813737393, -17.012078478387284, -13.84277259402856]","[-0.042526494360325726, -0.19114694919536274, -0.1538085843780951]",[],,,42029,0.7518470287322998,42029,128,256,0.0003,10.610445022583008,0.07165157049894333,-0.6257969737052917,0.023381207138299942,32000,0.7613790478003284
2026-04-09 19:39:08,183.45028281211853,"[126, 176]","[-4.728218622706155, -17.984711032137348]","[-0.037525544624651984, -0.10218585813714402]",[],,,42331,0.7823042869567871,42331,128,256,0.0003,10.201918601989746,0.08895069360733032,1.1558820009231567,0.023397212848067284,32256,0.7619947556164512
2026-04-09 19:39:10,184.85526609420776,"[214, 211]","[-24.65547193857951, -3.9041457419239656]","[-0.11521248569429673, -0.018503060388265234]",[],,,42756,0.7556710243225098,42756,128,256,0.0003,10.592927932739258,0.07669313997030258,-0.061888694763183594,0.023641187697649002,32512,0.7604078959678174
2026-04-09 19:39:11,186.45113444328308,"[86, 75, 172, 107]","[-11.827199208541156, -14.164347892681493, -4.528934387849498, -10.832960330223791]","[-0.137525572192339, -0.18885797190241987, -0.026331013882845932, -0.10124261990863356]",[],,,43196,0.7766032218933105,43196,128,256,0.0003,11.201833724975586,0.08176073431968689,-0.492625892162323,0.02352800965309143,32768,0.7585887582183536
2026-04-09 19:39:13,187.83216333389282,[336],[-2.427843148282717],[-0.007225723655603329],[],,,43532,0.7379782199859619,43532,128,256,0.0003,10.517653465270996,0.08138678967952728,-0.04712165892124176,0.02343478612601757,33024,0.7586143526601121
2026-04-09 19:39:15,190.29109382629395,[451],[-7.8454180235154665],[-0.017395605373648468],[],,,43983,0.760284423828125,43983,128,256,0.0003,10.324214935302734,0.06555037200450897,-0.24745361506938934,0.02333131432533264,33536,0.7624764113407453
2026-04-09 19:39:16,191.70101189613342,[361],[-18.962708285699684],[-0.05252827779972211],[],,,44344,0.7649052143096924,44344,128,256,0.0003,10.504011154174805,0.08760169893503189,-0.48496052622795105,0.023504702374339104,33792,0.7620422154068194
2026-04-09 19:39:20,194.86296391487122,[896],[-9.47301534072312],[-0.010572561764199906],[29.95999999997275],,,45240,0.7339911460876465,45240,128,256,0.0003,10.336542129516602,0.5664305686950684,-0.26219889521598816,0.0234229639172554,34560,0.7639257294429708
2026-04-09 19:39:21,196.43346905708313,"[103, 223]","[-15.084881603560252, -6.427402943922784]","[-0.1464551611996141, -0.028822434726111124]",[],,,45566,0.77866530418396,45566,128,256,0.0003,10.663961410522461,0.06835423409938812,-0.8795453906059265,0.023337699472904205,34816,0.764078479568099
2026-04-09 19:39:23,197.8067409992218,"[273, 86]","[-12.945789136719762, -15.943839833497211]","[-0.04742047302827751, -0.18539348643601408]",[],,,45925,0.7391452789306641,45925,128,256,0.0003,9.70736026763916,0.08102235943078995,0.35325759649276733,0.023382529616355896,35072,0.7636799129014697
2026-04-09 19:39:24,199.18887162208557,[249],[-13.35321559589391],[-0.05362737187105989],[],,,46174,0.7516734600067139,46174,128,256,0.0003,10.262409210205078,0.05838548019528389,-0.6454375386238098,0.023290548473596573,35328,0.7651059037553601
2026-04-09 19:39:30,204.95436429977417,[1151],[12.903617910319566],[0.011210788801320218],[26.039999999976317],,,47325,0.7605640888214111,47325,128,256,0.0003,9.552059173583984,0.1636180579662323,0.35221463441848755,0.023083582520484924,36864,0.7789540412044375
2026-04-09 19:39:31,206.3532211780548,[272],[-4.3398322373633995],[-0.015955265578541936],[],,,47597,0.7657320499420166,47597,128,256,0.0003,10.091119766235352,0.3685120940208435,1.0766143798828125,0.02281947061419487,37120,0.7798810849423283
2026-04-09 19:39:34,209.4878499507904,[1040],[1.4883804234208693],[0.0014311350225200735],[27.95999999997457],,,48637,0.7401561737060547,48637,128,256,0.0003,9.824247360229492,0.0768255665898323,-0.24841922521591187,0.023214105516672134,37888,0.7789954150132615
2026-04-09 19:39:42,217.13781714439392,[2000],[72.74654622767892],[0.03637327311383949],"[24.39999999997781, 23.75999999997839, 24.5199999999777]",,,50637,0.7259433269500732,50637,128,256,0.0003,9.711210250854492,0.0791330635547638,-0.5433957576751709,0.022877873852849007,39936,0.7886723147105871
2026-04-09 19:39:44,219.41834497451782,[396],[-9.890103261895108],[-0.024975008237108867],[],,,51033,0.7533526420593262,51033,128,256,0.0003,9.514015197753906,0.22855371236801147,0.6801574230194092,0.022918377071619034,40448,0.7925851899751142
2026-04-09 19:39:46,221.709947347641,[658],[14.022192547140605],[0.02131032301997052],[24.359999999978072],,,51691,0.7253439426422119,51691,128,256,0.0003,9.937124252319336,0.12214358150959015,-0.5646790862083435,0.023238277062773705,40960,0.7924009982395388
2026-04-09 19:39:51,226.73161220550537,[1222],[28.833310575913202],[0.023595180504020572],"[24.31999999997788, 24.359999999977845]",,,52913,0.7615511417388916,52913,128,256,0.0003,9.883426666259766,0.12264318019151688,-0.8555099368095398,0.023605182766914368,42240,0.7982915351614915
2026-04-09 19:39:53,228.1458957195282,[233],[-4.152646660175378],[-0.01782251785482995],[],,,53146,0.7590878009796143,53146,128,256,0.0003,9.649713516235352,0.16239367425441742,-0.43309634923934937,0.023783225566148758,42496,0.7996086252963535
2026-04-09 19:40:00,234.82692074775696,[1424],[47.8497409573627],[0.033602346177923195],"[23.75999999997839, 22.959999999979118]",,,54570,0.7223825454711914,54570,128,256,0.0003,9.919135093688965,0.30007418990135193,-0.2182852029800415,0.023861495777964592,44288,0.8115814550119113
2026-04-09 19:40:04,238.83400440216064,[1254],[28.768660485533893],[0.022941515538703248],"[25.3999999999769, 23.75999999997839]",,,55824,0.7469680309295654,55824,128,256,0.0003,9.37813949584961,0.14407891035079956,0.09529025852680206,0.023714181035757065,45312,0.8116938950988822
2026-04-09 19:40:06,241.0813000202179,[580],[0.09192873366696297],[0.00015849781666715915],[],,,56404,0.729607105255127,56404,128,256,0.0003,9.185511589050293,0.09743177890777588,-0.5489869713783264,0.023549633100628853,45824,0.8124246507339905
2026-04-09 19:40:08,243.51288199424744,[635],[7.651112370728729],[0.01204899585941532],[25.07999999997719],,,57039,0.7419750690460205,57039,128,256,0.0003,9.500492095947266,0.12487219274044037,0.3090197443962097,0.02358965389430523,46336,0.8123564578621645
2026-04-09 19:40:10,244.92657327651978,[231],[-0.5277292177864741],[-0.0022845420683396877],[],,,57270,0.766289234161377,57270,128,256,0.0003,9.193153381347656,0.06951991468667984,-0.7708418965339661,0.023488618433475494,46592,0.813549851580234
2026-04-09 19:40:11,246.35438418388367,"[184, 220]","[-1.7414422747450509, -2.465930295890079]","[-0.00946436018883181, -0.011208774072227616]",[],,,57674,0.7715275287628174,57674,128,256,0.0003,8.935201644897461,0.10432001948356628,0.385981947183609,0.02337053045630455,46848,0.8122897666192739
2026-04-09 19:40:16,251.35949206352234,[1161],[32.90617746651039],[0.02834296078080133],[24.119999999978063],,,58835,0.7516689300537109,58835,128,256,0.0003,8.95975112915039,0.10227713733911514,0.7284409999847412,0.02361777052283287,48128,0.8180164867850769
2026-04-09 19:40:18,253.64506888389587,[523],[8.28813782196376],[0.015847299850791124],[],,,59358,0.7263228893280029,59358,128,256,0.0003,8.599258422851562,0.8886046409606934,0.5255676507949829,0.023914054036140442,48640,0.8194346170693083
2026-04-09 19:40:20,255.201828956604,[191],[-0.9538892467033566],[-0.004994184537713916],[],,,59549,0.7503352165222168,59549,128,256,0.0003,9.05909538269043,0.12825118005275726,-0.19231009483337402,0.023801803588867188,48896,0.8211053082335555
2026-04-09 19:40:21,256.6159327030182,[491],[11.672151299213512],[0.02377220223872406],[],,,60040,0.7413959503173828,60040,128,256,0.0003,9.078071594238281,0.14889371395111084,-0.44796741008758545,0.02382531389594078,49152,0.8186542305129914
2026-04-09 19:40:23,258.01697397232056,[339],[-4.457964542309732],[-0.013150337882919576],[],,,60379,0.7518761157989502,60379,128,256,0.0003,8.728316307067871,0.07200650870800018,-0.007105708122253418,0.023868152871727943,49408,0.818297752529853
2026-04-09 19:40:25,260.4827103614807,[696],[24.518706903051005],[0.03522802715955601],[24.87999999997737],,,61075,0.7427997589111328,61075,128,256,0.0003,8.720544815063477,0.10367445647716522,0.2531152367591858,0.023573562502861023,49920,0.8173557101923864
2026-04-09 19:40:32,267.2022361755371,[1653],[61.56840324577617],[0.037246462943603315],"[24.31999999997788, 23.159999999978936]",,,62728,0.7184712886810303,62728,128,256,0.0003,8.526540756225586,0.07359474897384644,-0.5776901245117188,0.02414489910006523,51712,0.8243846448157123
2026-04-09 19:40:40,275.4306230545044,[2000],[93.13796283990855],[0.046568981419954227],"[23.1999999999789, 23.039999999979045, 22.119999999979882]",,,64728,0.7706010341644287,64728,128,256,0.0003,8.63720989227295,0.42005568742752075,1.4498186111450195,0.024245386943221092,54016,0.8345074774440736
2026-04-09 19:40:49,283.8752658367157,[2000],[99.25930912532235],[0.04962965456266131],"[22.919999999979154, 22.799999999979264, 22.399999999979627]",,,66728,0.7284679412841797,66728,128,256,0.0003,7.939542293548584,0.18451260030269623,-0.012369796633720398,0.02436187118291855,56320,0.844023498381489
2026-04-09 19:40:57,292.2530415058136,[2000],[107.36575670582954],[0.05368287835291489],"[23.479999999978645, 22.19999999997981, 22.63999999997941]",,,68728,0.7385234832763672,68728,128,256,0.0003,7.4322099685668945,0.09015566110610962,0.10809303820133209,0.024274267256259918,58624,0.8529856826911885
2026-04-09 19:41:05,299.90600657463074,[2000],[91.69613528779462],[0.04584806764389731],"[23.919999999978245, 22.399999999979627, 22.3199999999797]",,,70728,0.7501604557037354,70728,128,256,0.0003,7.681877136230469,0.0939643606543541,0.778663158416748,0.024767467752099037,60672,0.8578215134034611
2026-04-09 19:41:13,308.1058232784271,[2000],[106.15067694846441],[0.0530753384742322],"[23.119999999978972, 22.599999999979445, 22.7599999999793]",,,72728,0.7780900001525879,72728,128,256,0.0003,6.902225494384766,0.1201317310333252,0.7346035838127136,0.02511575073003769,62976,0.8659113408865912
2026-04-09 19:41:21,316.51545810699463,[2000],[101.53108512355695],[0.050765542561778405],"[23.239999999978863, 22.679999999979373, 22.559999999979482]",,,74728,0.738734245300293,74728,128,256,0.0003,7.066267013549805,0.09960639476776123,1.3469792604446411,0.025211893022060394,65280,0.8735681404560539
2026-04-09 19:41:30,324.8942759037018,[2000],[108.10034160307158],[0.054050170801535784],"[22.63999999997941, 22.119999999979882, 22.399999999979627]",,,76728,0.7899796962738037,76728,128,256,0.0003,6.50763463973999,0.5507205724716187,-0.030858248472213745,0.024904046207666397,67584,0.8808257741632781
2026-04-09 19:41:38,333.13567423820496,[2000],[109.94406105919238],[0.0549720305295962],"[22.7599999999793, 22.559999999979482, 22.279999999979736]",,,78728,0.7545228004455566,78728,128,256,0.0003,6.395374298095703,0.07419377565383911,-0.6209678649902344,0.025009257718920708,69888,0.8877146631439894
2026-04-09 19:41:46,340.8651833534241,[2000],[108.49529904517193],[0.0542476495225859],"[22.839999999979227, 22.039999999979955, 22.3199999999797]",,,80728,0.743610143661499,80728,128,256,0.0003,6.189783096313477,0.07210580259561539,-0.007136121392250061,0.02516767382621765,71936,0.8910910712516104
2026-04-09 19:41:54,349.1261591911316,[2000],[107.86750708638075],[0.05393375354319025],"[22.839999999979227, 22.07999999997992, 22.3199999999797]",,,82728,0.7672615051269531,82728,128,256,0.0003,6.257394313812256,0.06871521472930908,0.4329502284526825,0.025369886308908463,74240,0.8973987041872159
2026-04-09 19:42:02,357.71247935295105,[2000],[112.9767392508391],[0.05648836962541946],"[22.87999999997919, 21.719999999980246, 21.959999999980027]",,,84728,0.7633864879608154,84728,128,256,0.0003,5.912257671356201,0.08108963072299957,-1.5295337438583374,0.025542542338371277,76544,0.9034085544330092
2026-04-09 19:42:11,366.0255184173584,[2000],[116.70512054645734],[0.058352560273228646],"[22.839999999979227, 21.839999999980137, 21.919999999980064]",,,86728,0.7350878715515137,86728,128,256,0.0003,6.329994201660156,0.06954801082611084,-0.5803747177124023,0.02564108930528164,78848,0.9091412231343972
2026-04-09 19:42:18,373.61756229400635,[2000],[113.74188693494207],[0.056870943467471034],"[22.919999999979154, 21.839999999980137, 22.119999999979882]",,,88728,0.7729160785675049,88728,128,256,0.0003,5.669341564178467,0.11152958124876022,-0.055350273847579956,0.02555605210363865,80896,0.9117302317194121
2026-04-09 19:42:27,382.0281500816345,[2000],[113.87860962315703],[0.05693930481157847],"[22.719999999979336, 22.239999999979773, 21.959999999980027]",,,90728,0.7729401588439941,90728,128,256,0.0003,5.417867660522461,0.08567339181900024,0.3458297848701477,0.025695953518152237,83200,0.9170267172207036
2026-04-09 19:42:35,390.3222267627716,[2000],[118.64761897178182],[0.05932380948589095],"[23.119999999978972, 21.839999999980137, 21.8799999999801]",,,92728,0.7589991092681885,92728,128,256,0.0003,4.921317100524902,0.09414956718683243,0.19526952505111694,0.02566765807569027,85504,0.9220947286687947
2026-04-09 19:42:43,398.69272017478943,[2000],[131.76483711194822],[0.06588241855597422],"[22.599999999979445, 21.599999999980355, 21.679999999980282]",,,94728,0.7544724941253662,94728,128,256,0.0003,4.541378974914551,0.07168710976839066,0.5577878952026367,0.02574877440929413,87808,0.9269487374377164
2026-04-09 19:42:52,407.0754313468933,[2000],[122.34927501008087],[0.061174637505040465],"[22.119999999979882, 21.479999999980464, 21.479999999980464]",,,96728,0.7445499897003174,96728,128,256,0.0003,5.048618793487549,0.07683742046356201,0.24349769949913025,0.02597617916762829,90112,0.9316020180299396
2026-04-09 19:43:00,414.808917760849,[2000],[123.81878867875709],[0.06190939433937866],"[22.399999999979627, 21.63999999998032, 21.159999999980755]",,,98728,0.7795729637145996,98728,128,256,0.0003,4.4136857986450195,0.06576265394687653,-0.14426523447036743,0.02629251219332218,92160,0.9334737865651082
2026-04-09 19:43:08,423.6650788784027,[2000],[126.19724796495295],[0.06309862398247659],"[22.599999999979445, 21.519999999980428, 21.519999999980428]",,,100728,0.8316926956176758,100000,128,256,0.0003,4.728543281555176,0.057445280253887177,-0.07110738754272461,0.026307102292776108,94464,0.9378127233738385
2026-04-09 19:43:16,431.5145800113678,[2000],[125.3085316544073],[0.06265426582720364],"[21.519999999980428, 21.479999999980464, 21.55999999998039]",,,102728,0.7867016792297363,100000,128,256,0.0003,4.561455726623535,0.05854891240596771,-0.4465317726135254,0.02586122788488865,96512,0.9394906938711939
2026-04-09 19:43:25,440.21478748321533,[2000],[122.6946114184731],[0.061347305709236494],"[23.039999999979045, 21.75999999998021, 21.19999999998072]",,,104728,0.8205833435058594,100000,128,256,0.0003,3.7461180686950684,0.05529174208641052,-0.10380636155605316,0.02660212107002735,98816,0.9435490031319227
2026-04-09 19:43:33,448.60785698890686,[2000],[134.49112529420103],[0.06724556264710049],"[22.07999999997992, 21.239999999980682, 21.19999999998072]",,,106728,0.8905892372131348,100000,128,256,0.0003,3.934976100921631,0.06294191628694534,-0.45187291502952576,0.026661571115255356,100864,0.9450565924593359
2026-04-09 19:43:41,456.65762186050415,[2000],[119.00088022657127],[0.05950044011328563],"[21.919999999980064, 21.079999999980828, 21.359999999980573]",,,108728,0.875044584274292,100000,128,256,0.0003,3.8251190185546875,0.04576556757092476,-0.3038250505924225,0.026787955313920975,102656,0.944154219704216
2026-04-09 19:43:50,464.8560600280762,[2000],[138.96798949560343],[0.06948399474780187],"[22.239999999979773, 20.919999999980973, 20.959999999980937]",,,110728,1.0624709129333496,100000,128,256,0.0003,3.5511534214019775,0.06087329983711243,-0.06492073833942413,0.027049850672483444,104448,0.9432844447655516
2026-04-09 19:43:57,472.51737928390503,[2000],[125.89657580171024],[0.06294828790085516],"[22.63999999997941, 21.079999999980828, 21.719999999980246]",,,112728,1.0770750045776367,100000,128,256,0.0003,3.8844528198242188,0.06640878319740295,-0.4563503861427307,0.026990532875061035,105984,0.9401745795188419
2026-04-09 19:44:06,481.1903488636017,[2000],[129.0453991296097],[0.06452269956480476],"[22.99999999997908, 20.919999999980973, 21.359999999980573]",,,114728,1.0830328464508057,100000,128,256,0.0003,3.2913787364959717,0.053874459117650986,-1.71259343624115,0.02721741981804371,107776,0.9394045045673245
2026-04-09 19:44:14,488.9206166267395,[2000],[129.08216982409843],[0.06454108491204923],"[22.399999999979627, 21.4399999999805, 21.679999999980282]",,,116728,1.1116786003112793,100000,128,256,0.0003,3.3709139823913574,0.038906242698431015,0.1450674831867218,0.02742098830640316,109312,0.9364676855595915
2026-04-09 19:44:23,497.91977429389954,[2000],[135.1965564815514],[0.06759827824077565],"[21.8799999999801, 20.839999999981046, 21.079999999980828]",,,118728,1.0532562732696533,100000,128,256,0.0003,2.986654281616211,0.03930991515517235,-0.0016471147537231445,0.027241306379437447,111104,0.9357859982480965
2026-04-09 19:44:30,505.6917824745178,[2000],[144.58779252541711],[0.07229389626270855],"[22.19999999997981, 20.959999999980937, 20.599999999981264]",,,120728,1.101837158203125,100000,128,256,0.0003,3.0212831497192383,0.04180319979786873,0.45831814408302307,0.027466602623462677,112640,0.9330064276721225
2026-04-09 19:44:38,513.4257140159607,[2000],[139.4159676056494],[0.06970798380282466],"[22.19999999997981, 20.919999999980973, 21.079999999980828]",,,122728,1.0410969257354736,100000,128,256,0.0003,2.974846839904785,0.04011610895395279,-0.3029463291168213,0.027048762887716293,114176,0.9303174499706668
2026-04-09 19:44:47,521.9890289306641,[2000],[137.51670328835664],[0.06875835164417839],"[21.799999999980173, 20.919999999980973, 20.919999999980973]",,,124728,1.0479457378387451,100000,128,256,0.0003,2.9280829429626465,0.06354592740535736,0.5408026576042175,0.027220366522669792,115968,0.9297671733692515
2026-04-09 19:44:55,530.722804069519,[2000],[140.1214496605402],[0.07006072483027018],"[22.519999999979518, 20.87999999998101, 20.359999999981483]",,,126728,1.030174970626831,100000,128,256,0.0003,2.873983860015869,0.0666009783744812,0.21651585400104523,0.027257287874817848,117760,0.9292342655135408
2026-04-09 19:45:03,538.1772656440735,[2000],[144.6935313104732],[0.0723467656552366],"[21.19999999998072, 21.279999999980646, 20.719999999981155]",,,128728,1.0577208995819092,100000,128,256,0.0003,2.6128647327423096,0.035514406859874725,0.313955694437027,0.027343062683939934,119296,0.9267292275184886
2026-04-09 19:45:12,546.9192485809326,[2000],[140.65725021117765],[0.07032862510558882],"[22.279999999979736, 20.639999999981228, 20.9999999999809]",,,130728,1.0067780017852783,100000,128,256,0.0003,2.5331687927246094,0.03718548268079758,-0.5718436241149902,0.02784326672554016,121088,0.9262591028700814
2026-04-09 19:45:19,554.3097970485687,[2000],[152.08645150178145],[0.07604322575089081],"[21.479999999980464, 20.67999999998119, 20.75999999998112]",,,132728,1.0008292198181152,100000,128,256,0.0003,1.981213092803955,0.031239798292517662,-0.21014012396335602,0.02815627120435238,122624,0.9238743897293713
2026-04-09 19:45:28,562.8685283660889,[2000],[146.0241649167083],[0.07301208245835411],"[21.919999999980064, 20.67999999998119, 20.639999999981228]",,,134728,1.0384128093719482,100000,128,256,0.0003,1.9825983047485352,0.027158761397004128,0.2606249451637268,0.02779967337846756,124416,0.923460602102013
2026-04-09 19:45:36,571.4116468429565,[2000],[155.0647812407813],[0.07753239062039048],"[21.599999999980355, 20.519999999981337, 20.43999999998141]",,,136728,1.0405516624450684,100000,128,256,0.0003,1.588102102279663,0.026691565290093422,0.2673241198062897,0.027854302898049355,126208,0.9230589198993623
2026-04-09 19:45:45,580.0395984649658,[2000],[153.95989773027722],[0.07697994886513845],"[21.839999999980137, 20.519999999981337, 20.959999999980937]",,,138728,1.0491445064544678,100000,128,256,0.0003,1.9718990325927734,0.022678064182400703,-0.23653727769851685,0.028255006298422813,128000,0.922668819560579
2026-04-09 19:45:52,587.5906863212585,[2000],[149.2055347659907],[0.07460276738299544],"[21.719999999980246, 20.719999999981155, 20.75999999998112]",,,140728,1.0602736473083496,100000,128,256,0.0003,1.5159757137298584,0.03006679192185402,0.2726305425167084,0.02907704934477806,129536,0.9204706952418851
2026-04-09 19:46:00,595.6496117115021,[2000],[148.26268127116805],[0.07413134063558402],"[21.959999999980027, 20.43999999998141, 20.079999999981737]",,,142728,1.236159086227417,100000,128,256,0.0003,1.2383018732070923,0.020863544195890427,0.135539710521698,0.028888637199997902,131072,0.9183341740933804
2026-04-09 19:46:09,604.5896627902985,[2000],[160.9694477893106],[0.08048472389465532],"[20.9999999999809, 19.919999999981883, 20.359999999981483]",,,144728,1.108708381652832,100000,128,256,0.0003,1.185348629951477,0.0441170297563076,-0.004368513822555542,0.029050907120108604,132864,0.9180255375601127
2026-04-09 19:46:18,612.9455347061157,[2000],[158.91058665025363],[0.0794552933251269],"[21.11999999998079, 20.399999999981446, 20.599999999981264]",,,146728,1.3375272750854492,100000,128,256,0.0003,1.3282077312469482,0.033785175532102585,-0.6277981400489807,0.02919110096991062,134400,0.915980589935118
2026-04-09 19:46:26,621.1084277629852,[2000],[166.81356175011433],[0.08340678087505711],"[20.959999999980937, 19.719999999982065, 19.799999999981992]",,,148728,1.1338098049163818,100000,128,256,0.0003,1.1796393394470215,0.02429027482867241,0.05504545569419861,0.029591329395771027,135936,0.9139906406325642
