s_m, x_m, y_m, psi_rad, kappa_radpm, vx_mps, ax_mps2
0.000000,-20.206593,-1.677999,-0.968570,0.965915,3.407435,0.740253
0.099960,-20.146277,-1.757461,-0.875594,0.898603,3.429082,1.388225
0.199919,-20.078851,-1.831428,-0.788634,0.840182,3.469313,1.840930
0.299879,-20.005652,-1.899305,-0.707723,0.781545,3.521956,2.257634
0.399838,-19.927204,-1.961392,-0.632133,0.730651,3.585459,2.557411
0.499798,-19.844567,-2.017496,-0.561519,0.683539,3.656062,2.811599
0.599757,-19.758189,-2.067883,-0.495347,0.640441,3.732142,3.025532
0.699717,-19.668844,-2.112599,-0.433413,0.599533,3.812315,3.230356
0.799677,-19.576916,-2.151909,-0.375392,0.561485,3.896095,3.418221
0.899636,-19.482971,-2.185984,-0.321124,0.524691,3.982829,3.615545
0.999596,-19.387340,-2.215094,-0.270437,0.489655,4.072559,3.814588
1.099555,-19.290414,-2.239486,-0.223201,0.455611,4.165135,4.028832
1.199515,-19.192471,-2.259440,-0.179314,0.422688,4.260726,4.256430
1.299474,-19.093770,-2.275239,-0.138675,0.390457,4.359442,4.506003
1.399434,-18.994536,-2.287174,-0.101232,0.358883,4.461566,4.779271
1.499394,-18.894923,-2.295542,-0.066913,0.327728,4.567388,5.082615
1.599353,-18.795107,-2.300642,-0.035700,0.296921,4.677301,5.419636
1.699313,-18.695161,-2.302778,-0.007555,0.266151,4.791726,5.800237
1.799272,-18.595218,-2.302255,0.017514,0.235538,4.911234,6.225526
1.899232,-18.495289,-2.299378,0.039540,0.205085,5.036350,6.404515
1.999191,-18.395465,-2.294455,0.058517,0.174685,5.161899,6.334582
2.099151,-18.295717,-2.287786,0.074511,0.145274,5.283144,6.266931
2.199111,-18.196100,-2.279671,0.087560,0.115888,5.400415,6.201388
2.299070,-18.096561,-2.270396,0.097831,0.089595,5.514006,6.137801
2.399030,-17.997131,-2.260232,0.105471,0.063285,5.624173,6.076036
2.498989,-17.897745,-2.249435,0.110520,0.037721,5.731147,6.015971
2.598949,-17.798422,-2.238266,0.113012,0.012234,5.835131,5.957500
2.698908,-17.699095,-2.226965,0.113242,-0.007622,5.936309,5.900526
2.798868,-17.599777,-2.215741,0.111488,-0.027101,6.034849,5.844963
2.898828,-17.500419,-2.204757,0.108694,-0.028797,6.130899,5.790731
2.998787,-17.401037,-2.194060,0.105731,-0.030395,6.224596,5.737758
3.098747,-17.301620,-2.183658,0.102788,-0.028485,6.316065,5.685980
3.198706,-17.202174,-2.173540,0.100037,-0.026577,6.405421,5.635335
3.298666,-17.102702,-2.163686,0.097473,-0.024720,6.492768,5.585770
3.398625,-17.003205,-2.154078,0.095095,-0.022863,6.578201,5.537233
3.498585,-16.903686,-2.144698,0.092901,-0.021031,6.661811,5.489677
3.598545,-16.804148,-2.135526,0.090890,-0.019198,6.743680,5.443060
3.698504,-16.704593,-2.126546,0.089063,-0.017352,6.823884,5.397340
3.798464,-16.605022,-2.117738,0.087421,-0.015507,6.902494,5.352481
3.898423,-16.505438,-2.109085,0.085963,-0.013667,6.979577,5.308446
3.998383,-16.405842,-2.100568,0.084689,-0.011827,7.055193,5.265205
4.098343,-16.306236,-2.092168,0.083599,-0.009986,7.129401,5.222726
4.198302,-16.206622,-2.083868,0.082692,-0.008144,7.202256,5.180981
4.298262,-16.107001,-2.075649,0.081970,-0.006303,7.273807,5.139942
4.398221,-16.007374,-2.067493,0.081432,-0.004461,7.344102,5.099585
4.498181,-15.907745,-2.059381,0.081079,-0.002620,7.413187,5.059886
4.598140,-15.808112,-2.051295,0.080909,-0.000779,7.481104,5.020822
4.698100,-15.708481,-2.043217,0.080923,0.001063,7.547892,4.982373
4.798060,-15.608848,-2.035129,0.081121,0.002904,7.613589,4.944518
4.898019,-15.509220,-2.027011,0.081503,0.004744,7.678232,4.907238
4.997979,-15.409593,-2.018847,0.082069,0.006584,7.741854,4.870515
5.097938,-15.309974,-2.010616,0.082820,0.008430,7.804486,4.834332
5.197898,-15.210360,-2.002302,0.083755,0.010276,7.866160,4.798674
5.297857,-15.110756,-1.993886,0.084873,0.012105,7.926905,4.763524
5.397817,-15.011161,-1.985349,0.086175,0.014083,7.986748,-8.781478
5.497777,-14.911581,-1.976669,0.087781,0.018041,7.876075,-10.886686
5.597736,-14.812013,-1.967809,0.089784,0.022466,7.736673,-10.325844
5.697696,-14.712473,-1.958718,0.092547,0.032835,7.602090,-9.799097
5.797655,-14.612953,-1.949299,0.096348,0.043285,7.472131,-9.247009
5.897615,-14.513486,-1.939449,0.101253,0.054862,7.347387,-8.733055
5.997574,-14.414063,-1.929053,0.107316,0.066405,7.227599,-8.271603
6.097534,-14.314720,-1.917998,0.114512,0.077572,7.112280,-7.846543
6.197494,-14.215458,-1.906173,0.122824,0.088603,7.001133,-7.528491
6.297453,-14.116309,-1.893472,0.132149,0.097982,6.892806,-7.232752
6.397413,-14.017289,-1.879800,0.142413,0.107356,6.787106,-6.975189
6.497372,-13.918414,-1.865066,0.153594,0.116352,6.683587,-6.733972
6.597332,-13.819731,-1.849185,0.165677,0.125416,6.582103,-6.505930
6.697291,-13.721234,-1.832064,0.178673,0.134604,6.482547,-6.292023
6.797251,-13.623004,-1.813625,0.192590,0.143886,6.384788,-6.088558
6.897211,-13.525015,-1.793768,0.207447,0.153340,6.288744,-5.897483
6.997170,-13.427383,-1.772420,0.223249,0.162913,6.194295,-5.714969
7.097130,-13.330066,-1.749474,0.240026,0.172697,6.101373,-5.543460
7.197089,-13.233211,-1.724865,0.257779,0.182626,6.009868,-5.378652
7.297049,-13.136765,-1.698476,0.276548,0.192814,5.919731,-5.223713
7.397008,-13.040907,-1.670251,0.296331,0.203175,5.830857,-5.073628
7.496968,-12.945579,-1.640065,0.317180,0.213854,5.743220,-4.932640
7.596928,-12.850984,-1.607870,0.339091,0.224732,5.656717,-4.795766
7.696887,-12.757069,-1.573534,0.362123,0.235963,5.571327,-4.666806
7.796847,-12.664058,-1.537019,0.386271,0.247439,5.486957,-4.538788
7.896806,-12.571913,-1.498186,0.411610,0.259393,5.403639,-4.418086
7.996766,-12.480870,-1.457007,0.438137,0.271626,5.321283,-4.297229
8.096725,-12.390918,-1.413341,0.465934,0.284406,5.239938,-4.186148
8.196685,-12.302303,-1.367166,0.495004,0.297398,5.159463,-4.088467
8.296645,-12.215043,-1.318346,0.525392,0.310482,5.079636,-4.000520
8.396604,-12.129394,-1.266874,0.557086,0.323808,5.000292,-3.929392
8.496564,-12.045406,-1.212626,0.590125,0.337123,4.921113,-3.860722
8.596523,-11.963341,-1.155611,0.624499,0.351023,4.842058,-3.786778
8.696483,-11.883289,-1.095722,0.660334,0.365866,4.763242,-3.713988
8.796442,-11.805514,-1.032974,0.697658,0.381430,4.684653,-3.623024
8.896402,-11.730160,-0.967282,0.736644,0.398603,4.606698,-3.542494
8.996362,-11.657505,-0.898661,0.777362,0.416157,4.529178,-3.474143
9.096321,-11.587750,-0.827060,0.819853,0.434054,4.451843,-3.392826
9.196281,-11.521188,-0.752523,0.864171,0.453547,4.374999,-3.290270
9.296240,-11.458062,-0.675033,0.910582,0.475100,4.299166,-3.184641
9.396200,-11.398687,-0.594634,0.959172,0.497830,4.224471,-3.035396
9.496159,-11.343382,-0.511374,1.010221,0.523875,4.152026,-2.891249
9.596119,-11.292517,-0.425339,1.063943,0.550567,4.081826,-2.769011
9.696079,-11.246463,-0.336641,1.120286,0.576944,4.013443,-2.613969
9.796038,-11.205601,-0.245439,1.179347,0.606108,3.947803,-2.391573
9.895998,-11.170336,-0.151921,1.241601,0.639890,3.886776,-2.152428
9.995957,-11.141121,-0.056333,1.307321,0.674832,3.831020,-1.859341
10.095917,-11.118421,0.040996,1.376640,0.712755,3.782194,-1.605237
10.195876,-11.102703,0.139713,1.449730,0.747194,3.739529,-1.313967
10.295836,-11.094403,0.239298,1.526140,0.782652,3.704239,-1.005349
10.395796,-11.093911,0.339244,1.606170,0.817056,3.677010,-0.622407
10.495755,-11.101575,0.438861,1.689596,0.853195,3.660051,-0.314395
10.595715,-11.117672,0.537385,1.776326,0.880300,3.651454,-0.051504
10.695674,-11.142389,0.634229,1.865385,0.900710,3.650044,-0.051504
10.795634,-11.175607,0.728336,1.954147,0.864448,3.648633,0.440550
10.895594,-11.216933,0.819450,2.038301,0.819286,3.660683,0.969278
10.995553,-11.265493,0.906751,2.117589,0.764463,3.687055,1.555045
11.095513,-11.320644,0.990180,2.191320,0.710981,3.728976,2.059869
11.195472,-11.381524,1.069404,2.259809,0.659325,3.783790,2.505051
11.295432,-11.447538,1.144498,2.323240,0.609971,3.849399,2.904245
11.395391,-11.517960,1.215380,2.381859,0.563352,3.924091,3.265705
11.495351,-11.592307,1.282227,2.435925,0.518460,4.006415,3.615952
11.595311,-11.669973,1.345096,2.485546,0.474633,4.095639,3.973528
11.695270,-11.750581,1.404244,2.530851,0.431816,4.191497,4.345659
11.795230,-11.833623,1.459828,2.571946,0.390803,4.293883,4.723325
11.895189,-11.918818,1.512153,2.609002,0.350572,4.402466,5.130380
11.995149,-12.005753,1.561433,2.642188,0.314018,4.517452,5.512816
12.095108,-12.094236,1.607983,2.671796,0.278314,4.637832,5.930458
12.195068,-12.183943,1.652035,2.697844,0.242996,4.763938,6.397439
12.295028,-12.274728,1.693912,2.720387,0.208014,4.896332,6.482364
12.394987,-12.366340,1.733881,2.739435,0.173138,5.026930,6.409757
12.494947,-12.458646,1.772265,2.755006,0.138395,5.152810,6.339648
12.594906,-12.551469,1.809366,2.767130,0.104252,5.274360,6.271836
12.694866,-12.644670,1.845495,2.775851,0.070236,5.391913,6.206143
12.794825,-12.738138,1.880976,2.781167,0.036086,5.505766,6.142417
12.894785,-12.831706,1.916109,2.783064,0.001878,5.616177,4.018072
12.994745,-12.925319,1.951239,2.781541,-0.032360,5.687243,-10.093870
13.094704,-13.018769,1.986653,2.776592,-0.066719,5.506975,-9.216648
13.194664,-13.112037,2.022712,2.768181,-0.101581,5.337058,-8.440581
13.294623,-13.204867,2.059690,2.756278,-0.136696,5.176558,-7.748727
13.394583,-13.297255,2.097962,2.740834,-0.172249,5.024703,-7.134751
13.494542,-13.388891,2.137786,2.721834,-0.208106,4.880703,-6.581823
13.594502,-13.479757,2.179544,2.699202,-0.244616,4.743989,-6.089586
13.694462,-13.569493,2.223471,2.672921,-0.281506,4.613893,-5.630517
13.794421,-13.658034,2.269947,2.642866,-0.319775,4.490252,-5.219139
13.894381,-13.744968,2.319187,2.608981,-0.358533,4.372523,-4.800426
13.994340,-13.830150,2.371556,2.571055,-0.400334,4.261368,-4.411153
14.094300,-13.913101,2.427246,2.528922,-0.443102,4.156607,-4.097335
14.194259,-13.993567,2.486596,2.482575,-0.484030,4.056877,-3.804993
14.294219,-14.071010,2.549722,2.432122,-0.525922,3.962014,-3.364842
14.394179,-14.145058,2.616877,2.376931,-0.578590,3.876191,-2.926087
14.494138,-14.215074,2.688175,2.316415,-0.632258,3.799984,-2.575127
14.594098,-14.280510,2.763811,2.250816,-0.680694,3.731630,-2.094781
14.694057,-14.340567,2.843618,2.180069,-0.737245,3.675089,-1.326019
14.794017,-14.394669,2.927804,2.102698,-0.809986,3.638843,-0.514467
14.893976,-14.441657,3.015859,2.017994,-0.878066,3.624683,-0.413916
14.993936,-14.480981,3.107891,1.931724,-0.847241,3.613250,-0.936664
15.093896,-14.512271,3.202626,1.848137,-0.839364,3.587244,-0.646979
15.193855,-14.535469,3.299764,1.761366,-0.895069,3.569170,-0.275078
15.293815,-14.549912,3.398547,1.670023,-0.928254,3.561458,-0.048996
15.393774,-14.555160,3.498128,1.576566,-0.946806,3.560083,-0.048996
15.493734,-14.550954,3.598169,1.480835,-0.945751,3.558707,-0.026316
15.593693,-14.537422,3.697068,1.389905,-0.878718,3.557967,0.827253
15.693653,-14.515183,3.794679,1.304505,-0.826953,3.581133,1.345156
15.793613,-14.485030,3.889895,1.224611,-0.773334,3.618486,1.823783
15.893572,-14.447561,3.982615,1.149676,-0.726691,3.668521,2.168138
15.993532,-14.403501,4.072275,1.079060,-0.687506,3.727130,2.395810
16.093491,-14.353332,4.158784,1.012070,-0.651190,3.790840,2.586545
16.193451,-14.297683,4.241788,0.948944,-0.612637,3.858441,2.821779
16.293410,-14.237031,4.321260,0.889423,-0.579425,3.930864,2.987163
16.393370,-14.171898,4.397058,0.832922,-0.551301,4.006106,3.090198
16.493330,-14.102678,4.469164,0.779159,-0.524662,4.082484,3.191197
16.593289,-14.029780,4.537535,0.727977,-0.499719,4.159887,3.285636
16.693249,-13.953545,4.602191,0.679195,-0.476408,4.238103,3.373547
16.793208,-13.874326,4.663137,0.632708,-0.453872,4.316938,3.469613
16.893168,-13.792421,4.720429,0.588420,-0.432381,4.396544,3.567517
16.993127,-13.708115,4.774129,0.546244,-0.411570,4.476920,3.673496
17.093087,-13.621674,4.824314,0.506108,-0.391545,4.558203,3.784467
17.193047,-13.533329,4.871081,0.467962,-0.371706,4.640453,3.912505
17.293006,-13.443319,4.914529,0.431778,-0.352374,4.723980,4.050162
17.392966,-13.351820,4.954786,0.397516,-0.333132,4.808918,4.206690
17.492925,-13.259046,4.991969,0.365164,-0.314297,4.895579,4.374695
17.592885,-13.165132,5.026225,0.334672,-0.295753,4.984102,4.557078
17.692844,-13.070266,5.057683,0.306027,-0.277512,5.074675,4.753861
17.792804,-12.974543,5.086504,0.279183,-0.259532,5.167467,4.966569
17.892764,-12.878126,5.112827,0.254136,-0.241727,5.262663,5.198154
17.992723,-12.781078,5.136817,0.230852,-0.224081,5.360488,5.449985
18.092683,-12.683541,5.158623,0.209334,-0.206541,5.461171,5.724759
18.192642,-12.585550,5.178416,0.189556,-0.189131,5.564969,6.023103
18.292602,-12.487225,5.196348,0.171522,-0.171780,5.672126,6.049122
18.392562,-12.388584,5.212593,0.155211,-0.154522,5.777746,5.989778
18.492521,-12.289727,5.227309,0.140629,-0.137287,5.880461,5.931985
18.592481,-12.190653,5.240670,0.127762,-0.120134,5.980446,5.875648
18.692440,-12.091449,5.252838,0.116612,-0.102971,6.077861,5.820686
18.792400,-11.992102,5.263986,0.107176,-0.085807,6.172848,5.767022
18.892359,-11.892686,5.274280,0.099457,-0.068802,6.265540,5.714589
18.992319,-11.793180,5.283891,0.093383,-0.052702,6.356056,5.663321
19.092279,-11.693645,5.292976,0.088919,-0.036925,6.444506,5.613163
19.192238,-11.594060,5.301692,0.085926,-0.022954,6.530990,5.564061
19.292198,-11.494469,5.310179,0.084318,-0.010492,6.615603,5.515966
19.392157,-11.394856,5.318553,0.083504,-0.005801,6.698429,5.468833
19.492117,-11.295248,5.326869,0.083158,-0.001109,6.779548,5.422620
19.592076,-11.195632,5.335174,0.083282,0.003581,6.859035,5.377287
19.692036,-11.096025,5.343515,0.083871,0.007913,6.936957,5.332799
19.791996,-10.996421,5.351932,0.084792,0.010508,7.013381,5.289121
19.891955,-10.896825,5.360454,0.085969,0.012789,7.088364,5.246222
19.991915,-10.797240,5.369102,0.087287,0.013591,7.161964,5.204073
20.091874,-10.697667,5.377885,0.088685,0.014315,7.234232,5.162645
20.191834,-10.598107,5.386811,0.090134,0.014662,7.305219,5.121913
20.291793,-10.498561,5.395881,0.091593,0.012407,7.374971,-0.362746
20.391753,-10.399026,5.405062,0.092135,-0.001565,7.370053,-11.337645
20.491713,-10.299485,5.414228,0.091270,-0.016591,7.214642,-10.380223
20.591672,-10.199934,5.423224,0.088628,-0.036277,7.069361,-9.522806
20.691632,-10.100347,5.431858,0.084024,-0.055397,6.933402,-8.841094
20.791591,-10.000722,5.439943,0.077652,-0.072086,6.804746,-8.254073
20.891551,-9.901030,5.447311,0.069623,-0.087753,6.682396,-7.891013
20.991510,-9.801290,5.453808,0.060277,-0.099253,6.563296,-7.552427
21.091470,-9.701473,5.459316,0.049779,-0.110864,6.447246,-7.220400
21.191430,-9.601614,5.463716,0.038092,-0.122988,6.334310,-6.913035
21.291389,-9.501698,5.466889,0.025189,-0.135171,6.224262,-6.629137
21.391349,-9.401750,5.468711,0.011066,-0.147410,6.116874,-6.364984
21.491308,-9.301793,5.469060,-0.004286,-0.159772,6.011960,-6.117386
21.591268,-9.201828,5.467812,-0.020885,-0.172322,5.909372,-5.886318
21.691227,-9.101922,5.464843,-0.038743,-0.185045,5.808949,-5.668990
21.791187,-9.002058,5.460025,-0.057890,-0.198006,5.710565,-5.464449
21.891147,-8.902348,5.453234,-0.078337,-0.211224,5.614099,-5.269369
21.991106,-8.802755,5.444335,-0.100134,-0.224798,5.519480,-5.087024
22.091066,-8.703446,5.433206,-0.123289,-0.238621,5.426570,-4.919931
22.191025,-8.604366,5.419703,-0.147846,-0.252603,5.335173,-4.765385
22.290985,-8.505729,5.403714,-0.173801,-0.266834,5.245129,-4.629522
22.390944,-8.407479,5.385085,-0.201194,-0.281099,5.156147,-4.501859
22.490904,-8.309871,5.363721,-0.230014,-0.295783,5.068120,-4.383656
22.590864,-8.212857,5.339459,-0.260343,-0.310859,4.980910,-4.272236
22.690823,-8.116726,5.312219,-0.292179,-0.326456,4.894422,-4.164544
22.790783,-8.021456,5.281830,-0.325634,-0.342729,4.808617,-4.063003
22.890742,-7.927363,5.248224,-0.360718,-0.359617,4.723401,-3.967708
22.990702,-7.834469,5.211230,-0.397550,-0.377160,4.638674,-3.880639
23.090661,-7.743095,5.170787,-0.436138,-0.395321,4.554282,-3.787214
23.190621,-7.653336,5.126738,-0.476632,-0.414827,4.470386,-3.690546
23.290581,-7.565548,5.079041,-0.519106,-0.435603,4.387088,-3.617149
23.390540,-7.479883,5.027548,-0.563696,-0.456420,4.303882,-3.562296
23.490500,-7.396644,4.972194,-0.610348,-0.477595,4.220335,-3.432165
23.590459,-7.316131,4.912916,-0.659388,-0.504175,4.138245,-3.319805
23.690419,-7.238788,4.849722,-0.711190,-0.531172,4.057263,-3.311601
23.790378,-7.164885,4.782505,-0.765209,-0.548862,3.974837,-3.235997
23.890338,-7.094810,4.711368,-0.821200,-0.582257,3.892607,-2.759494
23.990298,-7.028916,4.636176,-0.882118,-0.636746,3.821088,-2.668500
24.090257,-6.967873,4.556875,-0.947873,-0.667216,3.750631,-2.665052
24.190217,-6.912320,4.473765,-1.015688,-0.691663,3.678918,-1.648707
24.290176,-6.862708,4.387024,-1.088541,-0.787768,3.633845,-0.067899
24.390136,-6.820100,4.296714,-1.173390,-0.908412,3.631977,-0.050956
24.490095,-6.785771,4.203009,-1.265669,-0.910397,3.630574,-0.050956
24.590055,-6.760048,4.106343,-1.355380,-0.886179,3.629171,0.277319
24.690015,-6.742987,4.007927,-1.442067,-0.840099,3.636801,0.837452
24.789974,-6.734229,3.908337,-1.523106,-0.780635,3.659747,1.492596
24.889934,-6.733249,3.808486,-1.597664,-0.710769,3.700290,2.215121
24.989893,-6.739378,3.708637,-1.665470,-0.646236,3.759653,2.810815
25.089853,-6.751928,3.609517,-1.726970,-0.583954,3.833657,3.360863
25.189812,-6.770255,3.511219,-1.782229,-0.521464,3.920309,3.926303
25.289772,-6.793660,3.414118,-1.831488,-0.465759,4.019175,4.413789
25.389732,-6.821597,3.318080,-1.875395,-0.412470,4.127490,4.907240
25.489691,-6.853433,3.223381,-1.913896,-0.357987,4.244670,5.480426
25.589651,-6.888673,3.129787,-1.947000,-0.304256,4.371826,6.110900
25.689610,-6.926713,3.037381,-1.974776,-0.251735,4.509385,6.696715
25.789570,-6.967093,2.945906,-1.997344,-0.199760,4.655465,6.615930
25.889530,-7.009272,2.855293,-2.014695,-0.147359,4.795415,6.538379
25.989489,-7.052793,2.765289,-2.026813,-0.095106,4.929822,6.463757
26.089449,-7.097164,2.675707,-2.033686,-0.042322,5.059187,6.391803
26.189408,-7.141908,2.586325,-2.035274,0.010554,5.183939,-6.825332
26.289368,-7.186567,2.496874,-2.031527,0.064551,5.050615,-9.280640
26.389327,-7.230632,2.407171,-2.022364,0.118833,4.863469,-8.259620
26.489287,-7.273646,2.316908,-2.007737,0.173867,4.690637,-7.372616
26.589247,-7.315062,2.225964,-1.987595,0.229282,4.530800,-6.588049
26.689206,-7.354406,2.134036,-1.961862,0.285576,4.383043,-5.893618
26.789166,-7.391083,2.041091,-1.930485,0.342492,4.246507,-5.283518
26.889125,-7.424585,1.946869,-1.893393,0.399499,4.120260,-4.724979
26.989085,-7.454269,1.851474,-1.850580,0.457649,4.003989,-4.164160
27.089044,-7.479578,1.754735,-1.801752,0.519401,3.898645,-3.620167
27.189004,-7.499812,1.656906,-1.746698,0.582756,3.804694,-3.128619
27.288964,-7.514339,1.557934,-1.685351,0.644388,3.721589,-2.558064
27.388923,-7.522446,1.458408,-1.617675,0.711720,3.652235,-1.876686
27.488883,-7.523454,1.358302,-1.542830,0.784767,3.600505,-0.992014
27.588842,-7.516632,1.258783,-1.460521,0.866202,3.572858,-0.600510
27.688802,-7.501242,1.159828,-1.371851,0.905349,3.556017,-0.048847
27.788761,-7.477070,1.063094,-1.279206,0.949706,3.554644,-0.048847
27.888721,-7.443943,0.968837,-1.187586,0.881715,3.553270,0.818898
27.988681,-7.402665,0.877877,-1.103193,0.815410,3.576233,1.521924
28.088640,-7.354144,0.790834,-1.021084,0.830928,3.618522,1.069461
28.188600,-7.298288,0.707683,-0.937388,0.834208,3.647946,0.847322
28.288559,-7.235967,0.629773,-0.855078,0.819106,3.671090,0.908882
28.388519,-7.167204,0.556956,-0.772946,0.814935,3.695755,0.816320
28.488478,-7.093025,0.490152,-0.694183,0.762524,3.717769,1.407103
28.588438,-7.013815,0.429069,-0.620499,0.710773,3.755411,1.921364
28.688398,-6.930623,0.373869,-0.551929,0.663679,3.806209,2.329122
28.788357,-6.843736,0.324189,-0.487579,0.621159,3.866893,2.654085
28.888317,-6.754061,0.280052,-0.427980,0.572247,3.934904,3.079770
28.988276,-6.661989,0.241113,-0.372942,0.531169,4.012377,3.386377
29.088236,-6.567979,0.207128,-0.321321,0.501253,4.095873,3.526037
29.188195,-6.472427,0.177907,-0.272767,0.470453,4.181040,3.708393
29.288155,-6.375575,0.153201,-0.227259,0.440292,4.268779,3.906350
29.388115,-6.277727,0.132781,-0.184685,0.411766,4.359292,4.101578
29.488074,-6.179110,0.116404,-0.144925,0.383668,4.452349,4.317749
29.588034,-6.079967,0.103824,-0.107966,0.356038,4.548254,4.554805
29.687993,-5.980407,0.094776,-0.073731,0.328874,4.647279,4.813753
29.787953,-5.880633,0.089009,-0.042205,0.302082,4.749691,5.097938
29.887912,-5.780697,0.086255,-0.013331,0.275526,4.855795,5.412287
29.987872,-5.680758,0.086255,0.012885,0.249161,4.965960,5.760154
30.087832,-5.580813,0.088744,0.036493,0.223096,5.080583,6.141577
30.187791,-5.480986,0.093460,0.057489,0.197115,5.200014,6.313327
30.287751,-5.381232,0.100145,0.075908,0.171327,5.319991,6.246348
30.387710,-5.281646,0.108534,0.091740,0.145537,5.436089,6.181429
30.487670,-5.182152,0.118375,0.105013,0.119965,5.548590,6.118422
30.587629,-5.082823,0.129404,0.115724,0.094389,5.657742,6.057197
30.687589,-4.983559,0.141375,0.123896,0.069070,5.763765,5.997638
30.787549,-4.884428,0.154026,0.129531,0.043733,5.866859,5.939642
30.887508,-4.785309,0.167115,0.132657,0.018779,5.967201,5.883116
30.987468,-4.686254,0.180386,0.133284,-0.006221,6.064951,5.827974
31.087427,-4.587147,0.193601,0.131424,-0.030998,6.160256,5.774140
31.187387,-4.488045,0.206503,0.127085,-0.055725,6.253248,5.721546
31.287346,-4.388814,0.218862,0.120352,-0.078950,6.344049,5.670126
31.387306,-4.289565,0.230429,0.111296,-0.102569,6.432770,5.619822
31.487266,-4.190131,0.240982,0.099732,-0.128745,6.519512,5.570582
31.587225,-4.090637,0.250248,0.085561,-0.154323,6.604370,5.100179
31.687185,-3.990947,0.257990,0.069118,-0.174623,6.681117,4.032754
31.787144,-3.891202,0.263987,0.050658,-0.192845,6.741183,3.060759
31.887104,-3.791316,0.268086,0.031350,-0.193374,6.786417,2.916020
31.987063,-3.691403,0.270252,0.012016,-0.192876,6.829233,2.824265
32.087023,-3.591464,0.270499,-0.006994,-0.187505,6.870448,2.966714
32.186983,-3.491505,0.268872,-0.025460,-0.181466,6.913476,3.141860
32.286942,-3.391629,0.265437,-0.043145,-0.172481,6.958755,3.460524
32.386902,-3.291781,0.260278,-0.059947,-0.163604,7.008288,3.774559
32.486861,-3.192075,0.253491,-0.075845,-0.154565,7.061919,4.098944
32.586821,-3.092444,0.245160,-0.090848,-0.145561,7.119702,4.425506
32.686781,-2.992985,0.235384,-0.104951,-0.136681,7.181567,4.751308
32.786740,-2.893626,0.224246,-0.118176,-0.127879,7.247398,5.080121
32.886700,-2.794458,0.211843,-0.130518,-0.119108,7.317130,5.115075
32.986659,-2.695407,0.198256,-0.141990,-0.110397,7.386677,5.075124
33.086619,-2.596545,0.183581,-0.152590,-0.101739,7.455039,5.035818
33.186578,-2.497808,0.167897,-0.162332,-0.093135,7.522258,4.997134
33.286538,-2.399245,0.151298,-0.171211,-0.084556,7.588372,4.959052
33.386498,-2.300806,0.133863,-0.179238,-0.076024,7.653417,4.921552
33.486457,-2.202518,0.115683,-0.186411,-0.067520,7.717429,4.884617
33.586417,-2.104344,0.096839,-0.192737,-0.059042,7.780440,4.848228
33.686376,-2.006288,0.077416,-0.198216,-0.050570,7.842480,4.812369
33.786336,-1.908331,0.057498,-0.202848,-0.042126,7.903580,4.777025
33.886295,-1.810455,0.037166,-0.206639,-0.033721,7.963768,4.742180
33.986255,-1.712658,0.016507,-0.209590,-0.025314,8.023070,4.707820
34.086215,-1.614898,-0.004403,-0.211700,-0.016901,8.081512,4.673933
34.186174,-1.517192,-0.025474,-0.212969,-0.008530,8.139118,-9.371449
34.286134,-1.419481,-0.046633,-0.213413,-0.000345,8.023198,-11.745151
34.386093,-1.321802,-0.067789,-0.213036,0.007975,7.875508,-11.229392
34.486053,-1.224076,-0.088874,-0.211800,0.016757,7.731666,-10.730330
34.586012,-1.126346,-0.109788,-0.209682,0.025896,7.591670,-10.195505
34.685972,-1.028532,-0.130453,-0.206572,0.036324,7.456218,-9.690878
34.785932,-0.930670,-0.150758,-0.202419,0.046900,7.325148,-9.197466
34.885891,-0.832690,-0.170609,-0.197178,0.057949,7.198544,-8.738216
34.985851,-0.734620,-0.189886,-0.190833,0.069008,7.076165,-8.311773
35.085810,-0.636398,-0.208491,-0.183383,0.080052,6.957760,-7.912802
35.185770,-0.538049,-0.226306,-0.174829,0.091146,6.843135,-7.535093
35.285729,-0.439525,-0.243227,-0.165156,0.102381,6.732168,-7.181988
35.385689,-0.340849,-0.259137,-0.154360,0.113650,6.624672,-6.850046
35.485649,-0.241985,-0.273926,-0.142432,0.124993,6.520492,-6.540470
35.585608,-0.142956,-0.287477,-0.129372,0.136349,6.419443,-6.250620
35.685568,-0.043742,-0.299679,-0.115173,0.147746,6.321363,-5.978156
35.785527,0.055634,-0.310413,-0.099834,0.159210,6.226113,-5.717504
35.885487,0.155174,-0.319565,-0.083337,0.170858,6.133633,-5.476084
35.985446,0.254852,-0.327015,-0.065676,0.182473,6.043730,-5.254093
36.085406,0.354652,-0.332646,-0.046860,0.194018,5.956197,-5.054654
36.185366,0.454540,-0.336340,-0.026891,0.205380,5.870755,-4.885602
36.285325,0.554484,-0.337984,-0.005816,0.216305,5.786971,-4.731432
36.385285,0.654439,-0.337467,0.016354,0.227218,5.704659,-4.593475
36.485244,0.754357,-0.334679,0.039607,0.238066,5.623594,-4.463592
36.585204,0.854180,-0.329515,0.063951,0.249092,5.543686,-4.337378
36.685163,0.953842,-0.321867,0.089416,0.260438,5.464918,-4.220393
36.785123,1.053273,-0.311627,0.116022,0.271929,5.387169,-4.109938
36.885083,1.152386,-0.298689,0.143787,0.283656,5.310361,-4.007748
36.985042,1.251096,-0.282945,0.172735,0.295568,5.234377,-3.911175
37.085002,1.349293,-0.264293,0.202887,0.307765,5.159146,-3.821728
37.184961,1.446875,-0.242628,0.234271,0.320206,5.084560,-3.736405
37.284921,1.543708,-0.217852,0.266915,0.333017,5.010566,-3.657497
37.384880,1.639667,-0.189866,0.300857,0.346128,4.937061,-3.582189
37.484840,1.734597,-0.158578,0.336128,0.359672,4.863992,-3.512220
37.584800,1.828344,-0.123896,0.372774,0.373603,4.791269,-3.443532
37.684759,1.920726,-0.085740,0.410840,0.388118,4.718880,-3.379126
37.784719,2.011562,-0.044027,0.450383,0.403123,4.646749,-3.317199
37.884678,2.100639,0.001309,0.491453,0.418733,4.574834,-3.262678
37.984638,2.187745,0.050336,0.534111,0.434767,4.502981,-3.208711
38.084597,2.272635,0.103100,0.578403,0.451593,4.431180,-3.151365
38.184557,2.355058,0.159642,0.624427,0.469453,4.359511,-3.087925
38.284517,2.434735,0.219987,0.672298,0.488534,4.288123,-3.038621
38.384476,2.511377,0.284156,0.722112,0.507866,4.216696,-2.988823
38.484436,2.584660,0.352129,0.773884,0.528290,4.145238,-2.898106
38.584395,2.654242,0.423867,0.827822,0.552053,4.074753,-2.778846
38.684355,2.719759,0.499333,0.884318,0.578462,4.006004,-2.662611
38.784314,2.780821,0.578481,0.943487,0.605666,3.939005,-2.472954
38.884274,2.836976,0.661179,1.005613,0.638099,3.875741,-2.248745
38.984234,2.887746,0.747298,1.071198,0.673052,3.817303,-2.015037
39.084193,2.932596,0.836610,1.140228,0.708573,3.764168,-1.769259
39.184153,2.971015,0.928882,1.212886,0.744406,3.716887,-1.443203
39.284112,3.002461,1.023752,1.289238,0.784306,3.677870,-1.029037
39.384072,3.026383,1.120834,1.369862,0.827450,3.649795,-0.446369
39.484031,3.042185,1.219509,1.454969,0.877040,3.637549,-0.118978
39.583991,3.049295,1.319205,1.544659,0.903400,3.634278,-0.051020
39.683951,3.047390,1.419087,1.635170,0.909244,3.632875,-0.051020
39.783910,3.036445,1.518312,1.726064,0.904352,3.631470,0.022802
39.883870,3.016590,1.616201,1.815395,0.882803,3.632098,0.302948
39.983829,2.988202,1.711904,1.902767,0.872851,3.640426,0.381135
40.083789,2.951522,1.804908,1.990227,0.877432,3.650876,0.253270
40.183749,2.906930,1.894237,2.076588,0.837121,3.657804,0.747992
40.283708,2.854943,1.979668,2.157362,0.778777,3.678188,1.411569
40.383668,2.796509,2.060737,2.232345,0.721381,3.716352,1.983422
40.483627,2.732334,2.137432,2.301937,0.671960,3.769323,2.398008
40.583587,2.663167,2.209619,2.367052,0.630805,3.832388,2.678463
40.683546,2.589618,2.277275,2.428090,0.590790,3.901625,2.947746
40.783506,2.512211,2.340459,2.485396,0.557255,3.976429,3.127562
40.883466,2.431372,2.399260,2.539531,0.525923,4.054287,3.291727
40.983425,2.347582,2.453715,2.590502,0.493966,4.134649,3.489408
41.083385,2.261170,2.503988,2.638339,0.463291,4.218166,3.687913
41.183344,2.172555,2.550187,2.683226,0.435189,4.304673,3.864231
41.283304,2.081984,2.592503,2.725357,0.407734,4.393489,4.055001
41.383263,1.989799,2.631079,2.764727,0.380162,4.484798,4.275883
41.483223,1.896171,2.666141,2.801381,0.353199,4.579110,4.512974
41.583183,1.801406,2.697860,2.835379,0.327245,4.676588,4.758458
41.683142,1.705610,2.726476,2.866813,0.301611,4.777215,5.028467
41.783102,1.609042,2.752179,2.895688,0.276317,4.881298,5.324053
41.883061,1.511749,2.775217,2.922063,0.251306,4.989133,5.648402
41.983021,1.413961,2.795793,2.945947,0.226726,5.101046,5.999835
42.082980,1.315676,2.814157,2.967394,0.202314,5.217294,6.303687
42.182940,1.217096,2.830521,2.986403,0.178158,5.336702,6.237010
42.282900,1.118181,2.845135,3.003015,0.154135,5.452273,6.172371
42.382859,1.019112,2.858215,3.017227,0.130317,5.564284,6.109624
42.482819,0.919821,2.870011,3.029070,0.106597,5.672979,6.048643
42.582778,0.820469,2.880742,3.038544,0.083027,5.778575,5.989312
42.682738,0.720972,2.890653,3.045671,0.059543,5.881267,5.931530
42.782697,0.621475,2.899967,3.050451,0.036137,5.981232,5.875205
42.882657,0.521889,2.908926,3.052897,0.012803,6.078626,5.820254
42.982617,0.422346,2.917754,3.053003,-0.010658,6.173595,5.766600
43.082576,0.322761,2.926692,3.050767,-0.034060,6.266269,-9.000688
43.182536,0.223255,2.935964,3.046187,-0.057601,6.121007,-9.248985
43.282495,0.123760,2.945814,3.039252,-0.081103,5.968054,-8.586325
43.382455,0.024386,2.956466,3.029974,-0.104561,5.822465,-7.989702
43.482414,-0.074903,2.968160,3.018348,-0.128009,5.683644,-7.452549
43.582374,-0.174007,2.981120,3.004383,-0.151444,5.551027,-6.967538
43.682334,-0.272925,2.995582,2.988070,-0.174916,5.424109,-6.529655
43.782293,-0.371559,3.011768,2.969413,-0.198432,5.302410,-6.132700
43.882253,-0.469862,3.029909,2.948396,-0.222066,5.185510,-5.775000
43.982212,-0.567735,3.050228,2.925016,-0.245755,5.072965,-5.449010
44.082172,-0.665074,3.072943,2.899257,-0.269673,4.964435,-5.155199
44.182131,-0.761779,3.098277,2.871099,-0.293716,4.859526,-4.885210
44.282091,-0.857676,3.126432,2.840525,-0.318146,4.757977,-4.642329
44.382051,-0.952659,3.157633,2.807491,-0.342769,4.659426,-4.416406
44.482010,-1.046477,3.192054,2.771979,-0.367983,4.563697,-4.212512
44.581970,-1.139016,3.229923,2.733914,-0.393529,4.470477,-4.018202
44.681929,-1.229932,3.271375,2.693275,-0.419978,4.379709,-3.842871
44.781889,-1.319099,3.316642,2.649942,-0.446861,4.291106,-3.670251
44.881848,-1.406072,3.365799,2.603898,-0.475010,4.204740,-3.507743
44.981808,-1.490706,3.419087,2.554951,-0.504041,4.120506,-3.339140
45.081768,-1.572443,3.476498,2.503074,-0.534848,4.038690,-3.180458
45.181727,-1.651111,3.538286,2.448006,-0.566510,3.959189,-3.001619
45.281687,-1.726028,3.604317,2.389731,-0.600770,3.882666,-2.856137
45.381646,-1.796984,3.674857,2.327970,-0.634299,3.808425,-2.677625
45.481606,-1.863182,3.749593,2.262803,-0.671237,3.737485,-2.555373
45.581565,-1.924353,3.828759,2.193946,-0.705655,3.668504,-2.402327
45.681525,-1.979677,3.911870,2.121622,-0.743420,3.602451,-2.133229
45.781485,-2.028773,3.999052,2.044960,-0.789989,3.542764,-1.772670
45.881444,-2.070735,4.089624,1.963455,-0.842392,3.492390,-1.471540
45.981404,-2.105003,4.183568,1.876920,-0.888417,3.450015,-1.108044
46.081363,-2.130763,4.280032,1.785793,-0.936310,3.417760,-0.585774
46.181323,-2.147410,4.378589,1.689535,-0.990916,3.400584,-0.044670
46.281282,-2.154217,4.478211,1.587590,-1.038508,3.399271,-0.044670
46.381242,-2.150729,4.578009,1.484253,-1.030702,3.397957,0.054766
46.481202,-2.136989,4.676982,1.381784,-1.003141,3.399568,0.361956
46.581161,-2.113470,4.774047,1.285727,-0.922033,3.410194,1.232326
46.681121,-2.081050,4.868685,1.196848,-0.858060,3.446127,1.763945
46.781080,-2.040666,4.960102,1.113623,-0.808466,3.496918,2.066455
46.881040,-1.993033,5.047944,1.034845,-0.770618,3.555497,2.209313
46.980999,-1.938792,5.131843,0.959468,-0.737719,3.617077,2.297665
47.080959,-1.878514,5.211528,0.887498,-0.700361,3.680026,2.462945
47.180919,-1.812800,5.286814,0.819522,-0.660731,3.746329,2.672391
47.280878,-1.742225,5.357626,0.755243,-0.624507,3.816968,2.845086
47.380838,-1.667399,5.423872,0.694656,-0.588191,3.890762,3.037422
47.480797,-1.588799,5.485611,0.637513,-0.556671,3.968031,3.174205
47.580757,-1.506891,5.542877,0.583256,-0.529220,4.047203,3.268126
47.680717,-1.422065,5.595733,0.531661,-0.503323,4.127131,3.360950
47.780676,-1.334685,5.644257,0.482594,-0.478657,4.207747,3.456866
47.880636,-1.245080,5.688547,0.435916,-0.455482,4.289082,3.549742
47.980595,-1.153552,5.728712,0.391497,-0.433436,4.371028,3.644963
48.080555,-1.060368,5.764875,0.349226,-0.412333,4.453604,3.744872
48.180514,-0.965771,5.797167,0.309039,-0.391867,4.536877,3.854524
48.280474,-0.869982,5.825729,0.270857,-0.372035,4.621023,3.973077
48.380434,-0.773196,5.850710,0.234646,-0.352578,4.706182,4.105438
48.480393,-0.675590,5.872264,0.200346,-0.333708,4.792588,4.246302
48.580353,-0.577318,5.890550,0.167915,-0.315242,4.880350,4.399551
48.680312,-0.478517,5.905731,0.137303,-0.297237,4.969645,4.563544
48.780272,-0.379310,5.917970,0.108478,-0.279552,5.060604,4.741744
48.880231,-0.279797,5.927431,0.081401,-0.262199,5.153414,4.933939
48.980191,-0.180073,5.934281,0.056051,-0.245042,5.248244,5.144073
49.080151,-0.080206,5.938687,0.032402,-0.228104,5.345322,5.372042
49.180110,0.019730,5.940814,0.010442,-0.211297,5.444854,5.621175
49.280070,0.119695,5.940830,-0.009848,-0.194628,5.547091,5.892301
49.380029,0.219635,5.938901,-0.028472,-0.178018,5.652274,6.060266
49.479989,0.319532,5.935194,-0.045442,-0.161475,5.758452,6.000625
49.579948,0.419350,5.929875,-0.060756,-0.144937,5.861690,5.942552
49.679908,0.519085,5.923110,-0.074419,-0.128407,5.962167,5.885953
49.779868,0.618721,5.915066,-0.086427,-0.111840,6.060045,5.830743
49.879827,0.718265,5.905908,-0.096778,-0.095235,6.155471,5.776845
49.979787,0.817713,5.895803,-0.105465,-0.078559,6.248578,5.724189
50.079746,0.917082,5.884917,-0.112482,-0.061807,6.339488,5.672710
50.179706,1.016379,5.873418,-0.117819,-0.044956,6.428311,5.622352
50.279665,1.115625,5.861473,-0.121467,-0.028006,6.515152,5.573058
50.379625,1.214836,5.849250,-0.123414,-0.010940,6.600103,5.524781
50.479585,1.314034,5.836919,-0.123650,0.006249,6.683253,5.477473
50.579544,1.413238,5.824650,-0.122161,0.023568,6.764682,-9.722029
50.679504,1.512472,5.812615,-0.118934,0.041021,6.619464,-9.707420
50.779463,1.611752,5.800987,-0.113956,0.058612,6.471214,-9.097048
50.879423,1.711101,5.789940,-0.107212,0.076335,6.329134,-8.535731
50.979382,1.810528,5.779653,-0.098690,0.094195,6.192857,-8.017722
51.079342,1.910051,5.770302,-0.088376,0.112231,6.062061,-7.539011
51.179302,2.009667,5.762069,-0.076248,0.130450,5.936446,-7.099129
51.279261,2.109388,5.755134,-0.062293,0.148767,5.815680,-6.693991
51.379221,2.209193,5.749685,-0.046502,0.167209,5.699463,-6.326191
51.479180,2.309085,5.745903,-0.028865,0.185607,5.587410,-5.990149
51.579140,2.409018,5.743976,-0.009393,0.204050,5.479198,-5.682457
51.679099,2.508983,5.744087,0.011931,0.222575,5.374530,-5.398895
51.779059,2.608903,5.746422,0.035110,0.241262,5.273162,-5.135985
51.879019,2.708756,5.751167,0.060171,0.260182,5.174887,-4.890962
51.978978,2.808431,5.758506,0.087134,0.279392,5.079533,-4.663385
52.078938,2.907884,5.768627,0.116035,0.298872,4.986918,-4.449705
52.178897,3.006966,5.781712,0.146896,0.318727,4.896915,-4.254093
52.278857,3.105609,5.797951,0.179760,0.338762,4.809293,-4.067586
52.378816,3.203613,5.817515,0.214640,0.359323,4.723993,-3.883056
52.478776,3.300875,5.840591,0.251621,0.380700,4.641100,-3.710476
52.578736,3.397163,5.867344,0.290755,0.402439,4.560484,-3.549994
52.678695,3.492339,5.897961,0.332085,0.424509,4.481998,-3.370097
52.778655,3.586085,5.932573,0.375687,0.448373,4.406196,-3.179739
52.878614,3.678210,5.971362,0.421767,0.473557,4.333459,-3.015204
52.978574,3.768370,6.014453,0.470333,0.498186,4.263340,-2.887776
53.078533,3.856331,6.062008,0.521304,0.521643,4.195086,-2.689226
53.178493,3.941626,6.114046,0.574787,0.549596,4.130511,-2.387620
53.278453,4.023951,6.170708,0.631417,0.583491,4.072320,-2.145873
53.378412,4.102830,6.232066,0.691294,0.613848,4.019302,-1.887624
53.478372,4.177851,6.298192,0.754141,0.644806,3.972080,-1.390866
53.578331,4.248366,6.368936,0.820628,0.688354,3.936922,-0.704463
53.678291,4.313943,6.444484,0.892075,0.739323,3.918995,-0.059328
53.778250,4.373643,6.524498,0.968267,0.781929,3.917481,-0.059328
53.878210,4.427041,6.608948,1.045303,0.760799,3.915967,0.274022
53.978170,4.473883,6.697251,1.120598,0.746649,3.922956,0.449893
54.078129,4.513992,6.788766,1.194723,0.737003,3.934403,0.531703
54.178089,4.547252,6.882975,1.267923,0.724094,3.947888,0.654151
54.278048,4.573618,6.979234,1.338325,0.685749,3.964417,1.161607
54.378008,4.593374,7.077272,1.404933,0.649613,3.993598,1.577773
54.477968,4.606683,7.176187,1.468863,0.631965,4.032896,1.658679
54.577927,4.613738,7.276020,1.531385,0.616166,4.073801,1.710047
54.677887,4.614635,7.375849,1.591926,0.596968,4.115547,1.823244
54.777846,4.609561,7.475795,1.650820,0.579533,4.159595,1.905904
54.877806,4.598729,7.575078,1.707848,0.563068,4.205146,1.974763
54.977765,4.582293,7.673782,1.763560,0.551226,4.251829,1.965024
55.077725,4.560476,7.771272,1.818220,0.543386,4.297778,1.891776
55.177685,4.533359,7.867561,1.872267,0.535097,4.341554,1.841044
55.277644,4.501162,7.962188,1.925032,0.521280,4.383738,1.908200
55.377604,4.464081,8.054998,1.976567,0.506579,4.427035,1.995967
55.477563,4.422388,8.145775,2.025594,0.474330,4.471876,2.437192
55.577523,4.376400,8.234554,2.071332,0.443059,4.526026,2.844788
55.677482,4.326543,8.321152,2.114769,0.426980,4.588425,2.929134
55.777442,4.272970,8.405638,2.156842,0.413377,4.651799,2.971195
55.877402,4.215972,8.487818,2.197254,0.395048,4.715213,3.130864
55.977361,4.155849,8.567580,2.235913,0.381837,4.781124,3.183168
56.077321,4.092681,8.645021,2.274190,0.383562,4.847218,2.897187
56.177280,4.026588,8.719992,2.312453,0.379848,4.906601,2.762183
56.277240,3.957708,8.792410,2.349608,0.364269,4.962554,2.933955
56.377199,3.886201,8.862303,2.385408,0.351967,5.021304,3.028218
56.477159,3.812278,8.929643,2.419867,0.337097,5.081230,3.196717
56.577119,3.736199,8.994395,2.452786,0.322245,5.143732,3.371775
56.677078,3.658017,9.056700,2.484527,0.312752,5.208845,3.409504
56.777038,3.577952,9.116510,2.515314,0.303379,5.273868,3.454392
56.876997,3.496079,9.173886,2.545204,0.294608,5.338941,3.492210
56.976957,3.412585,9.228804,2.574227,0.286305,5.403929,3.526314
57.076916,3.327517,9.281333,2.602473,0.278718,5.468768,3.548649
57.176876,3.241059,9.331448,2.629950,0.271200,5.533251,3.578350
57.276836,3.153236,9.379221,2.656714,0.264219,5.597522,3.600297
57.376795,3.064216,9.424641,2.682780,0.257443,5.661450,3.624539
57.476755,2.974021,9.467771,2.708193,0.250941,5.725088,3.648283
57.576714,2.882809,9.508610,2.732952,0.244555,5.788436,3.676404
57.676674,2.790592,9.547221,2.757082,0.238165,5.851579,3.712620
57.776633,2.697513,9.583615,2.780569,0.231868,5.914660,3.753291
57.876593,2.603586,9.617852,2.803426,0.225386,5.977755,3.808011
57.976553,2.508939,9.649955,2.825632,0.218990,6.041097,3.866915
58.076512,2.413586,9.679987,2.847212,0.212759,6.104746,3.926859
58.176472,2.317640,9.707977,2.868169,0.206604,6.168709,3.990996
58.276431,2.221114,9.733986,2.888524,0.200640,6.233045,4.054760
58.376391,2.124106,9.758048,2.908283,0.194747,6.297736,4.122729
58.476350,2.026630,9.780222,2.927462,0.188976,6.362836,4.192656
58.576310,1.928769,9.800547,2.946064,0.183244,6.428365,4.267901
58.676270,1.830536,9.819079,2.964101,0.177626,6.494391,4.345212
58.776229,1.732004,9.835862,2.981577,0.172073,6.560930,4.426564
58.876189,1.633183,9.850949,2.998505,0.166615,6.628028,4.510628
58.976148,1.534140,9.864387,3.014887,0.161193,6.695709,4.600018
59.076108,1.434878,9.876229,3.030735,0.155868,6.764034,4.691853
59.176067,1.335458,9.886521,3.046049,0.150580,6.833019,4.788924
59.276027,1.235881,9.895317,3.060841,0.145370,6.902720,4.889268
59.375987,1.136199,9.902664,3.075112,0.140189,6.973163,4.995314
59.475946,1.036411,9.908614,3.088871,0.135081,7.044406,5.104927
59.575906,0.936564,9.913216,3.102119,0.129999,7.116476,5.220500
59.675865,0.836654,9.916520,3.114863,0.124995,7.189430,5.188333
59.775825,0.736722,9.918576,3.127108,0.120014,7.261209,5.147171
59.875784,0.636760,9.919432,3.138859,0.115100,7.331724,5.106695
59.975744,0.536808,9.919139,-3.133066,0.110205,7.401020,5.066880
60.075704,0.436852,9.917744,-3.122292,0.105366,7.469141,5.027706
60.175663,0.336929,9.915297,-3.112001,0.100544,7.536126,4.989149
60.275623,0.237022,9.911845,-3.102189,0.095773,7.602015,4.951189
60.375582,0.137167,9.907437,-3.092854,0.091015,7.666842,4.913809
60.475542,0.037342,9.902121,-3.083993,0.086271,7.730642,4.876988
60.575501,-0.062419,9.895944,-3.075607,0.081532,7.793448,4.840711
60.675461,-0.162141,9.888954,-3.067702,0.076571,7.855290,4.804961
60.775421,-0.261792,9.881202,-3.060299,0.071569,7.916198,4.769722
60.875380,-0.361400,9.872737,-3.053399,0.066461,7.976199,4.734980
60.975340,-0.460934,9.863611,-3.047012,0.061332,8.035319,4.700720
61.075299,-0.560426,9.853874,-3.041137,0.056224,8.093585,4.666929
61.175259,-0.659846,9.843579,-3.035772,0.051117,8.151020,4.633594
61.275218,-0.759228,9.832774,-3.030917,0.046029,8.207647,4.600703
61.375178,-0.858544,9.821515,-3.026570,0.040941,8.263489,4.568244
61.475138,-0.957827,9.809847,-3.022731,0.035869,8.318565,4.536206
61.575097,-1.057054,9.797825,-3.019399,0.030795,8.372897,4.504579
61.675057,-1.156257,9.785495,-3.016574,0.025735,8.426503,4.473351
61.775016,-1.255414,9.772913,-3.014254,0.020673,8.479402,4.442514
61.874976,-1.354559,9.760124,-3.012448,0.015455,8.531612,4.412057
61.974936,-1.453670,9.747183,-3.011165,0.010204,8.583150,4.381971
62.074895,-1.552779,9.734141,-3.010422,0.004622,8.634031,4.352248
62.174855,-1.651874,9.721054,-3.010242,-0.001022,8.684273,4.322880
62.274814,-1.750973,9.707972,-3.010483,-0.003326,8.733889,4.293858
62.374774,-1.850076,9.694923,-3.010902,-0.005061,8.782895,4.265174
62.474733,-1.949185,9.681923,-3.011445,-0.005626,8.831304,4.236822
62.574693,-2.048304,9.668979,-3.012026,-0.005997,8.879130,4.208793
62.674653,-2.147429,9.656094,-3.012628,-0.006001,8.926386,4.181080
62.774612,-2.246563,9.643268,-3.013225,-0.005947,8.973085,4.153678
62.874572,-2.345705,9.630501,-3.013818,-0.005912,9.019238,4.126579
62.974531,-2.444853,9.617792,-3.014407,-0.005880,9.064857,4.099778
63.074491,-2.544009,9.605142,-3.014993,-0.005842,9.109954,4.073268
63.174450,-2.643172,9.592550,-3.015575,-0.005803,9.154539,4.047043
63.274410,-2.742343,9.580015,-3.016153,-0.005766,9.198623,4.021097
63.374370,-2.841520,9.567538,-3.016728,-0.005730,9.242216,3.995426
63.474329,-2.940705,9.555117,-3.017299,-0.005694,9.285328,3.970024
63.574289,-3.039897,9.542753,-3.017866,-0.005658,9.327969,3.944885
63.674248,-3.139096,9.530445,-3.018430,-0.005623,9.370147,3.920005
63.774208,-3.238302,9.518193,-3.018990,-0.005588,9.411873,3.895378
63.874167,-3.337515,9.505996,-3.019547,-0.005553,9.453153,3.871001
63.974127,-3.436734,9.493854,-3.020100,-0.005518,9.493998,3.846868
64.074087,-3.535960,9.481766,-3.020650,-0.005483,9.534414,3.822976
64.174046,-3.635193,9.469734,-3.021196,-0.005448,9.574411,3.799319
64.274006,-3.734432,9.457755,-3.021739,-0.005412,9.613995,3.775895
64.373965,-3.833678,9.445830,-3.022278,-0.005377,9.653174,3.752697
64.473925,-3.932930,9.433958,-3.022814,-0.005342,9.691956,3.729724
64.573884,-4.032188,9.422140,-3.023346,-0.005307,9.730347,3.706971
64.673844,-4.131453,9.410373,-3.023875,-0.005272,9.768354,3.684433
64.773804,-4.230724,9.398660,-3.024400,-0.005236,9.805985,3.662108
64.873763,-4.330001,9.386998,-3.024922,-0.005201,9.843244,3.639993
64.973723,-4.429284,9.375388,-3.025440,-0.005166,9.880140,3.618083
65.073682,-4.528573,9.363829,-3.025955,-0.005131,9.916677,3.596375
65.173642,-4.627868,9.352321,-3.026466,-0.005096,9.952863,3.574866
65.273601,-4.727169,9.340864,-3.026974,-0.005060,9.988702,3.553553
65.373561,-4.826475,9.329456,-3.027478,-0.005025,10.024200,3.532433
65.473521,-4.925787,9.318099,-3.027978,-0.004990,10.059363,3.511503
65.573480,-5.025105,9.306791,-3.028475,-0.004954,10.094196,3.490759
65.673440,-5.124429,9.295533,-3.028969,-0.004919,10.128705,3.470200
65.773399,-5.223758,9.284323,-3.029459,-0.004884,10.162895,3.449822
65.873359,-5.323092,9.273162,-3.029945,-0.004849,10.196770,3.429622
65.973318,-5.422432,9.262049,-3.030428,-0.004813,10.230335,3.409598
66.073278,-5.521778,9.250984,-3.030907,-0.004778,10.263596,3.389747
66.173238,-5.621128,9.239966,-3.031383,-0.004743,10.296557,3.370067
66.273197,-5.720484,9.228995,-3.031855,-0.004707,10.329222,3.350556
66.373157,-5.819845,9.218071,-3.032324,-0.004672,10.361596,3.331210
66.473116,-5.919211,9.207194,-3.032789,-0.004637,10.393682,3.312027
66.573076,-6.018582,9.196362,-3.033251,-0.004601,10.425487,3.293006
66.673035,-6.117958,9.185576,-3.033709,-0.004566,10.457012,3.274143
66.772995,-6.217338,9.174836,-3.034164,-0.004530,10.488263,3.255437
66.872955,-6.316724,9.164140,-3.034615,-0.004500,10.519244,3.236886
66.972914,-6.416115,9.153490,-3.035064,-0.004471,10.549958,3.218487
67.072874,-6.515510,9.142883,-3.035509,-0.004449,10.580409,3.200239
67.172833,-6.614910,9.132321,-3.035953,-0.004428,10.610600,3.182138
67.272793,-6.714315,9.121803,-3.036395,-0.004409,10.640536,3.164184
67.372752,-6.813724,9.111329,-3.036834,-0.004390,10.670220,3.146375
67.472712,-6.913138,9.100898,-3.037272,-0.004371,10.699655,3.128708
67.572672,-7.012556,9.090511,-3.037708,-0.004351,10.728844,3.111181
67.672631,-7.111979,9.080167,-3.038142,-0.004332,10.757792,3.093794
67.772591,-7.211406,9.069866,-3.038574,-0.004313,10.786500,3.076543
67.872550,-7.310838,9.059608,-3.039004,-0.004294,10.814973,3.059428
67.972510,-7.410275,9.049393,-3.039433,-0.004274,10.843214,3.042447
68.072469,-7.509715,9.039220,-3.039859,-0.004255,10.871225,3.025597
68.172429,-7.609160,9.029089,-3.040283,-0.004236,10.899009,3.008877
68.272389,-7.708609,9.019000,-3.040706,-0.004217,10.926570,2.992287
68.372348,-7.808063,9.008954,-3.041126,-0.004197,10.953910,2.975823
68.472308,-7.907520,8.998949,-3.041545,-0.004178,10.981033,2.959485
68.572267,-8.006982,8.988986,-3.041962,-0.004159,11.007940,2.943271
68.672227,-8.106448,8.979064,-3.042376,-0.004140,11.034634,2.927179
68.772187,-8.205918,8.969183,-3.042789,-0.004121,11.061119,2.911208
68.872146,-8.305392,8.959343,-3.043200,-0.004101,11.087396,2.895357
68.972106,-8.404870,8.949544,-3.043609,-0.004082,11.113469,2.879625
69.072065,-8.504352,8.939786,-3.044016,-0.004062,11.139340,2.864009
69.172025,-8.603838,8.930067,-3.044421,-0.004043,11.165010,2.848508
69.271984,-8.703328,8.920390,-3.044825,-0.004026,11.190484,2.833122
69.371944,-8.802822,8.910752,-3.045226,-0.004009,11.215762,2.817848
69.471904,-8.902320,8.901154,-3.045626,-0.003995,11.240848,2.802686
69.571863,-9.001821,8.891596,-3.046025,-0.003982,11.265743,2.787634
69.671823,-9.101327,8.882077,-3.046422,-0.003969,11.290451,2.772692
69.771782,-9.200836,8.872598,-3.046818,-0.003955,11.314972,2.757857
69.871742,-9.300349,8.863158,-3.047213,-0.003942,11.339310,2.743128
69.971701,-9.399865,8.853758,-3.047606,-0.003928,11.363465,2.728505
70.071661,-9.499386,8.844396,-3.047998,-0.003915,11.387442,2.713987
70.171621,-9.598909,8.835073,-3.048389,-0.003901,11.411240,2.699571
70.271580,-9.698437,8.825790,-3.048778,-0.003888,11.434863,2.685258
70.371540,-9.797968,8.816545,-3.049166,-0.003874,11.458313,2.671045
70.471499,-9.897503,8.807338,-3.049553,-0.003861,11.481591,2.656932
70.571459,-9.997041,8.798170,-3.049938,-0.003847,11.504699,2.642918
70.671418,-10.096583,8.789040,-3.050322,-0.003834,11.527639,2.629002
70.771378,-10.196128,8.779949,-3.050704,-0.003820,11.550414,2.615182
70.871338,-10.295677,8.770895,-3.051086,-0.003807,11.573024,2.601458
70.971297,-10.395229,8.761879,-3.051466,-0.003793,11.595472,2.587828
71.071257,-10.494784,8.752901,-3.051844,-0.003780,11.617759,2.574293
71.171216,-10.594343,8.743961,-3.052221,-0.003766,11.639887,2.560850
71.271176,-10.693906,8.735058,-3.052597,-0.003753,11.661858,2.547499
71.371135,-10.793471,8.726192,-3.052972,-0.003739,11.683673,2.534238
71.471095,-10.893040,8.717364,-3.053345,-0.003726,11.705335,2.521068
71.571055,-10.992613,8.708573,-3.053716,-0.003712,11.726844,2.507986
71.671014,-11.092188,8.699818,-3.054087,-0.003699,11.748203,2.494993
71.770974,-11.191767,8.691101,-3.054456,-0.003685,11.769412,2.482087
71.870933,-11.291349,8.682420,-3.054824,-0.003672,11.790474,2.469267
71.970893,-11.390934,8.673776,-3.055190,-0.003658,11.811390,2.456532
72.070852,-11.490522,8.665168,-3.055555,-0.003645,11.832162,2.443883
72.170812,-11.590113,8.656596,-3.055919,-0.003631,11.852790,2.431317
72.270772,-11.689708,8.648061,-3.056281,-0.003618,11.873276,2.418834
72.370731,-11.789305,8.639561,-3.056642,-0.003604,11.893623,2.406434
72.470691,-11.888906,8.631098,-3.057002,-0.003591,11.913830,2.394114
72.570650,-11.988510,8.622670,-3.057360,-0.003577,11.933901,2.381876
72.670610,-12.088116,8.614278,-3.057717,-0.003564,11.953835,2.369717
72.770569,-12.187726,8.605921,-3.058072,-0.003550,11.973634,2.357638
72.870529,-12.287339,8.597600,-3.058426,-0.003537,11.993300,2.345636
72.970489,-12.386954,8.589314,-3.058779,-0.003523,12.012835,2.333713
73.070448,-12.486573,8.581063,-3.059131,-0.003510,12.032238,2.321866
73.170408,-12.586194,8.572847,-3.059481,-0.003496,12.051512,2.310096
73.270367,-12.685818,8.564666,-3.059830,-0.003483,12.070657,2.298401
73.370327,-12.785445,8.556519,-3.060177,-0.003469,12.089676,2.286781
73.470286,-12.885075,8.548407,-3.060523,-0.003456,12.108569,2.275234
73.570246,-12.984708,8.540330,-3.060868,-0.003442,12.127337,-1.286061
73.670206,-13.084343,8.532286,-3.061212,-0.003429,12.116732,-12.064194
73.770165,-13.183982,8.524277,-3.061554,-0.003415,12.016793,-12.065091
73.870125,-13.283622,8.516302,-3.061894,-0.003402,11.916009,-12.065925
73.970084,-13.383266,8.508361,-3.062234,-0.003388,11.814359,-12.066693
74.070044,-13.482912,8.500453,-3.062572,-0.003375,11.711819,-12.067390
74.170003,-13.582561,8.492579,-3.062908,-0.003361,11.608368,-12.068024
74.269963,-13.682213,8.484739,-3.063244,-0.003347,11.503981,-12.068610
74.369923,-13.781867,8.476932,-3.063577,-0.003334,11.398633,-12.069125
74.469882,-13.881524,8.469158,-3.063910,-0.003321,11.292297,-12.069515
74.569842,-13.981183,8.461417,-3.064241,-0.003307,11.184948,-12.069859
74.669801,-14.080845,8.453709,-3.064571,-0.003293,11.076554,-12.070337
74.769761,-14.180510,8.446034,-3.064900,-0.003278,10.967086,-12.070311
74.869720,-14.280177,8.438392,-3.065227,-0.003269,10.856513,-12.070092
74.969680,-14.379846,8.430782,-3.065553,-0.003259,10.744805,-12.070092
75.069640,-14.479518,8.423205,-3.065877,-0.003230,10.631923,-12.071204
75.169599,-14.579193,8.415659,-3.066199,-0.003222,10.517820,-12.048512
75.269559,-14.678869,8.408147,-3.066531,-0.003418,10.402682,-12.016299
75.369518,-14.778549,8.400668,-3.066883,-0.003712,10.286570,-11.885257
75.469478,-14.878229,8.393228,-3.067317,-0.004975,10.170419,-11.789877
75.569437,-14.977916,8.385837,-3.067876,-0.005945,10.053875,-11.789802
75.669397,-15.077602,8.378502,-3.068381,-0.004163,9.935965,-11.970645
75.769357,-15.177299,8.371207,-3.068708,-0.002241,9.814797,-12.156586
75.869316,-15.276991,8.363934,-3.068771,0.000961,9.690196,-11.973295
75.969276,-15.376688,8.356651,-3.068515,0.004158,9.565888,-11.692178
76.069235,-15.476376,8.349327,-3.067942,0.007318,9.442919,-11.425407
76.169195,-15.576065,8.341930,-3.067052,0.010479,9.321189,-11.171270
76.269155,-15.675739,8.334429,-3.065846,0.013656,9.200609,-10.930941
76.369114,-15.775409,8.326791,-3.064322,0.016829,9.081074,-10.704838
76.469074,-15.875061,8.318986,-3.062482,0.019990,8.962466,-10.491458
76.569033,-15.974702,8.310981,-3.060326,0.023150,8.844680,-10.289995
76.668993,-16.074319,8.302746,-3.057854,0.026315,8.727611,-10.101072
76.768952,-16.173920,8.294249,-3.055065,0.029474,8.611144,-9.926774
76.868912,-16.273490,8.285459,-3.051963,0.032594,8.495131,-9.758860
76.968872,-16.373035,8.276344,-3.048549,0.035784,8.379514,-9.565148
77.068831,-16.472542,8.266873,-3.044785,0.039513,8.264624,-9.381681
77.168791,-16.572016,8.257008,-3.040649,0.043281,8.150364,-9.188978
77.268750,-16.671436,8.246714,-3.036118,0.047386,8.036876,-8.995009
77.368710,-16.770820,8.235948,-3.031175,0.051721,7.924210,-8.695569
77.468669,-16.870130,8.224667,-3.025692,0.057988,7.813750,-8.408701
77.568629,-16.969395,8.212808,-3.019582,0.064352,7.705428,-8.091119
77.668589,-17.068560,8.200313,-3.012790,0.071545,7.599741,-7.791989
77.768548,-17.167653,8.187105,-3.005278,0.078744,7.496552,-7.507210
77.868508,-17.266620,8.173121,-2.997045,0.086005,7.395773,-7.239341
77.968467,-17.365482,8.158284,-2.988084,0.093268,7.297272,-6.985178
78.068427,-17.464182,8.142529,-2.978397,0.100577,7.200951,-6.746047
78.168386,-17.562737,8.125779,-2.967977,0.107894,7.106690,-6.518541
78.268346,-17.661088,8.107971,-2.956824,0.115273,7.014404,-6.304560
78.368306,-17.759245,8.089027,-2.944931,0.122666,6.923977,-6.100419
78.468265,-17.857144,8.068884,-2.932298,0.130136,6.835339,-5.908509
78.568225,-17.954791,8.047466,-2.918914,0.137625,6.748381,-5.725557
78.668184,-18.052115,8.024711,-2.904780,0.145195,6.663032,-5.553821
78.768144,-18.149118,8.000541,-2.889886,0.152788,6.579185,-5.389888
78.868103,-18.245720,7.974897,-2.874231,0.160473,6.496779,-5.235848
78.968063,-18.341919,7.947702,-2.857803,0.168198,6.415714,-5.086156
79.068023,-18.437627,7.918899,-2.840598,0.176089,6.335974,-4.945615
79.167982,-18.532833,7.888409,-2.822598,0.184028,6.257463,-4.811152
79.267942,-18.627441,7.856181,-2.803803,0.192085,6.180130,-4.685726
79.367901,-18.721434,7.822134,-2.784195,0.200184,6.103871,-4.572925
79.467861,-18.814705,7.786222,-2.763786,0.208226,6.028517,-4.467973
79.567820,-18.907231,7.748367,-2.742564,0.216336,5.953973,-4.372611
79.667780,-18.998893,7.708530,-2.720536,0.224466,5.880104,-4.284045
79.767740,-19.089662,7.666636,-2.697685,0.232696,5.806820,-4.199491
79.867699,-19.179408,7.622654,-2.674009,0.241110,5.734073,-4.121502
79.967659,-19.268092,7.576509,-2.649479,0.249642,5.661769,-4.047074
80.067618,-19.355572,7.528180,-2.624093,0.258388,5.589861,-3.978430
80.167578,-19.441800,7.477592,-2.597817,0.267290,5.518259,-3.916023
80.267537,-19.526619,7.424735,-2.570652,0.276345,5.446861,-3.859700
80.367497,-19.609972,7.369538,-2.542564,0.285570,5.375562,-3.800634
80.467457,-19.691689,7.312003,-2.513541,0.295276,5.304417,-3.746012
80.567416,-19.771698,7.252062,-2.483524,0.305239,5.233349,-3.702763
80.667376,-19.849816,7.189728,-2.452520,0.315234,5.162140,-3.664874
80.767335,-19.925955,7.124943,-2.420493,0.325499,5.090679,-3.628385
80.867295,-19.999922,7.057737,-2.387431,0.336210,5.018927,-3.596092
80.967254,-20.071611,6.988062,-2.353266,0.347293,4.946787,-3.530894
81.067214,-20.140818,6.915959,-2.317918,0.360238,4.874916,-3.465130
81.167174,-20.207400,6.841392,-2.281230,0.373788,4.803339,-3.464231
81.267133,-20.271134,6.764417,-2.243318,0.384733,4.730697,-3.474320
81.367093,-20.331880,6.685022,-2.204304,0.395775,4.656706,-3.148087
81.467052,-20.389422,6.603270,-2.163412,0.424273,4.588633,-2.709930
81.567012,-20.443428,6.519175,-2.119400,0.456735,4.529214,-2.294459
81.666971,-20.493563,6.432668,-2.072166,0.487810,4.478290,-1.854128
81.766931,-20.539390,6.343879,-2.021851,0.519293,4.436711,-1.786534
81.866891,-20.580616,6.252844,-1.970616,0.498375,4.396276,-2.356590
81.966850,-20.617263,6.159852,-1.922264,0.469195,4.342362,-2.992675
82.066810,-20.649471,6.065147,-1.874413,0.497207,4.272917,-2.461715
82.166769,-20.676895,5.969081,-1.822598,0.540760,4.214935,-2.139607
82.266729,-20.699134,5.871530,-1.766772,0.572584,4.163884,-1.836820
82.366688,-20.715721,5.773066,-1.708097,0.602732,4.119552,-1.587593
82.466648,-20.726368,5.673667,-1.646474,0.629111,4.080848,-1.341476
82.566608,-20.730744,5.573873,-1.582356,0.654365,4.047855,-0.966394
82.666567,-20.728569,5.473612,-1.515342,0.685292,4.023920,-0.062547
82.766527,-20.719560,5.374285,-1.444403,0.741683,4.022366,-0.062547
82.866486,-20.703262,5.275620,-1.370278,0.721198,4.020811,0.277945
82.966446,-20.679995,5.178642,-1.301509,0.653092,4.027715,1.342506
83.066405,-20.650281,5.083170,-1.236308,0.664771,4.060897,0.973596
83.166365,-20.614304,4.989966,-1.167723,0.712178,4.084792,0.052440
83.266325,-20.571809,4.899334,-1.097615,0.680042,4.086075,0.581466
83.366284,-20.523431,4.812093,-1.032171,0.630230,4.100275,1.339423
83.466244,-20.469700,4.728044,-0.973122,0.552461,4.132799,2.497915
83.566203,-20.411200,4.646785,-0.921875,0.470641,4.192781,3.658449
83.666163,-20.349025,4.568484,-0.878820,0.392862,4.279113,4.735599
83.766123,-20.283827,4.492704,-0.842892,0.331210,4.388342,5.547258
83.866082,-20.216137,4.419157,-0.811329,0.298778,4.512931,5.836183
83.966042,-20.146361,4.347736,-0.783454,0.257910,4.640400,6.363097
84.066001,-20.074779,4.278138,-0.759974,0.212844,4.775502,6.549423
84.165961,-20.001557,4.209918,-0.740831,0.170641,4.910679,6.474394
84.265920,-19.927339,4.143103,-0.725718,0.132125,5.040747,6.402068
84.365880,-19.852117,4.077163,-0.714404,0.094259,5.166142,6.332216
84.465840,-19.776397,4.012038,-0.706831,0.057556,5.287244,6.264640
84.565799,-19.700169,3.947236,-0.702878,0.021411,5.404385,6.199168
84.665759,-19.623920,3.882698,-0.702540,-0.014517,5.517853,6.135646
84.765718,-19.547651,3.817953,-0.705762,-0.049764,5.627907,-9.246559
84.865678,-19.471803,3.752914,-0.712467,-0.084383,5.461206,-8.778371
84.965637,-19.396412,3.687156,-0.722626,-0.118638,5.298095,-8.060052
85.065597,-19.321877,3.620571,-0.736187,-0.152777,5.143778,-7.420969
85.165557,-19.248335,3.552824,-0.753185,-0.187211,4.997485,-6.868864
85.265516,-19.176113,3.483753,-0.773600,-0.221272,4.858152,-6.299057
85.365476,-19.105383,3.413046,-0.797468,-0.259029,4.726768,-5.506482
85.465435,-19.036518,3.340525,-0.825873,-0.309566,4.608849,-4.866699
85.565395,-18.969964,3.265942,-0.859391,-0.355805,4.502060,-4.700010
85.665354,-18.906055,3.189009,-0.896266,-0.381538,4.396467,-4.516267
85.765314,-18.845214,3.109809,-0.935687,-0.410016,4.292555,-4.192294
85.865274,-18.787600,3.028071,-0.978571,-0.447790,4.193794,-3.840507
85.965233,-18.733742,2.943897,-1.025283,-0.488969,4.101234,-3.313641
86.065193,-18.684008,2.857076,-1.076786,-0.541466,4.019659,-2.740306
86.165152,-18.639136,2.767862,-1.133706,-0.597062,3.950927,-2.252885
86.265112,-18.599602,2.675997,-1.195920,-0.646840,3.893511,-1.751192
86.365071,-18.566131,2.581904,-1.262970,-0.695917,3.848289,-1.052873
86.465031,-18.539248,2.485552,-1.335396,-0.753729,3.820843,-0.351001
86.564991,-18.519737,2.387648,-1.413709,-0.805660,3.811649,-0.056122
86.664950,-18.508128,2.288407,-1.495331,-0.826592,3.810177,-0.056122
86.764910,-18.504734,2.188687,-1.578120,-0.818418,3.808704,0.071761
86.864869,-18.509482,2.088893,-1.657880,-0.778267,3.810587,0.642976
86.964829,-18.521974,1.989736,-1.733624,-0.733693,3.827417,1.195419
87.064788,-18.541701,1.891754,-1.804531,-0.686026,3.858511,1.728812
87.164748,-18.568101,1.795350,-1.870813,-0.636762,3.903041,2.240846
87.264708,-18.600576,1.700823,-1.931723,-0.582281,3.960015,2.808205
87.364667,-18.638495,1.608353,-1.987323,-0.530614,4.030277,3.318369
87.464627,-18.681277,1.518000,-2.037894,-0.481511,4.111756,3.793959
87.564586,-18.728350,1.429828,-2.083665,-0.434106,4.202978,4.263212
87.664546,-18.779213,1.343767,-2.124703,-0.387065,4.303175,4.761010
87.764505,-18.833341,1.259788,-2.161344,-0.349802,4.412384,5.114401
87.864465,-18.890406,1.177704,-2.194719,-0.317824,4.526765,5.408060
87.964425,-18.950032,1.097493,-2.224714,-0.280450,4.644650,5.866516
88.064384,-19.011914,1.018946,-2.250793,-0.241461,4.769235,6.419893
88.164344,-19.075666,0.941926,-2.273008,-0.202479,4.901945,6.479246
88.264303,-19.140954,0.866226,-2.291270,-0.162914,5.032334,6.406750
88.364263,-19.207463,0.791604,-2.305701,-0.127162,5.158025,6.336741
88.464222,-19.274920,0.717831,-2.316735,-0.093623,5.279399,6.269021
88.564182,-19.343075,0.644679,-2.324382,-0.058872,5.396791,6.203415
88.664142,-19.411645,0.571945,-2.328496,-0.023438,5.510493,6.139769
88.764101,-19.480404,0.499352,-2.329082,0.011528,5.620765,-6.957864
88.864061,-19.549051,0.426710,-2.326191,0.046355,5.495633,-9.775792
88.964020,-19.617391,0.353717,-2.319767,0.082606,5.314849,-8.928606
89.063980,-19.685092,0.280198,-2.309651,0.119931,5.144183,-8.205438
89.163939,-19.751941,0.205835,-2.295803,0.156736,4.982188,-7.584096
89.263899,-19.817574,0.130483,-2.278315,0.193341,4.827627,-7.010595
89.363859,-19.881765,0.053842,-2.257097,0.231646,4.680217,-6.498149
89.463818,-19.944138,-0.024231,-2.231989,0.270877,4.539309,-6.036603
89.563778,-20.004403,-0.104002,-2.202907,0.311281,4.404373,-5.620858
89.663737,-20.062129,-0.185573,-2.169725,0.352934,4.274901,-5.101897
89.763697,-20.116916,-0.269100,-2.132051,0.403644,4.153891,-4.633796
89.863656,-20.168321,-0.354816,-2.089102,0.454993,4.040845,-4.372263
89.963616,-20.215787,-0.442782,-2.041446,0.497432,3.931199,-4.093036
90.063576,-20.258829,-0.533028,-1.989432,0.544105,3.825709,-3.519391
90.163535,-20.296898,-0.625535,-1.931783,0.612560,3.732621,-2.863561
90.263495,-20.329182,-0.720053,-1.866840,0.687732,3.655130,-2.131876
90.363454,-20.354919,-0.816652,-1.794192,0.766839,3.596356,-1.240236
90.463414,-20.373164,-0.914861,-1.713347,0.852038,3.561717,-1.179246
90.563374,-20.383108,-1.014383,-1.627748,0.844107,3.528466,-1.451784
90.663333,-20.384616,-1.114233,-1.544315,0.828666,3.487096,-1.547580
90.763293,-20.377760,-1.213993,-1.458984,0.885893,3.442448,-0.989450
90.863252,-20.362139,-1.312593,-1.367314,0.948764,3.413596,-0.582096
90.963212,-20.337298,-1.409235,-1.270355,0.993606,3.396507,-0.044563
91.063171,-20.302906,-1.503175,-1.168551,1.041002,3.395196,-0.044563
91.163131,-20.259214,-1.592820,-1.066793,0.997917,3.393883,0.461018
91.263091,-20.206593,-1.677999,-0.968570,0.965915,3.407435,0.740253
